{"hive.sg.launchpad.vertical.launch":{"category":"neutral","sounds":[{"name":"sounds/hive/launchpad/vertical"}]},"hive.sg.launchpad.normal.launch":{"category":"neutral","sounds":[{"name":"sounds/hive/launchpad/normal"}]},"hive.sg.flare.throw":{"category":"neutral","sounds":[{"name":"sounds/hive/flare/throw"}]},"hive.sg.crate.land":{"category":"neutral","sounds":[{"name":"sounds/hive/crate/land"}]},"hive.sg.crate.open":{"category":"neutral","sounds":[{"name":"sounds/hive/crate/open"}]},"hive.sg.activity.detected":{"category":"neutral","sounds":[{"name":"sounds/hive/activity/detected"}]}}