{"format_version":"1.8.0","render_controllers":{"controller.render.hive.sky.death.crate":{"arrays":{"textures":{"array.textures":["Texture.default","Texture.package","Texture.trash_can","Texture.adventurers_backpack","Texture.sunken_chest","Texture.grand_ender_chest","Texture.barrel","Texture.cat_chest","Texture.royal_chest","Texture.toolbox","Texture.dark_magma","Texture.golden_pegasus","Texture.present","Texture.ice_chest"]},"geometries":{"array.geometries":["Geometry.default","Geometry.package","Geometry.trash_can","Geometry.adventurers_backpack","Geometry.sunken_chest","Geometry.grand_ender_chest","Geometry.barrel","Geometry.cat_chest","Geometry.royal_chest","Geometry.toolbox","Geometry.dark_magma","Geometry.golden_pegasus","Geometry.present","Geometry.ice_chest"]}},"geometry":"array.geometries[query.variant]","materials":[{"*":"Material.default"}],"textures":["array.textures[query.variant]"]}}}