{"format_version":"1.8.0","render_controllers":{"controller.render.hive.sky.island.flag":{"arrays":{"textures":{"array.textures":["Texture.jack_o_lantern","Texture.slime_monster","Texture.penguin","Texture.mailbot_winter","Texture.grumpus","Texture.eggman","Texture.sonic","Texture.default","Texture.cat","Texture.money","Texture.earth","Texture.star","Texture.pirate","Texture.sun","Texture.royal","Texture.tree","Texture.creeper","Texture.unicorn","Texture.moon","Texture.nether","Texture.bee","Texture.marooned","Texture.sealife","Texture.donut","Texture.junkyard","Texture.heart_of_gold","Texture.solar_system","Texture.dealt_hand","Texture.pirate_tavern","Texture.daisy","Texture.sunflower","Texture.cosy_home"]},"geometries":{"array.geometries":["Geometry.default","Geometry.donut","Geometry.junkyard","Geometry.heart_of_gold","Geometry.solar_system","Geometry.dealt_hand","Geometry.pirate_tavern","Geometry.cosy_home"]}},"geometry":"array.geometries[query.mark_variant]","materials":[{"*":"Material.default"}],"textures":["array.textures[query.variant]"]}}}