{"format_version":"1.8.0","render_controllers":{"controller.render.hive.sky.spawn.vehicle":{"arrays":{"textures":{"array.textures":["Texture.hearse","Texture.broomstick","Texture.sleigh","Texture.winter_magic","Texture.eggman","Texture.cloud","Texture.hoverboard","Texture.money","Texture.drone","Texture.pig","Texture.carpet","Texture.balloon","Texture.umbrella","Texture.ufo","Texture.parachute","Texture.hovercar","Texture.island","Texture.flamingo_floaty","Texture.rubber_ducky","Texture.star_speeder","Texture.sorcery","Texture.ghastly","Texture.big_cat","Texture.solar_orbit","Texture.hoverbike","Texture.pegasus","Texture.pirate_galleon"]},"geometries":{"array.geometries":["Geometry.hearse","Geometry.broomstick","Geometry.sleigh","Geometry.winter_magic","Geometry.eggman","Geometry.cloud","Geometry.hoverboard","Geometry.money","Geometry.drone","Geometry.pig","Geometry.carpet","Geometry.balloon","Geometry.umbrella","Geometry.ufo","Geometry.parachute","Geometry.hovercar","Geometry.island","Geometry.flamingo_floaty","Geometry.rubber_ducky","Geometry.star_speeder","Geometry.sorcery","Geometry.ghastly","Geometry.big_cat","Geometry.solar_orbit","Geometry.hoverbike","Geometry.pegasus","Geometry.pirate_galleon"]}},"geometry":"array.geometries[query.variant]","materials":[{"*":"query.is_baby ? Material.blend : Material.default"}],"textures":["array.textures[query.variant]"]}}}