{"format_version":"1.10.0","particle_effect":{"description":{"identifier":"hivesky:void_warp","basic_render_parameters":{"material":"particles_alpha","texture":"textures/particle/hive/sky/spawnvehicles/sorcery_magic"}},"components":{"minecraft:emitter_local_space":{"position":true,"rotation":false},"minecraft:emitter_rate_steady":{"spawn_rate":30,"max_particles":100},"minecraft:emitter_lifetime_once":{"active_time":1.5},"minecraft:emitter_shape_point":{"offset":["math.cos(variable.emitter_age*800)*0.7","(math.cos(variable.emitter_age*250)*0.9) - 0.75","math.sin(variable.emitter_age*800)*0.7"]},"minecraft:particle_lifetime_expression":{"max_lifetime":2},"minecraft:particle_initial_spin":{"rotation_rate":"math.random(-80,80)"},"minecraft:particle_initial_speed":0.2,"minecraft:particle_motion_dynamic":{"linear_drag_coefficient":1},"minecraft:particle_appearance_billboard":{"size":["variable.particle_age \u003e 0.5 ? (1-(variable.particle_age/variable.particle_lifetime))*0.1 : variable.particle_age*0.2","variable.particle_age \u003e 0.5 ? (1-(variable.particle_age/variable.particle_lifetime))*0.1 : variable.particle_age*0.2"],"facing_camera_mode":"lookat_xyz","uv":{"texture_width":8,"texture_height":48,"flipbook":{"base_UV":[0,0],"size_UV":[8,8],"step_UV":[0,8],"frames_per_second":4,"max_frame":5,"stretch_to_lifetime":true}}},"minecraft:particle_appearance_tinting":{"color":{"interpolant":"variable.particle_age","gradient":{"0.0":"#FF8D03F5","1.0":"#FF360049"}}}}}}