{"format_version":"1.8.0","animations":{"animation.hive.ctf.capture.zone.spawn":{"loop":"hold_on_last_frame","animation_length":1.2,"bones":{"root":{"scale":{"0.0":[1,0,1],"0.04":[1,0.0333,1],"0.12":[1,0.1,1],"0.2":[1,0.4,1],"0.32":[1,1.2025,1],"0.4":[1,1.2783,1],"0.48":[1,1.184,1],"0.6":[1,0.905,1],"0.8":[1,0.9833,1],"0.92":[1,0.9917,1],"1.2":[1,1,1]}}}},"animation.hive.ctf.capture.zone.scale":{"loop":true},"animation.hive.ctf.capture.zone.idle":{"loop":true,"bones":{"root":{"rotation":[0,"query.anim_time * 10",0],"scale":["query.mark_variant !\u003d 0 ? ((query.mark_variant / 2) / 1.5) : 1","1 + (math.cos(query.anim_time * 100) * 0.10)","query.mark_variant !\u003d 0 ? ((query.mark_variant / 2) / 1.5) : 1"]}}}}}