{"minecraft:geometry":[{"description":{"identifier":"geometry.hive.territory.powerup.blindness.projectile","texture_width":64,"texture_height":64,"visible_bounds_width":3,"visible_bounds_height":4,"visible_bounds_offset":[0,1,0]},"bones":[{"name":"root","pivot":[0,0,0]},{"name":"explosiveegg","parent":"root","pivot":[0,0,0],"cubes":[{"origin":[-6,0,-6],"size":[12,12,12],"uv":[0,0]}]},{"name":"pupil","parent":"explosiveegg","pivot":[0,6,-6],"cubes":[{"origin":[-3,3,-7],"size":[6,6,1],"uv":[0,24]},{"origin":[-3,3,-7],"size":[6,6,1],"pivot":[0,0,0],"rotation":[0,180,0],"uv":[0,24]}]},{"name":"shine","parent":"pupil","pivot":[0.5,6.5,-7.075],"cubes":[{"origin":[0,6,-7.075],"size":[1,1,0],"uv":[8,27]},{"origin":[0,6,-9.2],"size":[1,1,0],"pivot":[0.5,0.5,-1.075],"rotation":[0,180,0],"uv":[8,27]}]}]}],"format_version":"1.12.0"}