{"minecraft:geometry":[{"description":{"identifier":"geometry.hive.territory.powerup.explosive.projectile","texture_width":64,"texture_height":64,"visible_bounds_width":3,"visible_bounds_height":4,"visible_bounds_offset":[0,1,0]},"bones":[{"name":"root","pivot":[0,0,0]},{"name":"explosiveegg","parent":"root","pivot":[0,0,0]},{"name":"mid","parent":"explosiveegg","pivot":[0,5,0],"cubes":[{"origin":[-6,0,-6],"size":[12,12,12],"uv":[0,0]},{"origin":[-2,12,-2],"size":[4,2,4],"uv":[0,24]},{"origin":[-1,14,0],"size":[5,6,0],"pivot":[-1,14,0],"rotation":[0,0,12.5],"uv":[0,0]}]}]}],"format_version":"1.12.0"}