{"minecraft:geometry":[{"description":{"identifier":"geometry.hive.territory.powerup.imposter","texture_width":64,"texture_height":64,"visible_bounds_width":3,"visible_bounds_height":4,"visible_bounds_offset":[0,1,0]},"bones":[{"name":"root","pivot":[0,0,0]},{"name":"imposter","parent":"root","pivot":[0,11,-1.85],"rotation":[10,0,0],"cubes":[{"origin":[-9,9,-4],"size":[18,7,3],"uv":{"north":{"uv":[3,3],"uv_size":[18,7]},"east":{"uv":[0,3],"uv_size":[3,7]},"south":{"uv":[24,3],"uv_size":[18,7]},"west":{"uv":[21,3],"uv_size":[3,7]},"up":{"uv":[3,0],"uv_size":[18,3]},"down":{"uv":[21,3],"uv_size":[18,-3]}}},{"origin":[-11,1,-3],"size":[11,9,0],"pivot":[0,7,-3],"rotation":[0,0,-7.5],"uv":{"north":{"uv":[13,48],"uv_size":[-11,9]},"east":{"uv":[13,48],"uv_size":[0,9]},"south":{"uv":[24,48],"uv_size":[-11,9]},"west":{"uv":[2,48],"uv_size":[0,9]},"up":{"uv":[13,48],"uv_size":[-11,0]},"down":{"uv":[24,48],"uv_size":[-11,0]}}},{"origin":[0,1,-3],"size":[11,9,0],"pivot":[0,7,-3],"rotation":[0,0,7.5],"uv":{"north":{"uv":[2,48],"uv_size":[11,9]},"east":{"uv":[2,48],"uv_size":[0,9]},"south":{"uv":[13,48],"uv_size":[11,9]},"west":{"uv":[13,48],"uv_size":[0,9]},"up":{"uv":[2,48],"uv_size":[11,0]},"down":{"uv":[13,48],"uv_size":[11,0]}}},{"origin":[-2,6,-6],"size":[4,7,4],"pivot":[0,13,-4],"rotation":[-10,0,0],"uv":{"north":{"uv":[22,22],"uv_size":[4,7]},"east":{"uv":[18,22],"uv_size":[4,7]},"south":{"uv":[30,22],"uv_size":[4,7]},"west":{"uv":[26,22],"uv_size":[4,7]},"up":{"uv":[22,18],"uv_size":[4,4]},"down":{"uv":[26,22],"uv_size":[4,-4]}}},{"origin":[-4,6,-5],"size":[2,3,3],"pivot":[0,13,-4],"rotation":[-10,0,0],"uv":{"north":{"uv":[16,35],"uv_size":[2,3]},"east":{"uv":[13,35],"uv_size":[3,3]},"south":{"uv":[21,35],"uv_size":[2,3]},"west":{"uv":[18,35],"uv_size":[3,3]},"up":{"uv":[16,32],"uv_size":[2,3]},"down":{"uv":[18,35],"uv_size":[2,-3]}}},{"origin":[2,6,-5],"size":[2,3,3],"pivot":[0,13,-4],"rotation":[-10,0,0],"uv":{"north":{"uv":[18,35],"uv_size":[-2,3]},"east":{"uv":[21,35],"uv_size":[-3,3]},"south":{"uv":[23,35],"uv_size":[-2,3]},"west":{"uv":[16,35],"uv_size":[-3,3]},"up":{"uv":[18,32],"uv_size":[-2,3]},"down":{"uv":[20,35],"uv_size":[-2,-3]}}},{"origin":[-9,10,-1],"size":[0,6,9],"pivot":[-9,13,-1],"rotation":[0,10,0],"uv":{"north":{"uv":[9,24],"uv_size":[0,6]},"east":{"uv":[0,24],"uv_size":[9,6]},"south":{"uv":[18,24],"uv_size":[0,6]},"west":{"uv":[9,24],"uv_size":[9,6]},"up":{"uv":[9,15],"uv_size":[0,9]},"down":{"uv":[9,24],"uv_size":[0,-9]}}},{"origin":[9,10,-1],"size":[0,6,9],"pivot":[9,12,-1],"rotation":[0,-10,0],"uv":{"north":{"uv":[9,24],"uv_size":[0,6]},"east":{"uv":[18,24],"uv_size":[-9,6]},"south":{"uv":[18,24],"uv_size":[0,6]},"west":{"uv":[9,24],"uv_size":[-9,6]},"up":{"uv":[9,15],"uv_size":[0,9]},"down":{"uv":[9,24],"uv_size":[0,-9]}}}]},{"name":"eyelid","parent":"imposter","pivot":[0,15,-4.125],"cubes":[{"origin":[-9.05,14,-4.125],"size":[18.1,1,0],"uv":{"north":{"uv":[3,4],"uv_size":[18,1]},"down":{"uv":[21,3],"uv_size":[18,-3]}}},{"origin":[0.85,14,-9.175],"size":[3.15,1,0],"pivot":[0,0,-0.125],"rotation":[0,90,0],"uv":{"north":{"uv":[3,4],"uv_size":[2,1]},"down":{"uv":[21,3],"uv_size":[18,-3]}}},{"origin":[-4,14,-9.175],"size":[3.15,1,0],"pivot":[0,0,-0.125],"rotation":[0,-90,0],"uv":{"north":{"uv":[3,4],"uv_size":[2,1]},"down":{"uv":[21,3],"uv_size":[18,-3]}}}]},{"name":"eyes","parent":"imposter","pivot":[0,11,-4.1],"cubes":[{"origin":[4,9,-4.1],"size":[3,4,0],"uv":{"north":{"uv":[16,10],"uv_size":[3,4]}}},{"origin":[-7,9,-4.1],"size":[3,4,0],"uv":{"north":{"uv":[5,10],"uv_size":[3,4]}}}]},{"name":"eyebrows","parent":"imposter","pivot":[0.5,19.5,-3]},{"name":"eyebrowLeft","parent":"eyebrows","pivot":[6.5,19.5,-3],"rotation":[0,0,-10],"cubes":[{"origin":[2,18,-3],"size":[8,3,0],"uv":{"north":{"uv":[8,30],"uv_size":[-8,3]},"east":{"uv":[8,30],"uv_size":[0,3]},"south":{"uv":[16,30],"uv_size":[-8,3]},"west":{"uv":[0,30],"uv_size":[0,3]},"up":{"uv":[8,30],"uv_size":[-8,0]},"down":{"uv":[16,30],"uv_size":[-8,0]}}}]},{"name":"eyebrowRight","parent":"eyebrows","pivot":[-6.5,19.5,-3],"rotation":[0,0,10],"cubes":[{"origin":[-10,18,-3],"size":[8,3,0],"uv":{"north":{"uv":[0,30],"uv_size":[8,3]},"east":{"uv":[0,30],"uv_size":[0,3]},"south":{"uv":[8,30],"uv_size":[8,3]},"west":{"uv":[8,30],"uv_size":[0,3]},"up":{"uv":[0,30],"uv_size":[8,0]},"down":{"uv":[8,30],"uv_size":[8,0]}}}]}]}],"format_version":"1.12.0"}