{"format_version":"1.8.0","render_controllers":{"controller.render.hive.dr.death.marker":{"arrays":{"textures":{"array.textures":["Texture.aggressive_laugh","Texture.alien","Texture.angel","Texture.angry","Texture.clown","Texture.cry","Texture.flushed","Texture.gg","Texture.grumpy_cat","Texture.hammer","Texture.heart","Texture.kekw","Texture.pin","Texture.present","Texture.rip","Texture.shocked","Texture.skull","Texture.sonic_red_ring","Texture.sonic_sign_post","Texture.sun","Texture.swords","Texture.water_bottle","Texture.zombie"]},"geometries":{"array.geometries":["Geometry.aggressive_laugh","Geometry.alien","Geometry.angel","Geometry.angry","Geometry.clown","Geometry.cry","Geometry.flushed","Geometry.gg","Geometry.grumpy_cat","Geometry.hammer","Geometry.heart","Geometry.kekw","Geometry.pin","Geometry.present","Geometry.rip","Geometry.shocked","Geometry.skull","Geometry.sonic_red_ring","Geometry.sonic_sign_post","Geometry.sun","Geometry.swords","Geometry.water_bottle","Geometry.zombie"]}},"geometry":"array.geometries[query.variant]","materials":[{"*":"Material.default"}],"textures":["array.textures[query.variant]"]}}}