{"format_version":"1.8.0","minecraft:client_entity":{"description":{"identifier":"hivectf:launchpad_mushroom","materials":{"default":"entity_alphatest"},"textures":{"default":"textures/entity/hive/ctf/launchpad/mushroom"},"geometry":{"default":"geometry.hive.ctf.launchpad.mushroom"},"animations":{"launch":"animation.hive.ctf.launchpad.mushroom.launch"},"particle_effects":{"launch":"hivectf:launchpad_mushroom_launch"},"animation_controllers":[{"activate":"controller.animation.hive.ctf.launchpad.launch.particles"}],"render_controllers":["controller.render.default"]}}}