{"format_version":"1.8.0","render_controllers":{"controller.render.hive.territory.projectile":{"arrays":{"textures":{"array.textures":["Texture.eight_ball","Texture.apple","Texture.beach_ball","Texture.cheese_burger","Texture.cupcake","Texture.default_egg","Texture.earth","Texture.grass_block","Texture.puzzle_cube","Texture.blindness_powerup","Texture.explosive_powerup","Texture.knockback_powerup"]},"geometries":{"array.geometries":["Geometry.eight_ball","Geometry.apple","Geometry.beach_ball","Geometry.cheese_burger","Geometry.cupcake","Geometry.default_egg","Geometry.earth","Geometry.grass_block","Geometry.puzzle_cube","Geometry.blindness_powerup","Geometry.explosive_powerup","Geometry.knockback_powerup"]}},"geometry":"array.geometries[query.variant]","materials":[{"*":"Material.default"}],"textures":["array.textures[query.variant]"]}}}