{"format_version":"1.10.0","particle_effect":{"description":{"identifier":"hivesky:ghastly_fire","basic_render_parameters":{"material":"particles_alpha","texture":"textures/particle/hive/sky/spawnvehicles/ghastly_fire"}},"components":{"minecraft:emitter_rate_steady":{"spawn_rate":"math.random(3,5)","max_particles":100},"minecraft:emitter_lifetime_looping":{"active_time":2},"minecraft:emitter_shape_point":{"direction":["variable.particle_random_1 \u003e 0.5 ? math.sin(variable.emitter_age*20)*1 : -math.sin(variable.emitter_age*20)*1",-6,"-math.cos(variable.emitter_age*20)*2"]},"minecraft:particle_lifetime_expression":{"max_lifetime":1.4},"minecraft:particle_initial_spin":{"rotation_rate":"math.random(-80,80)"},"minecraft:particle_initial_speed":0.5,"minecraft:particle_motion_dynamic":{"linear_acceleration":["math.random(-1,1)",0.5,"math.random(-1,1)"],"linear_drag_coefficient":1},"minecraft:particle_appearance_billboard":{"size":["variable.particle_age \u003e 0.4 ? (1-(variable.particle_age/variable.particle_lifetime))*0.2 : variable.particle_age*0.3","variable.particle_age \u003e 0.4 ? (1-(variable.particle_age/variable.particle_lifetime))*0.2 : variable.particle_age*0.3"],"facing_camera_mode":"rotate_xyz","uv":{"texture_width":8,"texture_height":40,"flipbook":{"base_UV":[0,0],"size_UV":[8,8],"step_UV":[0,8],"frames_per_second":6,"max_frame":5,"stretch_to_lifetime":true}}}}}}