{"format_version":"1.10.0","particle_effect":{"description":{"identifier":"hivesky:pegasus","basic_render_parameters":{"material":"particles_alpha","texture":"textures/particle/particles"}},"components":{"minecraft:emitter_initialization":{"creation_expression":"variable.size \u003d 0.08;variable.lifetime \u003d 2.2;"},"minecraft:emitter_rate_steady":{"spawn_rate":8,"max_particles":250},"minecraft:emitter_lifetime_expression":{},"minecraft:emitter_shape_sphere":{"radius":0.2,"direction":"outwards"},"minecraft:particle_lifetime_expression":{"max_lifetime":"variable.lifetime"},"minecraft:particle_initial_spin":{"rotation_rate":200},"minecraft:particle_initial_speed":0.4,"minecraft:particle_motion_dynamic":{"linear_acceleration":[0,-0.3,0],"linear_drag_coefficient":1,"rotation_acceleration":7},"minecraft:particle_appearance_billboard":{"size":["variable.size*(variable.lifetime-variable.particle_age)","variable.size*(variable.lifetime-variable.particle_age)"],"facing_camera_mode":"rotate_xyz","uv":{"texture_width":128,"texture_height":128,"uv":[0,0],"uv_size":[8,8]}},"minecraft:particle_appearance_tinting":{"color":{"interpolant":"variable.particle_age","gradient":{"0.0":"#FF76D8FF","1.0":"#FF1E6AC6"}}}}}}