{"format_version":"1.10.0","particle_effect":{"description":{"identifier":"hivesky:sorcery_enchantment","basic_render_parameters":{"material":"particles_blend","texture":"textures/particle/particles"}},"components":{"minecraft:emitter_rate_steady":{"spawn_rate":20,"max_particles":100},"minecraft:emitter_lifetime_looping":{"active_time":1},"minecraft:emitter_shape_disc":{"offset":[0,"-math.random(0.3,0.8)",0],"radius":0.8,"surface_only":true,"direction":"inwards"},"minecraft:particle_lifetime_expression":{"max_lifetime":0.7},"minecraft:particle_initial_spin":{"rotation_rate":"math.random(-90,90)"},"minecraft:particle_initial_speed":3,"minecraft:particle_motion_dynamic":{"linear_acceleration":[0,-2,0],"linear_drag_coefficient":3},"minecraft:particle_appearance_billboard":{"size":["variable.particle_age \u003e 0.2 ? (1-(variable.particle_age/variable.particle_lifetime))*0.05 : variable.particle_age*0.1","variable.particle_age \u003e 0.2 ? (1-(variable.particle_age/variable.particle_lifetime))*0.05 : variable.particle_age*0.1"],"facing_camera_mode":"rotate_xyz","uv":{"texture_width":128,"texture_height":128,"uv":["variable.particle_random_3 \u003c 0.5 ? Math.round(variable.particle_random_2 * 14) * 8 + 8 : Math.round(variable.particle_random_2 * 10) * 8","variable.particle_random_3 \u003c 0.5 ? 112 : 120"],"uv_size":[8,8]}},"minecraft:particle_appearance_tinting":{"color":[0.82353,1,0.38431,1]}}}}