{"format_version":"1.12.0","minecraft:geometry":[{"description":{"identifier":"geometry.hive.mounts.broomstick","texture_width":80,"texture_height":80,"visible_bounds_width":6,"visible_bounds_height":3,"visible_bounds_offset":[0,0.5,0]},"bones":[{"name":"root","pivot":[0,0,0]},{"name":"broom","parent":"root","pivot":[0,16,0],"cubes":[{"origin":[-1,15,-21],"size":[2,2,31],"uv":[0,0]},{"origin":[-1,15,-15],"size":[2,2,3],"inflate":0.3,"uv":[35,0]},{"origin":[0,12,-30],"size":[0,9,10],"uv":[27,23]},{"origin":[0,8,-26],"size":[0,4,2],"uv":[26,14]}]},{"name":"seat","parent":"broom","pivot":[2,14,9.5],"cubes":[{"origin":[-2,14,-4],"size":[4,4,8],"uv":[56,49]}]},{"name":"cloth","parent":"seat","pivot":[-2,14,0.5],"cubes":[{"origin":[-2,7,-4],"size":[0,7,8],"uv":[36,43]}]},{"name":"end","parent":"broom","pivot":[0,17,13],"cubes":[{"origin":[-1.5,7,13],"size":[3,6,0],"pivot":[1,13,13],"rotation":[-10,0,0],"uv":[23,0]},{"origin":[-3,13,10],"size":[6,6,3],"uv":[35,20]},{"origin":[-5,11,13],"size":[10,10,10],"uv":[35,0]},{"origin":[-5,11,23],"size":[10,10,3],"uv":[0,15]}]},{"name":"end2","parent":"end","pivot":[0,20,23],"rotation":[-7.5,0,0],"cubes":[{"origin":[-4,12,23],"size":[8,8,7],"uv":[0,0]},{"origin":[-4,12,30],"size":[8,8,3],"uv":[53,20]}]},{"name":"lantern","parent":"broom","pivot":[0,15,-13.5],"cubes":[{"origin":[-2,10,-15.5],"size":[4,2,4],"uv":[64,31]},{"origin":[-5,8,-18.5],"size":[10,2,10],"uv":[40,37]},{"origin":[-4,0,-17.5],"size":[8,2,8],"uv":[16,70]},{"origin":[-4,6,-17.5],"size":[8,2,8],"uv":[48,70]}]},{"name":"lanternEmissive","parent":"lantern","pivot":[0,0,0],"cubes":[{"origin":[-3,2,-16.5],"size":[6,6,6],"uv":[56,55]}]},{"name":"pumpkin","parent":"lantern","pivot":[0,15,-13.5],"cubes":[{"origin":[-4,10,-18],"size":[8,2,8],"uv":[0,39]},{"origin":[-6,1,-20],"size":[12,9,12],"uv":[0,49]},{"origin":[-4,0,-18],"size":[8,1,8],"uv":[32,61]},{"origin":[0,12,-15],"size":[0,3,3],"uv":[66,3]}]}]}]}