{"format_version":"1.12.0","minecraft:geometry":[{"description":{"identifier":"geometry.hive.mounts.bumblebee","texture_width":77,"texture_height":66,"visible_bounds_width":5,"visible_bounds_height":4.5,"visible_bounds_offset":[0,1.75,0]},"bones":[{"name":"root","pivot":[0,10,0]},{"name":"body","parent":"root","pivot":[0,10,0],"cubes":[{"origin":[-9,10,-10],"size":[18,17,21],"uv":{"north":{"uv":[36,31],"uv_size":[18,17]},"east":{"uv":[22,0],"uv_size":[21,17]},"south":{"uv":[0,40],"uv_size":[18,17]},"west":{"uv":[43,0],"uv_size":[-21,17]},"up":{"uv":[0,19],"uv_size":[18,21]},"down":{"uv":[18,40],"uv_size":[18,-21]}}}]},{"name":"rear","parent":"body","pivot":[0,25,11],"rotation":[-7.5,0,0],"cubes":[{"origin":[-6,13,11],"size":[12,12,8],"uv":{"north":{"uv":[60,21],"uv_size":[1,3]},"east":{"uv":[48,17],"uv_size":[8,12]},"south":{"uv":[43,0],"uv_size":[12,12]},"west":{"uv":[60,12],"uv_size":[8,12]},"up":{"uv":[36,17],"uv_size":[12,8]},"down":{"uv":[56,32],"uv_size":[12,-8]}}},{"origin":[-2,17,19],"size":[4,4,3],"uv":{"north":{"uv":[67,0],"uv_size":[4,4]},"east":{"uv":[56,16],"uv_size":[3,4]},"south":{"uv":[67,0],"uv_size":[4,4]},"west":{"uv":[56,20],"uv_size":[3,4]},"up":{"uv":[68,15],"uv_size":[4,3]},"down":{"uv":[0,60],"uv_size":[4,-3]}}},{"origin":[0,17,22],"size":[0,4,4],"uv":{"north":{"uv":[0,0],"uv_size":[0,4]},"east":{"uv":[67,4],"uv_size":[4,4]},"south":{"uv":[0,0],"uv_size":[0,4]},"up":{"uv":[0,0],"uv_size":[0,4]},"down":{"uv":[0,4],"uv_size":[0,-4]}}}]},{"name":"saddle","parent":"body","pivot":[0,27,0],"cubes":[{"origin":[-5,26.5,-4.5],"size":[10,3.5,12],"uv":{"north":{"uv":[36,25],"uv_size":[10,3]},"east":{"uv":[43,13],"uv_size":[12,3]},"south":{"uv":[36,28],"uv_size":[10,3]},"west":{"uv":[55,13],"uv_size":[-12,3]},"up":{"uv":[57,0],"uv_size":[10,12]},"down":{"uv":[57,1],"uv_size":[10,-1]}}}]},{"name":"straps","parent":"body","pivot":[0,10,0],"cubes":[{"origin":[-9.5,9.5,-7.5],"size":[0,18,15],"uv":{"north":{"uv":[0,0],"uv_size":[0,18]},"east":{"uv":[62,45],"uv_size":[15,18]},"south":{"uv":[0,0],"uv_size":[0,18]},"up":{"uv":[0,3],"uv_size":[0,-3]},"down":{"uv":[0,3],"uv_size":[0,-3]}}},{"origin":[-9.5,9.5,4.5],"size":[19,0,3],"uv":{"north":{"uv":[0,0],"uv_size":[19,0]},"east":{"uv":[0,0],"uv_size":[3,0]},"south":{"uv":[0,0],"uv_size":[19,0]},"west":{"uv":[0,0],"uv_size":[3,0]},"down":{"uv":[53,63],"uv_size":[-19,-3]}}},{"origin":[4.5,27.5,4.5],"size":[5,0,3],"uv":{"north":{"uv":[22,71],"uv_size":[-5,0]},"east":{"uv":[2,0],"uv_size":[-2,0]},"south":{"uv":[5,0],"uv_size":[-5,0]},"west":{"uv":[2,0],"uv_size":[-2,0]},"up":{"uv":[54,63],"uv_size":[5,-3]}}},{"origin":[9.5,9.5,-7.5],"size":[0,18,15],"uv":{"north":{"uv":[0,0],"uv_size":[0,18]},"south":{"uv":[0,0],"uv_size":[0,18]},"west":{"uv":[77,45],"uv_size":[-15,18]},"up":{"uv":[0,3],"uv_size":[0,-3]},"down":{"uv":[0,3],"uv_size":[0,-3]}}},{"origin":[-9.5,9.5,-7.5],"size":[19,0,3],"uv":{"north":{"uv":[19,0],"uv_size":[-19,0]},"east":{"uv":[3,0],"uv_size":[-3,0]},"south":{"uv":[19,0],"uv_size":[-19,0]},"west":{"uv":[3,0],"uv_size":[-3,0]},"down":{"uv":[53,60],"uv_size":[-19,3]}}},{"origin":[-9.5,27.5,-7.5],"size":[19,0,3],"uv":{"north":{"uv":[0,0],"uv_size":[19,0]},"east":{"uv":[0,0],"uv_size":[3,0]},"south":{"uv":[0,0],"uv_size":[19,0]},"west":{"uv":[0,0],"uv_size":[3,0]},"up":{"uv":[53,63],"uv_size":[-19,-3]}}},{"origin":[9,15,-3],"size":[2,7,6],"uv":{"north":{"uv":[13,57],"uv_size":[-1,7]},"east":{"uv":[13,57],"uv_size":[-1,7]},"south":{"uv":[13,57],"uv_size":[-1,7]},"west":{"uv":[18,57],"uv_size":[-6,7]},"up":{"uv":[13,57],"uv_size":[-1,4]},"down":{"uv":[13,64],"uv_size":[-1,-3]}}},{"origin":[-11,15,-3],"size":[2,7,6],"uv":{"north":{"uv":[12,57],"uv_size":[1,7]},"east":{"uv":[12,57],"uv_size":[6,7]},"south":{"uv":[12,57],"uv_size":[1,7]},"west":{"uv":[12,57],"uv_size":[1,7]},"up":{"uv":[12,57],"uv_size":[1,4]},"down":{"uv":[12,64],"uv_size":[1,-3]}}},{"origin":[-9.5,27.5,4.5],"size":[5,0,3],"uv":{"north":{"uv":[17,71],"uv_size":[5,0]},"east":{"uv":[0,0],"uv_size":[2,0]},"south":{"uv":[0,0],"uv_size":[5,0]},"west":{"uv":[0,0],"uv_size":[2,0]},"up":{"uv":[59,63],"uv_size":[-5,-3]}}}]},{"name":"head","parent":"body","pivot":[0,18,-10],"cubes":[{"origin":[-6.7906,10.99269,-21.79073],"size":[14,13,12],"uv":{"north":{"uv":[18,40],"uv_size":[14,13]},"east":{"uv":[18,53],"uv_size":[12,13]},"south":{"uv":[54,32],"uv_size":[14,13]},"west":{"uv":[30,53],"uv_size":[-12,13]},"up":{"uv":[34,48],"uv_size":[14,12]},"down":{"uv":[48,60],"uv_size":[14,-12]}}}]},{"name":"rightAntenna","parent":"head","pivot":[-3.7906,23.99269,-16.79073],"rotation":[5,0,-5],"cubes":[{"origin":[-4.7906,28.99269,-19.79073],"size":[2,2,2],"uv":{"north":{"uv":[24,17],"uv_size":[2,2]},"east":{"uv":[24,17],"uv_size":[2,2]},"south":{"uv":[24,17],"uv_size":[2,2]},"west":{"uv":[24,17],"uv_size":[2,2]},"up":{"uv":[30,17],"uv_size":[2,2]},"down":{"uv":[32,19],"uv_size":[2,-2]}}},{"origin":[-3.7906,23.99269,-18.79073],"size":[0,5,2],"uv":{"north":{"uv":[0,0],"uv_size":[0,5]},"east":{"uv":[6,57],"uv_size":[2,5]},"south":{"uv":[0,0],"uv_size":[0,5]},"up":{"uv":[0,0],"uv_size":[0,2]},"down":{"uv":[0,2],"uv_size":[0,-2]}}}]},{"name":"leftAntenna","parent":"head","pivot":[4.2094,23.99269,-16.79073],"rotation":[5,0,5],"cubes":[{"origin":[3.2094,28.99269,-19.79073],"size":[2,2,2],"uv":{"north":{"uv":[26,17],"uv_size":[-2,2]},"east":{"uv":[26,17],"uv_size":[-2,2]},"south":{"uv":[26,17],"uv_size":[-2,2]},"west":{"uv":[26,17],"uv_size":[-2,2]},"up":{"uv":[32,17],"uv_size":[-2,2]},"down":{"uv":[34,19],"uv_size":[-2,-2]}}},{"origin":[4.2094,23.99269,-18.79073],"size":[0,5,2],"uv":{"north":{"uv":[0,0],"uv_size":[0,5]},"south":{"uv":[0,0],"uv_size":[0,5]},"west":{"uv":[8,57],"uv_size":[-2,5]},"up":{"uv":[0,0],"uv_size":[0,2]},"down":{"uv":[0,2],"uv_size":[0,-2]}}}]},{"name":"rightEye","parent":"head","pivot":[-6.8006,13.99269,-16.79073],"cubes":[{"origin":[-6.8006,12.99269,-18.79073],"size":[0,5,4],"uv":{"north":{"uv":[0,0],"uv_size":[0,5]},"east":{"uv":[71,10],"uv_size":[4,5]},"south":{"uv":[0,0],"uv_size":[0,5]},"up":{"uv":[0,0],"uv_size":[0,4]},"down":{"uv":[0,4],"uv_size":[0,-4]}}}]},{"name":"rightPupil","parent":"rightEye","pivot":[-6.8006,15.49269,-16.79073],"cubes":[{"origin":[-6.8106,12.99269,-18.79073],"size":[0,5,3],"uv":{"north":{"uv":[0,0],"uv_size":[0,5]},"east":{"uv":[9,57],"uv_size":[3,5]},"south":{"uv":[0,0],"uv_size":[0,5]},"up":{"uv":[0,0],"uv_size":[0,4]},"down":{"uv":[0,4],"uv_size":[0,-4]}}}]},{"name":"rightShine","parent":"rightPupil","pivot":[-6.8206,15.99269,-17.79073],"cubes":[{"origin":[-6.8206,14.99269,-18.79073],"size":[0,2,2],"uv":{"north":{"uv":[0,0],"uv_size":[0,2]},"east":{"uv":[0,61],"uv_size":[2,2]},"south":{"uv":[0,0],"uv_size":[0,2]},"west":{"uv":[0,61],"uv_size":[2,2]},"up":{"uv":[0,2],"uv_size":[0,-2]},"down":{"uv":[0,2],"uv_size":[0,-2]}}}]},{"name":"leftEye","parent":"head","pivot":[7.2194,13.49269,-16.79073],"cubes":[{"origin":[7.2194,12.99269,-18.79073],"size":[0,5,4],"uv":{"north":{"uv":[0,0],"uv_size":[0,5]},"south":{"uv":[0,0],"uv_size":[0,5]},"west":{"uv":[75,10],"uv_size":[-4,5]},"up":{"uv":[0,0],"uv_size":[0,4]},"down":{"uv":[0,4],"uv_size":[0,-4]}}}]},{"name":"leftPupil","parent":"leftEye","pivot":[7.2194,15.49269,-16.79073],"cubes":[{"origin":[7.2294,12.99269,-18.79073],"size":[0,5,3],"uv":{"north":{"uv":[0,0],"uv_size":[0,5]},"south":{"uv":[0,0],"uv_size":[0,5]},"west":{"uv":[12,57],"uv_size":[-3,5]},"up":{"uv":[0,0],"uv_size":[0,4]},"down":{"uv":[0,4],"uv_size":[0,-4]}}}]},{"name":"leftShine","parent":"leftPupil","pivot":[7.2394,15.99269,-17.79073],"cubes":[{"origin":[7.2394,14.99269,-18.79073],"size":[0,2,2],"uv":{"north":{"uv":[0,0],"uv_size":[0,2]},"east":{"uv":[2,0],"uv_size":[-2,2]},"south":{"uv":[0,0],"uv_size":[0,2]},"west":{"uv":[2,61],"uv_size":[-2,2]},"up":{"uv":[0,2],"uv_size":[0,-2]},"down":{"uv":[0,2],"uv_size":[0,-2]}}}]},{"name":"legs","parent":"body","pivot":[0,10,0]},{"name":"legsRight","parent":"legs","pivot":[-5,10,0]},{"name":"legRight1","parent":"legsRight","pivot":[-5,10,-6],"cubes":[{"origin":[-7,5,-8],"size":[4,6,4],"uv":{"north":{"uv":[75,0],"uv_size":[-4,6]},"east":{"uv":[71,0],"uv_size":[4,6]},"south":{"uv":[30,58],"uv_size":[4,6]},"west":{"uv":[34,58],"uv_size":[-4,6]},"up":{"uv":[67,8],"uv_size":[4,4]},"down":{"uv":[71,10],"uv_size":[4,-4]}}}]},{"name":"legRight2","parent":"legsRight","pivot":[-5,10,0],"cubes":[{"origin":[-7,5,-2],"size":[4,6,4],"uv":{"north":{"uv":[75,0],"uv_size":[-4,6]},"east":{"uv":[71,0],"uv_size":[4,6]},"south":{"uv":[30,58],"uv_size":[4,6]},"west":{"uv":[30,58],"uv_size":[4,6]},"up":{"uv":[67,8],"uv_size":[4,4]},"down":{"uv":[71,10],"uv_size":[4,-4]}}}]},{"name":"legRight3","parent":"legsRight","pivot":[-5,10,6],"cubes":[{"origin":[-7,5,4],"size":[4,6,4],"uv":{"north":{"uv":[75,0],"uv_size":[-4,6]},"east":{"uv":[71,0],"uv_size":[4,6]},"south":{"uv":[30,58],"uv_size":[4,6]},"west":{"uv":[30,58],"uv_size":[4,6]},"up":{"uv":[67,8],"uv_size":[4,4]},"down":{"uv":[71,10],"uv_size":[4,-4]}}}]},{"name":"legsLeft","parent":"legs","pivot":[5,10,0]},{"name":"legLeft1","parent":"legsLeft","pivot":[5,10,-6],"cubes":[{"origin":[3,5,-8],"size":[4,6,4],"uv":{"north":{"uv":[71,0],"uv_size":[4,6]},"east":{"uv":[30,58],"uv_size":[4,6]},"south":{"uv":[34,58],"uv_size":[-4,6]},"west":{"uv":[75,0],"uv_size":[-4,6]},"up":{"uv":[71,8],"uv_size":[-4,4]},"down":{"uv":[75,10],"uv_size":[-4,-4]}}}]},{"name":"legLeft2","parent":"legsLeft","pivot":[5,10,0],"cubes":[{"origin":[3,5,-2],"size":[4,6,4],"uv":{"north":{"uv":[71,0],"uv_size":[4,6]},"east":{"uv":[34,58],"uv_size":[-4,6]},"south":{"uv":[34,58],"uv_size":[-4,6]},"west":{"uv":[75,0],"uv_size":[-4,6]},"up":{"uv":[71,8],"uv_size":[-4,4]},"down":{"uv":[75,10],"uv_size":[-4,-4]}}}]},{"name":"legLeft3","parent":"legsLeft","pivot":[5,10,6],"cubes":[{"origin":[3,5,4],"size":[4,6,4],"uv":{"north":{"uv":[71,0],"uv_size":[4,6]},"east":{"uv":[34,58],"uv_size":[-4,6]},"south":{"uv":[34,58],"uv_size":[-4,6]},"west":{"uv":[75,0],"uv_size":[-4,6]},"up":{"uv":[71,8],"uv_size":[-4,4]},"down":{"uv":[75,10],"uv_size":[-4,-4]}}}]},{"name":"rightWing","parent":"body","pivot":[-9,27,-4],"rotation":[0,0,37.5],"cubes":[{"origin":[-31,27,-9],"size":[22,0,19],"uv":{"north":{"uv":[0,0],"uv_size":[22,0]},"east":{"uv":[0,0],"uv_size":[19,0]},"south":{"uv":[0,0],"uv_size":[22,0]},"west":{"uv":[0,0],"uv_size":[19,0]},"up":{"uv":[0,0],"uv_size":[22,19]}}}]},{"name":"leftWing","parent":"body","pivot":[9,27,-4],"rotation":[0,0,-37.5],"cubes":[{"origin":[9,27,-9],"size":[22,0,19],"uv":{"north":{"uv":[22,0],"uv_size":[-22,0]},"east":{"uv":[19,0],"uv_size":[-19,0]},"south":{"uv":[22,0],"uv_size":[-22,0]},"west":{"uv":[19,0],"uv_size":[-19,0]},"up":{"uv":[22,0],"uv_size":[-22,19]}}}]}]}]}