{"format_version":"1.12.0","minecraft:geometry":[{"description":{"identifier":"geometry.hive.mounts.pirate.ship","texture_width":208,"texture_height":160,"visible_bounds_width":9,"visible_bounds_height":9,"visible_bounds_offset":[0,2.5,0]},"bones":[{"name":"root","pivot":[0,18,-15]},{"name":"chair","parent":"root","pivot":[0,18,-12],"cubes":[{"origin":[-13,16,-11],"size":[26,21,4],"pivot":[-8,18,-11],"rotation":[-14,0,0],"uv":{"north":{"uv":[151,73],"uv_size":[26,21]},"east":{"uv":[93,107],"uv_size":[4,21]},"south":{"uv":[177,73],"uv_size":[26,21]},"west":{"uv":[97,107],"uv_size":[-4,21]},"up":{"uv":[151,69],"uv_size":[26,4]}}},{"origin":[-11,16,-17],"size":[22,6,7],"uv":{"north":{"uv":[165,94],"uv_size":[22,6]},"east":{"uv":[107,97],"uv_size":[8,6]},"west":{"uv":[115,97],"uv_size":[-8,6]},"up":{"uv":[143,94],"uv_size":[22,7]}}}]},{"name":"ship","parent":"root","pivot":[0,18,-12]},{"name":"mass","parent":"ship","pivot":[0,8,0],"cubes":[{"origin":[-13,18,-26],"size":[26,0,56],"uv":{"south":{"uv":[200,56],"uv_size":[27,0]},"up":{"uv":[78,0],"uv_size":[26,56]}}},{"origin":[-15,4,-24],"size":[30,10,57],"uv":{"north":{"uv":[57,57],"uv_size":[30,10]},"east":{"uv":[0,57],"uv_size":[57,10]},"south":{"uv":[65,97],"uv_size":[30,10]},"west":{"uv":[57,57],"uv_size":[-57,10]},"down":{"uv":[48,57],"uv_size":[30,-57]}}},{"origin":[-3,2,30],"size":[6,12,5],"uv":{"east":{"uv":[0,18],"uv_size":[5,12]},"south":{"uv":[5,18],"uv_size":[6,12]},"west":{"uv":[0,18],"uv_size":[5,12]},"down":{"uv":[8,5],"uv_size":[6,-5]}}},{"origin":[-16,10,-15],"size":[1,3,12],"pivot":[-15,12,-15],"rotation":[-22.5,0,0],"uv":{"north":{"uv":[135,23],"uv_size":[1,3]},"east":{"uv":[123,23],"uv_size":[12,3]},"south":{"uv":[135,23],"uv_size":[1,3]},"up":{"uv":[135,11],"uv_size":[1,12]},"down":{"uv":[136,23],"uv_size":[1,-12]}}},{"origin":[15,10,-16],"size":[1,3,12],"pivot":[15,12,-4],"rotation":[22.5,0,0],"uv":{"north":{"uv":[136,23],"uv_size":[-1,3]},"south":{"uv":[136,23],"uv_size":[-1,3]},"west":{"uv":[135,23],"uv_size":[-12,3]},"up":{"uv":[136,11],"uv_size":[-1,12]},"down":{"uv":[137,23],"uv_size":[-1,-12]}}},{"origin":[13,14,-20],"size":[4,6,52],"uv":{"east":{"uv":[0,140],"uv_size":[52,6]},"west":{"uv":[0,146],"uv_size":[52,6]},"up":{"uv":[143,32],"uv_size":[4,52]},"down":{"uv":[147,84],"uv_size":[4,-52]}}},{"origin":[-17,14,-20],"size":[4,6,52],"uv":{"east":{"uv":[52,146],"uv_size":[-52,6]},"west":{"uv":[52,140],"uv_size":[-52,6]},"up":{"uv":[147,32],"uv_size":[-4,52]},"down":{"uv":[151,84],"uv_size":[-4,-52]}}},{"origin":[-11,0,-21],"size":[22,4,51],"uv":{"north":{"uv":[26,53],"uv_size":[22,4]},"east":{"uv":[0,118],"uv_size":[51,4]},"south":{"uv":[107,61],"uv_size":[22,4]},"west":{"uv":[0,118],"uv_size":[51,4]},"down":{"uv":[43,118],"uv_size":[22,-51]}}},{"origin":[-11,4,-28],"size":[22,11,4],"uv":{"north":{"uv":[84,128],"uv_size":[22,11]},"east":{"uv":[80,128],"uv_size":[4,11]},"west":{"uv":[106,128],"uv_size":[4,11]},"down":{"uv":[84,143],"uv_size":[22,-4]}}},{"origin":[-5,5,-28],"size":[10,16,7],"pivot":[0,5,-28],"rotation":[45,0,0],"uv":{"north":{"uv":[125,7],"uv_size":[10,16]},"east":{"uv":[125,7],"uv_size":[-7,16]},"west":{"uv":[118,7],"uv_size":[7,16]}}}]},{"name":"bone","parent":"mass","pivot":[-8,19.5,18],"cubes":[{"origin":[-11,18,21],"size":[6,9,6],"pivot":[-6.5,20.5,22.5],"rotation":[0,15,0],"uv":{"north":{"uv":[141,62],"uv_size":[-6,9]},"east":{"uv":[141,62],"uv_size":[-6,9]},"south":{"uv":[141,62],"uv_size":[-6,9]},"west":{"uv":[141,62],"uv_size":[-6,9]},"up":{"uv":[141,73],"uv_size":[-6,6]}}},{"origin":[-8,14,18],"size":[6,9,6],"pivot":[-6.5,20.5,22.5],"rotation":[0,15,0],"uv":{"north":{"uv":[141,64],"uv_size":[-6,9]},"east":{"uv":[143,64],"uv_size":[-6,9]},"south":{"uv":[141,64],"uv_size":[-6,9]},"west":{"uv":[141,64],"uv_size":[-6,9]},"up":{"uv":[141,73],"uv_size":[-6,6]}}},{"origin":[2,11,18],"size":[6,9,6],"pivot":[6.5,18.5,22.5],"rotation":[0,-5,0],"uv":{"north":{"uv":[42,95],"uv_size":[-6,9]},"east":{"uv":[42,95],"uv_size":[-6,9]},"south":{"uv":[42,95],"uv_size":[-6,9]},"west":{"uv":[42,95],"uv_size":[-6,9]},"up":{"uv":[141,73],"uv_size":[-6,6]}}},{"origin":[5,17,21],"size":[6,9,6],"pivot":[6.5,18.5,22.5],"rotation":[0,-5,0],"uv":{"north":{"uv":[141,64],"uv_size":[-6,9]},"east":{"uv":[141,64],"uv_size":[-6,9]},"south":{"uv":[141,64],"uv_size":[-6,9]},"west":{"uv":[141,64],"uv_size":[-6,9]},"up":{"uv":[141,73],"uv_size":[-6,6]}}}]},{"name":"energyLeft","parent":"mass","pivot":[15,9,7],"rotation":[-10,15,0]},{"name":"energyLeft2","parent":"energyLeft","pivot":[17.7059,9.83866,25.75626],"cubes":[{"origin":[11.7059,3.83866,25.75626],"size":[12,12,0],"uv":{"north":{"uv":[126,32],"uv_size":[12,12]}}}]},{"name":"energylight3","parent":"energyLeft","pivot":[17.7059,9.83866,25.75626],"cubes":[{"origin":[11.7059,3.83866,25.75626],"size":[12,12,0],"uv":{"north":{"uv":[126,32],"uv_size":[12,12]}}}]},{"name":"energyRight","parent":"mass","pivot":[-15,9,7],"rotation":[-10,-15,0]},{"name":"energyRight3","parent":"energyRight","pivot":[-17.7059,9.83866,25.75626],"cubes":[{"origin":[-23.7059,3.83866,25.75626],"size":[12,12,0],"uv":{"north":{"uv":[126,32],"uv_size":[12,12]}}}]},{"name":"energyRight4","parent":"energyRight","pivot":[-17.7059,9.83866,25.75626],"cubes":[{"origin":[-23.7059,3.83866,25.75626],"size":[12,12,0],"uv":{"north":{"uv":[126,32],"uv_size":[12,12]}}}]},{"name":"exhaustLeft","parent":"mass","pivot":[15,9,7],"rotation":[-10,15,0],"cubes":[{"origin":[13.7059,7.83866,4.75626],"size":[6,4,7],"uv":{"north":{"uv":[128,57],"uv_size":[-6,4]},"south":{"uv":[138,44],"uv_size":[-6,4]},"west":{"uv":[129,53],"uv_size":[-7,4]},"up":{"uv":[132,0],"uv_size":[-6,7]},"down":{"uv":[132,51],"uv_size":[-6,-7]}}},{"origin":[13.7059,5.83866,11.75626],"size":[8,8,14],"pivot":[17.7059,9.83866,18.75626],"rotation":[0,0,-45],"uv":{"north":{"uv":[65,81],"uv_size":[8,8]},"east":{"uv":[73,81],"uv_size":[14,8]},"south":{"uv":[20,77],"uv_size":[8,8]},"west":{"uv":[65,89],"uv_size":[14,8]},"up":{"uv":[65,67],"uv_size":[8,14]},"down":{"uv":[73,81],"uv_size":[8,-14]}}}]},{"name":"exhaustRight","parent":"mass","pivot":[-15,9,7],"rotation":[-10,-15,0],"cubes":[{"origin":[-19.7059,7.83866,4.75626],"size":[6,4,7],"uv":{"north":{"uv":[122,57],"uv_size":[6,4]},"east":{"uv":[122,53],"uv_size":[7,4]},"south":{"uv":[132,44],"uv_size":[6,4]},"up":{"uv":[126,0],"uv_size":[6,7]},"down":{"uv":[126,51],"uv_size":[6,-7]}}},{"origin":[-21.7059,5.83866,11.75626],"size":[8,8,14],"pivot":[-17.7059,9.83866,18.75626],"rotation":[0,0,-45],"uv":{"north":{"uv":[65,81],"uv_size":[8,8]},"east":{"uv":[73,81],"uv_size":[14,8]},"south":{"uv":[20,77],"uv_size":[8,8]},"west":{"uv":[65,89],"uv_size":[14,8]},"up":{"uv":[65,67],"uv_size":[8,14]},"down":{"uv":[73,81],"uv_size":[8,-14]}}}]},{"name":"railingLeft","parent":"mass","pivot":[15,20,5],"rotation":[0,0,8.5],"cubes":[{"origin":[13,24,7],"size":[4,5,5],"uv":{"north":{"uv":[142,89],"uv_size":[4,5]},"east":{"uv":[142,89],"uv_size":[-5,5]},"south":{"uv":[146,89],"uv_size":[4,5]},"west":{"uv":[137,89],"uv_size":[5,5]},"up":{"uv":[142,84],"uv_size":[4,5]},"down":{"uv":[146,89],"uv_size":[4,-5]}}},{"origin":[15,20,12],"size":[0,6,18],"uv":{"east":{"uv":[0,43],"uv_size":[18,6]}}},{"origin":[14,26,12],"size":[2,3,22],"uv":{"east":{"uv":[22,40],"uv_size":[-22,3]},"west":{"uv":[0,40],"uv_size":[22,3]},"up":{"uv":[11,18],"uv_size":[2,22]},"down":{"uv":[13,40],"uv_size":[2,-22]}}}]},{"name":"railingRight","parent":"mass","pivot":[-15,20,5],"rotation":[0,0,-8.5],"cubes":[{"origin":[-17,24,7],"size":[4,5,5],"uv":{"north":{"uv":[146,89],"uv_size":[-4,5]},"east":{"uv":[142,89],"uv_size":[-5,5]},"south":{"uv":[150,89],"uv_size":[-4,5]},"west":{"uv":[137,89],"uv_size":[5,5]},"up":{"uv":[146,84],"uv_size":[-4,5]},"down":{"uv":[150,89],"uv_size":[-4,-5]}}},{"origin":[-15,20,12],"size":[0,6,18],"uv":{"north":{"uv":[0,0],"uv_size":[0,0]},"south":{"uv":[0,0],"uv_size":[0,0]},"west":{"uv":[18,43],"uv_size":[-18,6]},"up":{"uv":[0,0],"uv_size":[0,0]},"down":{"uv":[0,0],"uv_size":[0,0]}}},{"origin":[-16,26,12],"size":[2,3,22],"uv":{"east":{"uv":[22,40],"uv_size":[-22,3]},"west":{"uv":[0,40],"uv_size":[22,3]},"up":{"uv":[13,18],"uv_size":[-2,22]},"down":{"uv":[15,40],"uv_size":[-2,-22]}}}]},{"name":"bowsprit","parent":"mass","pivot":[0,15,-37],"rotation":[-10,0,0],"cubes":[{"origin":[-7,15,-41],"size":[14,11,15],"uv":{"north":{"uv":[107,80],"uv_size":[14,11]},"east":{"uv":[136,80],"uv_size":[-15,11]},"south":{"uv":[129,51],"uv_size":[14,11]},"west":{"uv":[121,80],"uv_size":[15,11]},"up":{"uv":[107,65],"uv_size":[14,15]},"down":{"uv":[121,80],"uv_size":[14,-15]}}},{"origin":[7,16,-34],"size":[18,9,7],"pivot":[7,15,-34],"rotation":[0,-45,0],"uv":{"north":{"uv":[0,104],"uv_size":[18,9]},"south":{"uv":[25,104],"uv_size":[18,9]},"west":{"uv":[18,104],"uv_size":[7,9]},"up":{"uv":[0,97],"uv_size":[18,7]},"down":{"uv":[18,104],"uv_size":[18,-7]}}},{"origin":[-25,16,-34],"size":[18,9,7],"pivot":[-7,15,-34],"rotation":[0,45,0],"uv":{"north":{"uv":[18,104],"uv_size":[-18,9]},"east":{"uv":[25,104],"uv_size":[-7,9]},"south":{"uv":[43,104],"uv_size":[-18,9]},"up":{"uv":[18,97],"uv_size":[-18,7]},"down":{"uv":[36,104],"uv_size":[-18,-7]}}},{"origin":[-3,19,-57],"size":[6,7,16],"uv":{"north":{"uv":[120,28],"uv_size":[6,7]},"east":{"uv":[120,28],"uv_size":[-16,7]},"west":{"uv":[104,28],"uv_size":[16,7]},"up":{"uv":[104,35],"uv_size":[6,16]},"down":{"uv":[110,51],"uv_size":[6,-16]}}}]},{"name":"stern","parent":"mass","pivot":[0,18,30],"rotation":[-10,0,0],"cubes":[{"origin":[-18,12,30],"size":[36,10,8],"uv":{"north":{"uv":[0,130],"uv_size":[36,10]},"east":{"uv":[72,130],"uv_size":[8,10]},"south":{"uv":[36,130],"uv_size":[36,10]},"west":{"uv":[72,130],"uv_size":[8,10]},"up":{"uv":[0,122],"uv_size":[36,8]},"down":{"uv":[36,130],"uv_size":[36,-8]}}},{"origin":[-15,22,32.995],"size":[30,10,0],"uv":{"north":{"uv":[137,10],"uv_size":[30,10]}}},{"origin":[-15,22,34.995],"size":[30,10,0],"uv":{"north":{"uv":[137,0],"uv_size":[30,10]}}},{"origin":[-16,32,32],"size":[32,4,4],"uv":{"north":{"uv":[52,144],"uv_size":[32,4]},"east":{"uv":[82,148],"uv_size":[2,4]},"south":{"uv":[52,148],"uv_size":[32,4]},"west":{"uv":[82,148],"uv_size":[2,4]},"up":{"uv":[52,140],"uv_size":[32,4]},"down":{"uv":[65,128],"uv_size":[3,-4]}}},{"origin":[-9,36,32],"size":[18,6,4],"uv":{"north":{"uv":[104,51],"uv_size":[18,6]},"east":{"uv":[116,35],"uv_size":[4,6]},"south":{"uv":[104,51],"uv_size":[18,6]},"west":{"uv":[116,35],"uv_size":[4,6]},"up":{"uv":[104,57],"uv_size":[18,4]}}},{"origin":[13,21,32],"size":[4,10,4],"pivot":[17,22,34],"rotation":[0,0,10],"uv":{"north":{"uv":[108,18],"uv_size":[-4,10]},"east":{"uv":[112,18],"uv_size":[-4,10]},"south":{"uv":[116,18],"uv_size":[-4,10]},"west":{"uv":[112,18],"uv_size":[-4,10]}}},{"origin":[13,31,31],"size":[6,6,6],"pivot":[17,22,34],"rotation":[0,0,10],"uv":{"north":{"uv":[71,113],"uv_size":[-6,6]},"east":{"uv":[77,113],"uv_size":[-6,6]},"south":{"uv":[71,113],"uv_size":[-6,6]},"west":{"uv":[71,113],"uv_size":[-6,6]},"up":{"uv":[77,107],"uv_size":[-6,6]},"down":{"uv":[71,113],"uv_size":[-6,-6]}}},{"origin":[-19,31,31],"size":[6,6,6],"pivot":[-17,22,34],"rotation":[0,0,-10],"uv":{"north":{"uv":[65,113],"uv_size":[6,6]},"east":{"uv":[65,113],"uv_size":[6,6]},"south":{"uv":[65,113],"uv_size":[6,6]},"west":{"uv":[71,113],"uv_size":[6,6]},"up":{"uv":[71,107],"uv_size":[6,6]},"down":{"uv":[65,113],"uv_size":[6,-6]}}},{"origin":[-17,21,32],"size":[4,10,4],"pivot":[-17,22,34],"rotation":[0,0,-10],"uv":{"north":{"uv":[104,18],"uv_size":[4,10]},"east":{"uv":[108,18],"uv_size":[4,10]},"south":{"uv":[112,18],"uv_size":[4,10]},"west":{"uv":[108,18],"uv_size":[4,10]}}}]},{"name":"lampLeft","parent":"stern","pivot":[13,36,34],"rotation":[0,0,5],"cubes":[{"origin":[12,35,33],"size":[2,3,2],"uv":{"north":{"uv":[2,67],"uv_size":[2,3]},"east":{"uv":[2,67],"uv_size":[2,3]},"south":{"uv":[2,67],"uv_size":[2,3]},"west":{"uv":[2,67],"uv_size":[2,3]}}},{"origin":[9,38,30],"size":[8,2,8],"uv":{"north":{"uv":[115,99],"uv_size":[8,2]},"east":{"uv":[115,99],"uv_size":[8,2]},"south":{"uv":[115,99],"uv_size":[8,2]},"west":{"uv":[115,99],"uv_size":[8,2]},"up":{"uv":[115,91],"uv_size":[8,8]},"down":{"uv":[123,99],"uv_size":[8,-8]}}},{"origin":[10,40,31],"size":[6,6,6],"uv":{"north":{"uv":[101,87],"uv_size":[6,6]},"east":{"uv":[101,87],"uv_size":[6,6]},"south":{"uv":[101,87],"uv_size":[6,6]},"west":{"uv":[101,87],"uv_size":[6,6]}}},{"origin":[11,48,32],"size":[4,2,4],"uv":{"north":{"uv":[87,60],"uv_size":[4,2]},"east":{"uv":[87,60],"uv_size":[4,2]},"south":{"uv":[87,60],"uv_size":[4,2]},"west":{"uv":[87,60],"uv_size":[4,2]},"up":{"uv":[87,56],"uv_size":[4,4]}}},{"origin":[8,46,29],"size":[10,2,10],"uv":{"north":{"uv":[116,26],"uv_size":[10,2]},"east":{"uv":[116,26],"uv_size":[10,2]},"south":{"uv":[116,26],"uv_size":[10,2]},"west":{"uv":[116,26],"uv_size":[10,2]},"up":{"uv":[116,41],"uv_size":[10,10]},"down":{"uv":[124,43],"uv_size":[1,-1]}}},{"origin":[16,40,31],"size":[0,7,6],"pivot":[16,40,34],"rotation":[0,0,10],"uv":{"east":{"uv":[20,90],"uv_size":[6,7]}}},{"origin":[10,40,31],"size":[0,7,6],"pivot":[10,40,34],"rotation":[0,0,-10],"uv":{"north":{"uv":[0,0],"uv_size":[0,0]},"south":{"uv":[0,0],"uv_size":[0,0]},"west":{"uv":[20,90],"uv_size":[6,7]},"up":{"uv":[0,0],"uv_size":[0,0]},"down":{"uv":[0,0],"uv_size":[0,0]}}},{"origin":[10,40,37],"size":[6,7,0],"pivot":[13,40,37],"rotation":[-10,0,0],"uv":{"north":{"uv":[20,90],"uv_size":[6,7]}}},{"origin":[10,40,31],"size":[6,7,0],"pivot":[13,40,31],"rotation":[10,0,0],"uv":{"east":{"uv":[0,0],"uv_size":[0,0]},"south":{"uv":[20,90],"uv_size":[6,7]},"west":{"uv":[0,0],"uv_size":[0,0]},"up":{"uv":[0,0],"uv_size":[0,0]},"down":{"uv":[0,0],"uv_size":[0,0]}}}]},{"name":"lampMid","parent":"stern","pivot":[0,41,34],"cubes":[{"origin":[-1,40,33],"size":[2,3,2],"uv":{"north":{"uv":[2,67],"uv_size":[2,3]},"east":{"uv":[2,67],"uv_size":[2,3]},"south":{"uv":[2,67],"uv_size":[2,3]},"west":{"uv":[2,67],"uv_size":[2,3]}}},{"origin":[-4,43,30],"size":[8,2,8],"uv":{"north":{"uv":[115,99],"uv_size":[8,2]},"east":{"uv":[115,99],"uv_size":[8,2]},"south":{"uv":[115,99],"uv_size":[8,2]},"west":{"uv":[115,99],"uv_size":[8,2]},"up":{"uv":[115,91],"uv_size":[8,8]},"down":{"uv":[123,99],"uv_size":[8,-8]}}},{"origin":[-3,45,31],"size":[6,6,6],"uv":{"north":{"uv":[101,87],"uv_size":[6,6]},"east":{"uv":[101,87],"uv_size":[6,6]},"south":{"uv":[101,87],"uv_size":[6,6]},"west":{"uv":[101,87],"uv_size":[6,6]}}},{"origin":[-2,53,32],"size":[4,2,4],"uv":{"north":{"uv":[87,60],"uv_size":[4,2]},"east":{"uv":[87,60],"uv_size":[4,2]},"south":{"uv":[87,60],"uv_size":[4,2]},"west":{"uv":[87,60],"uv_size":[4,2]},"up":{"uv":[87,56],"uv_size":[4,4]}}},{"origin":[-5,51,29],"size":[10,2,10],"uv":{"north":{"uv":[116,26],"uv_size":[10,2]},"east":{"uv":[116,26],"uv_size":[10,2]},"south":{"uv":[116,26],"uv_size":[10,2]},"west":{"uv":[116,26],"uv_size":[10,2]},"up":{"uv":[116,41],"uv_size":[10,10]},"down":{"uv":[124,43],"uv_size":[1,-1]}}},{"origin":[3,45,31],"size":[0,7,6],"pivot":[3,45,34],"rotation":[0,0,10],"uv":{"east":{"uv":[20,90],"uv_size":[6,7]}}},{"origin":[-3,45,31],"size":[0,7,6],"pivot":[-3,45,34],"rotation":[0,0,-10],"uv":{"north":{"uv":[0,0],"uv_size":[0,0]},"south":{"uv":[0,0],"uv_size":[0,0]},"west":{"uv":[20,90],"uv_size":[6,7]},"up":{"uv":[0,0],"uv_size":[0,0]},"down":{"uv":[0,0],"uv_size":[0,0]}}},{"origin":[-3,45,37],"size":[6,7,0],"pivot":[0,45,37],"rotation":[-10,0,0],"uv":{"north":{"uv":[20,90],"uv_size":[6,7]}}},{"origin":[-3,45,31],"size":[6,7,0],"pivot":[0,45,31],"rotation":[10,0,0],"uv":{"east":{"uv":[0,0],"uv_size":[0,0]},"south":{"uv":[20,90],"uv_size":[6,7]},"west":{"uv":[0,0],"uv_size":[0,0]},"up":{"uv":[0,0],"uv_size":[0,0]},"down":{"uv":[0,0],"uv_size":[0,0]}}}]},{"name":"lampRight","parent":"stern","pivot":[-13,36,34],"rotation":[0,0,-5],"cubes":[{"origin":[-14,35,33],"size":[2,3,2],"uv":{"north":{"uv":[4,67],"uv_size":[-2,3]},"east":{"uv":[4,67],"uv_size":[-2,3]},"south":{"uv":[4,67],"uv_size":[-2,3]},"west":{"uv":[4,67],"uv_size":[-2,3]}}},{"origin":[-17,38,30],"size":[8,2,8],"uv":{"north":{"uv":[123,99],"uv_size":[-8,2]},"east":{"uv":[123,99],"uv_size":[-8,2]},"south":{"uv":[123,99],"uv_size":[-8,2]},"west":{"uv":[123,99],"uv_size":[-8,2]},"up":{"uv":[123,91],"uv_size":[-8,8]},"down":{"uv":[131,99],"uv_size":[-8,-8]}}},{"origin":[-16,40,31],"size":[6,6,6],"uv":{"north":{"uv":[107,87],"uv_size":[-6,6]},"east":{"uv":[107,87],"uv_size":[-6,6]},"south":{"uv":[107,87],"uv_size":[-6,6]},"west":{"uv":[107,87],"uv_size":[-6,6]}}},{"origin":[-15,48,32],"size":[4,2,4],"uv":{"north":{"uv":[91,60],"uv_size":[-4,2]},"east":{"uv":[91,60],"uv_size":[-4,2]},"south":{"uv":[91,60],"uv_size":[-4,2]},"west":{"uv":[91,60],"uv_size":[-4,2]},"up":{"uv":[91,56],"uv_size":[-4,4]}}},{"origin":[-18,46,29],"size":[10,2,10],"uv":{"north":{"uv":[126,26],"uv_size":[-10,2]},"east":{"uv":[126,26],"uv_size":[-10,2]},"south":{"uv":[126,26],"uv_size":[-10,2]},"west":{"uv":[126,26],"uv_size":[-10,2]},"up":{"uv":[126,41],"uv_size":[-10,10]},"down":{"uv":[125,43],"uv_size":[-1,-1]}}},{"origin":[-16,40,31],"size":[0,7,6],"pivot":[-16,40,34],"rotation":[0,0,-10],"uv":{"west":{"uv":[26,90],"uv_size":[-6,7]}}},{"origin":[-10,40,31],"size":[0,7,6],"pivot":[-10,40,34],"rotation":[0,0,10],"uv":{"north":{"uv":[0,0],"uv_size":[0,0]},"east":{"uv":[26,90],"uv_size":[-6,7]},"south":{"uv":[0,0],"uv_size":[0,0]},"up":{"uv":[0,0],"uv_size":[0,0]},"down":{"uv":[0,0],"uv_size":[0,0]}}},{"origin":[-16,40,37],"size":[6,7,0],"pivot":[-13,40,37],"rotation":[-10,0,0],"uv":{"north":{"uv":[26,90],"uv_size":[-6,7]}}},{"origin":[-16,40,31],"size":[6,7,0],"pivot":[-13,40,31],"rotation":[10,0,0],"uv":{"east":{"uv":[0,0],"uv_size":[0,0]},"south":{"uv":[26,90],"uv_size":[-6,7]},"west":{"uv":[0,0],"uv_size":[0,0]},"up":{"uv":[0,0],"uv_size":[0,0]},"down":{"uv":[0,0],"uv_size":[0,0]}}}]},{"name":"exhaustBack","parent":"stern","pivot":[0,17,38],"cubes":[{"origin":[-6,12,34],"size":[11,11,7],"pivot":[0,17,37.5],"rotation":[0,0,45],"uv":{"east":{"uv":[104,7],"uv_size":[7,11]},"south":{"uv":[28,77],"uv_size":[11,11]},"west":{"uv":[111,7],"uv_size":[7,11]},"up":{"uv":[104,0],"uv_size":[11,7]},"down":{"uv":[115,7],"uv_size":[11,-7]}}}]},{"name":"energyMid1","parent":"exhaustBack","pivot":[0.5,18.5,41],"cubes":[{"origin":[-6,12,41],"size":[12,12,0],"uv":{"north":{"uv":[126,32],"uv_size":[12,12]}}}]},{"name":"energyMid2","parent":"exhaustBack","pivot":[0.5,18.5,41],"cubes":[{"origin":[-6,12,41],"size":[12,12,0],"uv":{"north":{"uv":[126,32],"uv_size":[12,12]}}}]},{"name":"mastBase","parent":"mass","pivot":[0,18,-8],"cubes":[{"origin":[-5,18,2],"size":[10,20,10],"uv":{"north":{"uv":[10,77],"uv_size":[10,20]},"east":{"uv":[0,77],"uv_size":[10,20]},"south":{"uv":[10,77],"uv_size":[10,20]},"west":{"uv":[0,77],"uv_size":[10,20]},"up":{"uv":[10,67],"uv_size":[10,10]}}},{"origin":[5,27,5],"size":[3,4,4],"uv":{"north":{"uv":[45,4],"uv_size":[-3,4]},"south":{"uv":[48,4],"uv_size":[-3,4]},"up":{"uv":[45,0],"uv_size":[-3,4]},"down":{"uv":[48,4],"uv_size":[-3,-4]}}},{"origin":[-8,27,5],"size":[3,4,4],"uv":{"north":{"uv":[42,4],"uv_size":[3,4]},"south":{"uv":[45,4],"uv_size":[3,4]},"up":{"uv":[42,0],"uv_size":[3,4]},"down":{"uv":[45,4],"uv_size":[3,-4]}}}]},{"name":"shipsWheelLeft","parent":"mastBase","pivot":[8,29,7],"rotation":[-45,0,0],"cubes":[{"origin":[9,23,11],"size":[2,2,4],"pivot":[10,24,12],"rotation":[-45,0,0],"uv":{"north":{"uv":[4,75],"uv_size":[2,2]},"east":{"uv":[0,75],"uv_size":[4,2]},"south":{"uv":[8,75],"uv_size":[2,2]},"west":{"uv":[6,75],"uv_size":[4,2]},"up":{"uv":[4,71],"uv_size":[2,4]},"down":{"uv":[4,75],"uv_size":[2,-4]}}},{"origin":[8,24,2],"size":[4,10,10],"uv":{"north":{"uv":[29,18],"uv_size":[-4,10]},"east":{"uv":[25,28],"uv_size":[-10,10]},"south":{"uv":[29,18],"uv_size":[-4,10]},"west":{"uv":[25,18],"uv_size":[-10,10]},"up":{"uv":[29,18],"uv_size":[-4,10]},"down":{"uv":[29,28],"uv_size":[-4,-10]}}},{"origin":[9,28,-2],"size":[2,2,4],"uv":{"north":{"uv":[2,67],"uv_size":[-2,2]},"east":{"uv":[4,73],"uv_size":[-4,2]},"west":{"uv":[0,73],"uv_size":[4,2]},"up":{"uv":[0,69],"uv_size":[2,4]},"down":{"uv":[2,73],"uv_size":[-2,-4]}}},{"origin":[9,34,6],"size":[2,4,2],"uv":{"north":{"uv":[0,73],"uv_size":[2,-4]},"east":{"uv":[0,73],"uv_size":[2,-4]},"south":{"uv":[0,73],"uv_size":[2,-4]},"west":{"uv":[2,73],"uv_size":[-2,-4]},"up":{"uv":[2,67],"uv_size":[-2,2]}}},{"origin":[9,20,6],"size":[2,4,2],"uv":{"north":{"uv":[0,2],"uv_size":[2,4]},"east":{"uv":[0,2],"uv_size":[2,4]},"south":{"uv":[0,2],"uv_size":[2,4]},"west":{"uv":[0,2],"uv_size":[2,4]},"down":{"uv":[4,4],"uv_size":[-2,-2]}}},{"origin":[9,23,-1],"size":[2,2,4],"pivot":[10,24,2],"rotation":[45,0,0],"uv":{"north":{"uv":[81,69],"uv_size":[2,2]},"east":{"uv":[85,69],"uv_size":[-4,2]},"west":{"uv":[81,69],"uv_size":[4,2]},"up":{"uv":[81,67],"uv_size":[2,4]},"down":{"uv":[81,71],"uv_size":[2,-4]}}},{"origin":[9,33,-1],"size":[2,2,4],"pivot":[10,34,2],"rotation":[-45,0,0],"uv":{"north":{"uv":[26,95],"uv_size":[2,2]},"east":{"uv":[30,95],"uv_size":[-4,2]},"west":{"uv":[26,95],"uv_size":[4,2]},"up":{"uv":[26,93],"uv_size":[2,4]},"down":{"uv":[26,97],"uv_size":[2,-4]}}},{"origin":[9,33,11],"size":[2,2,4],"pivot":[10,34,12],"rotation":[45,0,0],"uv":{"east":{"uv":[46,12],"uv_size":[-4,2]},"south":{"uv":[44,12],"uv_size":[2,2]},"west":{"uv":[42,12],"uv_size":[4,2]},"up":{"uv":[42,8],"uv_size":[2,4]},"down":{"uv":[42,12],"uv_size":[2,-4]}}},{"origin":[9,28,12],"size":[2,2,4],"uv":{"east":{"uv":[4,2],"uv_size":[-4,-2]},"south":{"uv":[8,0],"uv_size":[-2,2]},"west":{"uv":[0,0],"uv_size":[4,2]},"up":{"uv":[6,0],"uv_size":[-2,4]},"down":{"uv":[4,4],"uv_size":[2,-4]}}}]},{"name":"shipsWheelRight","parent":"mastBase","pivot":[-8,29,7],"rotation":[-45,0,0],"cubes":[{"origin":[-11,23,11],"size":[2,2,4],"pivot":[-10,24,12],"rotation":[-45,0,0],"uv":{"north":{"uv":[4,75],"uv_size":[2,2]},"east":{"uv":[0,75],"uv_size":[4,2]},"south":{"uv":[8,75],"uv_size":[2,2]},"west":{"uv":[6,75],"uv_size":[4,2]},"up":{"uv":[4,71],"uv_size":[2,4]},"down":{"uv":[4,75],"uv_size":[2,-4]}}},{"origin":[-12,24,2],"size":[4,10,10],"uv":{"north":{"uv":[25,18],"uv_size":[4,10]},"east":{"uv":[15,18],"uv_size":[10,10]},"south":{"uv":[25,18],"uv_size":[4,10]},"west":{"uv":[15,28],"uv_size":[10,10]},"up":{"uv":[25,18],"uv_size":[4,10]},"down":{"uv":[25,28],"uv_size":[4,-10]}}},{"origin":[-11,28,-2],"size":[2,2,4],"uv":{"north":{"uv":[0,67],"uv_size":[2,2]},"east":{"uv":[4,73],"uv_size":[-4,2]},"west":{"uv":[0,73],"uv_size":[4,2]},"up":{"uv":[0,69],"uv_size":[2,4]},"down":{"uv":[0,73],"uv_size":[2,-4]}}},{"origin":[-11,34,6],"size":[2,4,2],"uv":{"north":{"uv":[2,73],"uv_size":[-2,-4]},"east":{"uv":[0,73],"uv_size":[2,-4]},"south":{"uv":[2,73],"uv_size":[-2,-4]},"west":{"uv":[2,73],"uv_size":[-2,-4]},"up":{"uv":[0,67],"uv_size":[2,2]}}},{"origin":[-11,20,6],"size":[2,4,2],"uv":{"north":{"uv":[0,2],"uv_size":[2,4]},"east":{"uv":[0,2],"uv_size":[2,4]},"south":{"uv":[0,2],"uv_size":[2,4]},"west":{"uv":[0,2],"uv_size":[2,4]},"down":{"uv":[2,4],"uv_size":[2,-2]}}},{"origin":[-11,23,-1],"size":[2,2,4],"pivot":[-10,24,2],"rotation":[45,0,0],"uv":{"north":{"uv":[81,69],"uv_size":[2,2]},"east":{"uv":[85,69],"uv_size":[-4,2]},"west":{"uv":[81,69],"uv_size":[4,2]},"up":{"uv":[81,67],"uv_size":[2,4]},"down":{"uv":[81,71],"uv_size":[2,-4]}}},{"origin":[-11,33,-1],"size":[2,2,4],"pivot":[-10,34,2],"rotation":[-45,0,0],"uv":{"north":{"uv":[26,95],"uv_size":[2,2]},"east":{"uv":[30,97],"uv_size":[-4,-2]},"west":{"uv":[26,95],"uv_size":[4,2]},"up":{"uv":[26,93],"uv_size":[2,4]},"down":{"uv":[26,97],"uv_size":[2,-4]}}},{"origin":[-11,33,11],"size":[2,2,4],"pivot":[-10,34,12],"rotation":[45,0,0],"uv":{"east":{"uv":[46,12],"uv_size":[-4,2]},"south":{"uv":[44,12],"uv_size":[2,2]},"west":{"uv":[42,12],"uv_size":[4,2]},"up":{"uv":[42,8],"uv_size":[2,4]},"down":{"uv":[42,12],"uv_size":[2,-4]}}},{"origin":[-11,28,12],"size":[2,2,4],"uv":{"east":{"uv":[4,0],"uv_size":[-4,2]},"south":{"uv":[6,0],"uv_size":[2,2]},"west":{"uv":[0,0],"uv_size":[4,2]},"up":{"uv":[4,0],"uv_size":[2,4]},"down":{"uv":[4,4],"uv_size":[2,-4]}}}]},{"name":"mastUpper","parent":"mass","pivot":[0,42,7],"cubes":[{"origin":[7,85,0],"size":[2,3,14],"uv":{"north":{"uv":[89,62],"uv_size":[-2,3]},"east":{"uv":[95,75],"uv_size":[-14,3]},"south":{"uv":[89,62],"uv_size":[-2,3]},"west":{"uv":[95,78],"uv_size":[-14,3]},"up":{"uv":[93,56],"uv_size":[-2,14]},"down":{"uv":[95,70],"uv_size":[-2,-14]}}},{"origin":[-9,85,0],"size":[2,3,14],"uv":{"north":{"uv":[87,62],"uv_size":[2,3]},"east":{"uv":[81,78],"uv_size":[14,3]},"south":{"uv":[87,62],"uv_size":[2,3]},"west":{"uv":[81,75],"uv_size":[14,3]},"up":{"uv":[91,56],"uv_size":[2,14]},"down":{"uv":[93,70],"uv_size":[2,-14]}}},{"origin":[-3,38,4],"size":[6,38,6],"uv":{"north":{"uv":[36,15],"uv_size":[6,38]},"east":{"uv":[30,15],"uv_size":[6,38]},"south":{"uv":[42,15],"uv_size":[6,38]},"west":{"uv":[30,15],"uv_size":[6,38]},"up":{"uv":[8,5],"uv_size":[6,6]},"down":{"uv":[8,5],"uv_size":[6,6]}}},{"origin":[0,72,2],"size":[26,4,4],"uv":{"north":{"uv":[163,28],"uv_size":[-26,4]},"south":{"uv":[137,28],"uv_size":[26,4]},"west":{"uv":[137,28],"uv_size":[-4,4]},"up":{"uv":[163,24],"uv_size":[-26,4]},"down":{"uv":[163,24],"uv_size":[-26,-4]}}},{"origin":[21,71,1],"size":[3,6,6],"uv":{"north":{"uv":[134,99],"uv_size":[-3,6]},"east":{"uv":[140,99],"uv_size":[-6,6]},"south":{"uv":[143,99],"uv_size":[-3,6]},"west":{"uv":[131,99],"uv_size":[-6,6]},"up":{"uv":[134,93],"uv_size":[-3,6]},"down":{"uv":[137,99],"uv_size":[-3,-6]}}},{"origin":[0,71,1],"size":[3,6,3],"uv":{"north":{"uv":[134,99],"uv_size":[-3,6]},"east":{"uv":[140,99],"uv_size":[-6,6]},"south":{"uv":[143,99],"uv_size":[-3,6]},"west":{"uv":[131,99],"uv_size":[-2,6]},"up":{"uv":[134,93],"uv_size":[-3,6]},"down":{"uv":[137,93],"uv_size":[-3,3]}}},{"origin":[-26,72,2],"size":[26,4,4],"uv":{"north":{"uv":[137,28],"uv_size":[26,4]},"east":{"uv":[133,28],"uv_size":[4,4]},"south":{"uv":[163,28],"uv_size":[-26,4]},"up":{"uv":[137,24],"uv_size":[26,4]},"down":{"uv":[137,24],"uv_size":[26,-4]}}},{"origin":[-24,71,1],"size":[3,6,6],"uv":{"north":{"uv":[131,99],"uv_size":[3,6]},"east":{"uv":[125,99],"uv_size":[6,6]},"south":{"uv":[140,99],"uv_size":[3,6]},"west":{"uv":[134,99],"uv_size":[6,6]},"up":{"uv":[131,93],"uv_size":[3,6]},"down":{"uv":[134,99],"uv_size":[3,-6]}}},{"origin":[-3,71,1],"size":[3,6,3],"uv":{"north":{"uv":[131,99],"uv_size":[3,6]},"east":{"uv":[128,99],"uv_size":[3,6]},"south":{"uv":[140,99],"uv_size":[3,6]},"west":{"uv":[134,99],"uv_size":[6,6]},"up":{"uv":[131,93],"uv_size":[3,6]},"down":{"uv":[134,93],"uv_size":[3,3]}}},{"origin":[-2,80,5],"size":[4,18,4],"uv":{"north":{"uv":[99,61],"uv_size":[4,18]},"east":{"uv":[99,61],"uv_size":[-4,18]},"south":{"uv":[103,61],"uv_size":[4,18]},"west":{"uv":[95,61],"uv_size":[4,18]},"up":{"uv":[95,56],"uv_size":[4,4]}}},{"origin":[-3,93,4],"size":[6,3,6],"uv":{"north":{"uv":[136,85],"uv_size":[6,3]},"east":{"uv":[142,85],"uv_size":[-6,3]},"south":{"uv":[136,85],"uv_size":[6,3]},"west":{"uv":[142,85],"uv_size":[-6,3]},"up":{"uv":[136,79],"uv_size":[6,6]},"down":{"uv":[136,85],"uv_size":[6,-6]}}},{"origin":[-7,76,0],"size":[14,4,14],"uv":{"north":{"uv":[14,14],"uv_size":[14,4]},"east":{"uv":[0,14],"uv_size":[14,4]},"south":{"uv":[14,14],"uv_size":[14,4]},"west":{"uv":[0,14],"uv_size":[14,4]},"up":{"uv":[14,0],"uv_size":[14,14]},"down":{"uv":[28,14],"uv_size":[14,-14]}}},{"origin":[-5,80,1],"size":[10,6,0],"pivot":[0,80,1],"rotation":[25,0,0],"uv":{"south":{"uv":[0,30],"uv_size":[10,6]}}},{"origin":[-5,80,13],"size":[10,6,0],"pivot":[0,80,13],"rotation":[-25,0,0],"uv":{"north":{"uv":[0,30],"uv_size":[10,6]}}},{"origin":[6,80,2],"size":[0,6,10],"pivot":[6,80,7],"rotation":[0,0,25],"uv":{"east":{"uv":[0,30],"uv_size":[10,6]}}},{"origin":[-6,80,2],"size":[0,6,10],"pivot":[-6,80,7],"rotation":[0,0,-25],"uv":{"west":{"uv":[0,30],"uv_size":[10,6]}}},{"origin":[-9,85,14],"size":[18,3,2],"uv":{"north":{"uv":[2,115],"uv_size":[18,3]},"east":{"uv":[0,115],"uv_size":[2,3]},"south":{"uv":[22,115],"uv_size":[18,3]},"west":{"uv":[20,115],"uv_size":[2,3]},"up":{"uv":[2,113],"uv_size":[18,2]},"down":{"uv":[20,115],"uv_size":[18,-2]}}},{"origin":[-9,85,-2],"size":[18,3,2],"uv":{"north":{"uv":[2,51],"uv_size":[18,3]},"east":{"uv":[2,51],"uv_size":[-2,3]},"south":{"uv":[0,54],"uv_size":[18,3]},"west":{"uv":[0,51],"uv_size":[2,3]},"up":{"uv":[2,51],"uv_size":[18,1]},"down":{"uv":[0,51],"uv_size":[18,-2]}}}]},{"name":"sailsUp","parent":"mastUpper","pivot":[0,17,3],"rotation":[0,90,0],"cubes":[{"origin":[0,5,3],"size":[23,12,0],"uv":{"north":{"uv":[43,67],"uv_size":[-23,10]}}},{"origin":[-23,5,3],"size":[23,12,0],"uv":{"north":{"uv":[20,67],"uv_size":[23,10]}}}]},{"name":"sailsDown","parent":"mastUpper","pivot":[0,22,-8]},{"name":"sailTop","parent":"sailsDown","pivot":[0,72,3],"rotation":[-45,0,0],"cubes":[{"origin":[-24,61,3],"size":[48,11,0],"uv":{"north":{"uv":[113,146],"uv_size":[48,11]},"east":{"uv":[0,0],"uv_size":[0,0]},"south":{"uv":[113,105],"uv_size":[48,11]},"west":{"uv":[0,0],"uv_size":[0,0]},"up":{"uv":[0,0],"uv_size":[0,0]},"down":{"uv":[0,0],"uv_size":[0,0]}}}]},{"name":"sailMid","parent":"sailTop","pivot":[0,61,3],"rotation":[45,0,0],"cubes":[{"origin":[-21,41,3],"size":[42,20,0],"uv":{"north":{"uv":[151,32],"uv_size":[42,20]},"east":{"uv":[0,0],"uv_size":[0,0]},"south":{"uv":[116,116],"uv_size":[42,20]},"west":{"uv":[0,0],"uv_size":[0,0]},"up":{"uv":[0,0],"uv_size":[0,0]},"down":{"uv":[0,0],"uv_size":[0,0]}}}]},{"name":"sailBottom","parent":"sailMid","pivot":[0,41,3],"rotation":[45,0,0],"cubes":[{"origin":[-24,30,3],"size":[48,11,0],"uv":{"north":{"uv":[151,52],"uv_size":[48,11]},"east":{"uv":[0,0],"uv_size":[0,0]},"south":{"uv":[113,136],"uv_size":[48,11]},"west":{"uv":[0,0],"uv_size":[0,0]},"up":{"uv":[0,0],"uv_size":[0,0]},"down":{"uv":[0,0],"uv_size":[0,0]}}}]},{"name":"flag","parent":"mastUpper","pivot":[0,95,9],"cubes":[{"origin":[0,91,9],"size":[0,7,11],"uv":{"east":{"uv":[90,89],"uv_size":[11,7]}}}]},{"name":"flag2","parent":"flag","pivot":[0,95,20],"cubes":[{"origin":[0,91,20],"size":[0,7,11],"uv":{"east":{"uv":[79,89],"uv_size":[11,7]}}}]}]}]}