{"format_version":"1.12.0","minecraft:geometry":[{"description":{"identifier":"geometry.hive.mounts.spaceship","texture_width":96,"texture_height":64,"visible_bounds_width":5,"visible_bounds_height":6,"visible_bounds_offset":[0,1,0]},"bones":[{"name":"root","pivot":[0,8,0]},{"name":"Chair","parent":"root","pivot":[0,16,4],"cubes":[{"origin":[-6,12,-2],"size":[12,4,9],"uv":{"north":{"uv":[40,9],"uv_size":[12,4]},"east":{"uv":[40,13],"uv_size":[9,4]},"west":{"uv":[40,13],"uv_size":[9,4]},"up":{"uv":[40,0],"uv_size":[12,9]}}}]},{"name":"Seat","parent":"Chair","pivot":[0,16,4],"rotation":[-12.5,0,0],"cubes":[{"origin":[-6,16,4],"size":[12,12,4],"uv":{"north":{"uv":[60,31],"uv_size":[12,12]},"east":{"uv":[56,31],"uv_size":[4,12]},"south":{"uv":[74,8],"uv_size":[12,12]},"west":{"uv":[72,31],"uv_size":[4,12]},"up":{"uv":[76,31],"uv_size":[12,4]}}}]},{"name":"body","parent":"root","pivot":[0,8,0]},{"name":"body2","parent":"body","pivot":[0,8,-1],"cubes":[{"origin":[-11,12,-13],"size":[22,8,6],"uv":{"north":{"uv":[6,44],"uv_size":[22,8]},"east":{"uv":[0,44],"uv_size":[6,8]},"south":{"uv":[34,44],"uv_size":[22,8]},"west":{"uv":[28,44],"uv_size":[6,8]},"up":{"uv":[6,38],"uv_size":[22,6]},"down":{"uv":[28,44],"uv_size":[22,-6]}}},{"origin":[-11,12,7],"size":[22,8,6],"uv":{"north":{"uv":[6,30],"uv_size":[22,8]},"east":{"uv":[0,30],"uv_size":[6,8]},"south":{"uv":[34,30],"uv_size":[22,8]},"west":{"uv":[28,30],"uv_size":[6,8]},"up":{"uv":[6,24],"uv_size":[22,6]},"down":{"uv":[28,30],"uv_size":[22,-6]}}},{"origin":[-11,12,-7],"size":[5,8,14],"uv":{"north":{"uv":[69,23],"uv_size":[5,8]},"east":{"uv":[55,23],"uv_size":[14,8]},"south":{"uv":[50,23],"uv_size":[5,8]},"west":{"uv":[74,23],"uv_size":[14,8]},"up":{"uv":[64,0],"uv_size":[5,14]},"down":{"uv":[69,14],"uv_size":[5,-14]}}},{"origin":[6,12,-7],"size":[5,8,14],"uv":{"north":{"uv":[74,23],"uv_size":[-5,8]},"east":{"uv":[88,23],"uv_size":[-14,8]},"south":{"uv":[55,23],"uv_size":[-5,8]},"west":{"uv":[69,23],"uv_size":[-14,8]},"up":{"uv":[69,0],"uv_size":[-5,14]},"down":{"uv":[74,14],"uv_size":[-5,-14]}}},{"origin":[-8,8,-10],"size":[16,4,20],"uv":{"north":{"uv":[20,20],"uv_size":[16,4]},"east":{"uv":[0,20],"uv_size":[20,4]},"south":{"uv":[20,20],"uv_size":[16,4]},"west":{"uv":[0,20],"uv_size":[20,4]},"up":{"uv":[8,0],"uv_size":[16,20]},"down":{"uv":[24,20],"uv_size":[16,-20]}}}]},{"name":"light","parent":"body2","pivot":[0,0,0],"cubes":[{"origin":[-4,10,-17],"size":[8,8,7],"uv":{"north":{"uv":[17,52],"uv_size":[8,8]},"east":{"uv":[48,52],"uv_size":[-7,8]},"west":{"uv":[41,52],"uv_size":[7,8]},"up":{"uv":[25,52],"uv_size":[8,7]},"down":{"uv":[33,59],"uv_size":[8,-7]}}}]},{"name":"leftWing","parent":"body2","pivot":[11,17,-8],"rotation":[0,0,10],"cubes":[{"origin":[11,17,-8],"size":[12,0,12],"uv":{"up":{"uv":[64,0],"uv_size":[-12,12]},"down":{"uv":[64,12],"uv_size":[-12,-12]}}}]},{"name":"rightWing","parent":"body2","pivot":[-11,17,-8],"rotation":[0,0,-10],"cubes":[{"origin":[-23,17,-8],"size":[12,0,12],"uv":{"up":{"uv":[52,0],"uv_size":[12,12]},"down":{"uv":[52,12],"uv_size":[12,-12]}}}]},{"name":"leftWingSmall","parent":"body2","pivot":[11,20,5],"rotation":[0,0,30],"cubes":[{"origin":[11.03,20,5],"size":[0,6,13],"uv":{"east":{"uv":[40,17],"uv_size":[13,6]},"west":{"uv":[53,17],"uv_size":[-13,6]}}}]},{"name":"rightWingSmall","parent":"body2","pivot":[-11,20,5],"rotation":[0,0,-30],"cubes":[{"origin":[-11.03,20,5],"size":[0,6,13],"uv":{"east":{"uv":[40,17],"uv_size":[13,6]},"west":{"uv":[53,17],"uv_size":[-13,6]}}}]},{"name":"antenna","parent":"body2","pivot":[8.5,20,10],"rotation":[-5,0,0],"cubes":[{"origin":[8,20,10],"size":[1,11,1],"uv":{"north":{"uv":[82,0],"uv_size":[1,8]},"east":{"uv":[82,0],"uv_size":[1,8]},"south":{"uv":[82,0],"uv_size":[1,8]},"west":{"uv":[82,0],"uv_size":[1,8]}}},{"origin":[7.5,31,9.5],"size":[2,2,2],"uv":{"north":{"uv":[2,2],"uv_size":[2,2]},"east":{"uv":[0,2],"uv_size":[2,2]},"south":{"uv":[6,2],"uv_size":[2,2]},"west":{"uv":[4,2],"uv_size":[2,2]},"up":{"uv":[2,0],"uv_size":[2,2]},"down":{"uv":[4,2],"uv_size":[2,-2]}}}]},{"name":"energy","parent":"body2","pivot":[0,14,18],"cubes":[{"origin":[-4,10,18],"size":[8,1,0],"uv":{"north":{"uv":[74,7],"uv_size":[8,1]},"south":{"uv":[74,7],"uv_size":[8,1]}}},{"origin":[-4,17,18],"size":[8,1,0],"uv":{"north":{"uv":[74,0],"uv_size":[8,1]},"south":{"uv":[74,0],"uv_size":[8,1]}}},{"origin":[3,11,18],"size":[1,6,0],"uv":{"north":{"uv":[74,1],"uv_size":[1,6]},"south":{"uv":[74,1],"uv_size":[1,6]}}},{"origin":[-4,11,18],"size":[1,6,0],"uv":{"north":{"uv":[81,1],"uv_size":[1,6]},"south":{"uv":[81,1],"uv_size":[1,6]}}}]},{"name":"thruster","parent":"body2","pivot":[0,14,10],"cubes":[{"origin":[-4,10,9],"size":[8,8,9],"uv":{"east":{"uv":[8,52],"uv_size":[9,8]},"south":{"uv":[17,52],"uv_size":[8,8]},"west":{"uv":[17,52],"uv_size":[-9,8]},"up":{"uv":[0,4],"uv_size":[8,9]},"down":{"uv":[0,61],"uv_size":[8,-9]}}}]},{"name":"Control","parent":"body2","pivot":[0,20,-9],"rotation":[35,0,0],"cubes":[{"origin":[-4,16,-10],"size":[8,6,4],"uv":{"north":{"uv":[66,14],"uv_size":[8,6]},"east":{"uv":[88,35],"uv_size":[-4,6]},"south":{"uv":[0,13],"uv_size":[8,6]},"west":{"uv":[84,35],"uv_size":[4,6]},"up":{"uv":[76,35],"uv_size":[8,4]},"down":{"uv":[76,39],"uv_size":[8,-4]}}}]},{"name":"eyeLeft","parent":"Control","pivot":[1,19,-5.9],"cubes":[{"origin":[1,19,-5.898],"size":[1,2,0],"uv":{"south":{"uv":[1,0],"uv_size":[1,2]}}}]},{"name":"eyeRight","parent":"Control","pivot":[-1,19,-5.9],"cubes":[{"origin":[-2,19,-5.898],"size":[1,2,0],"uv":{"south":{"uv":[1,0],"uv_size":[1,2]}}}]}]}]}