{"format_version":"1.12.0","minecraft:geometry":[{"description":{"identifier":"geometry.hive.mounts.wooden.chair","texture_width":48,"texture_height":32,"visible_bounds_width":2,"visible_bounds_height":2.5,"visible_bounds_offset":[0,0.75,0]},"bones":[{"name":"bb_main","pivot":[0,0,0],"cubes":[{"origin":[-6,7,-6],"size":[12,4,12],"uv":[0,0]},{"origin":[-5,0,3],"size":[2,7,2],"pivot":[-4,7,4],"rotation":[5,0,5],"uv":[0,0]},{"origin":[3,0,3],"size":[2,7,2],"pivot":[4,7,4],"rotation":[5,0,-5],"uv":[0,0],"mirror":true},{"origin":[3,0,-5],"size":[2,7,2],"pivot":[4,7,-4],"rotation":[-5,0,-5],"uv":[0,0],"mirror":true},{"origin":[-5,0,-5],"size":[2,7,2],"pivot":[-4,7,-4],"rotation":[-5,0,5],"uv":[0,0]},{"origin":[-6,11,4],"size":[2,12,2],"uv":[24,16]},{"origin":[4,11,4],"size":[2,12,2],"uv":[24,16],"mirror":true},{"origin":[-4,12,5],"size":[8,9,0],"uv":[0,16]}]}]}]}