{"format_version":"1.8.0","minecraft:client_entity":{"description":{"identifier":"hiveterritory:iron_man","materials":{"default":"entity_alphatest"},"textures":{"iron_man":"textures/entity/hive/territory/powerups/powerup_iron_man","diamond_dave":"textures/entity/hive/territory/powerups/powerup_diamond_dave"},"geometry":{"default":"geometry.hive.territory.powerup.iron.man"},"animations":{"spawn":"animation.hive.territory.powerup.spawn","idle":"animation.hive.territory.powerup.iron.man.idle","spin":"animation.hive.territory.powerup.spin","waiting":"animation.hive.territory.powerup.waiting","despawn":"animation.hive.territory.powerup.despawn"},"animation_controllers":[{"spawn":"controller.animation.hive.territory.powerup.spawn"},{"idle":"controller.animation.hive.territory.powerup.idle"},{"spin":"controller.animation.hive.territory.powerup.spin"}],"render_controllers":["controller.render.hive.territory.powerup.iron.man"]}}}