{"format_version":"1.10.0","animation_controllers":{"controller.animation.hive.hub.floatingplatform.timed":{"states":{"default":{"animations":["waiting"],"transitions":[{"spawn":"query.is_tamed"}]},"spawn":{"animations":["spawn"],"transitions":[{"active":"query.all_animations_finished"}],"blend_transition":0.3},"active":{"animations":["statechange"],"transitions":[{"despawn":"!query.is_tamed"}]},"despawn":{"animations":["despawn"],"transitions":[{"default":"query.all_animations_finished"}]}}},"controller.animation.hive.hub.floatingplatform.disappearing":{"states":{"default":{"animations":["spawn"],"transitions":[{"shake_mid":"query.variant \u003d\u003d 1"}]},"shake_mid":{"animations":["shake_mid"],"transitions":[{"fall":"query.variant \u003d\u003d 2"}]},"fall":{"animations":["fall"],"transitions":[{"default":"query.variant \u003d\u003d 0"}]}}},"controller.animation.hive.hub.floatingplatform.moving":{"states":{"default":{"animations":["tilt","bob"]}}}}}