{"format_version":"1.10.0","animation_controllers":{"controller.animation.hive.hub.arcade.mailbotscreen.idle":{"states":{"default":{"transitions":[{"update":"variable.decide_random \u003d math.random_integer(0, 1); return 0;"},{"idle1":"variable.decide_random \u003d\u003d 0"},{"idle2":"variable.decide_random \u003d\u003d 1"}]},"update":{"transitions":[{"default":"query.all_animations_finished"}]},"idle1":{"animations":["idle1"],"transitions":[{"default":"query.all_animations_finished"}]},"idle2":{"animations":["idle2"],"transitions":[{"default":"query.all_animations_finished"}]}}},"controller.animation.hive.hub.arcade.mailbotscreen.random":{"states":{"default":{"transitions":[{"update":"variable.decide_random \u003d math.random_integer(0, 5); return 0;"},{"blink":"variable.decide_random \u003d\u003d 0"},{"look_left":"variable.decide_random \u003d\u003d 1"},{"look_right":"variable.decide_random \u003d\u003d 2"},{"laugh":"variable.decide_random \u003d\u003d 3"},{"happy_mouth":"variable.decide_random \u003d\u003d 4"},{"happy_eyes":"variable.decide_random \u003d\u003d 5"}]},"timeout":{"animations":["idle_timeout"],"transitions":[{"default":"query.all_animations_finished"}]},"update":{"transitions":[{"default":"query.all_animations_finished"}]},"blink":{"animations":["blink"],"transitions":[{"timeout":"query.all_animations_finished"}]},"look_left":{"animations":["look_left"],"transitions":[{"timeout":"query.all_animations_finished"}]},"look_right":{"animations":["look_right"],"transitions":[{"timeout":"query.all_animations_finished"}]},"laugh":{"animations":["laugh"],"transitions":[{"timeout":"query.all_animations_finished"}]},"happy_mouth":{"animations":["happy_mouth"],"transitions":[{"timeout":"query.all_animations_finished"}]},"happy_eyes":{"animations":["happy_eyes"],"transitions":[{"timeout":"query.all_animations_finished"}]}}}}}