{"format_version":"1.10.0","animation_controllers":{"controller.animation.hive.hub.arcade.securitybot.face":{"states":{"default":{"transitions":[{"update":"variable.decide_random \u003d math.random_integer(0, 1); return 0;"},{"faceLeft":"variable.decide_random \u003d\u003d 0"},{"faceRight":"variable.decide_random \u003d\u003d 1"}]},"update":{"transitions":[{"default":"query.all_animations_finished"}]},"faceLeft":{"animations":["faceLeft"],"transitions":[{"default":"query.all_animations_finished"}]},"faceRight":{"animations":["faceRight"],"transitions":[{"default":"query.all_animations_finished"}]}}},"controller.animation.hive.hub.arcade.securitybot.idle":{"states":{"default":{"animations":["idle"]}}},"controller.animation.hive.hub.arcade.securitybot":{"states":{"default":{"animations":["spawn","reset"],"transitions":[{"halt":"query.mark_variant \u003d\u003d 1"}]},"halt":{"animations":["halt"],"transitions":[{"reset":"query.all_animations_finished"}]},"reset":{"animations":["reset"],"transitions":[{"halt":"query.mark_variant \u003d\u003d 1"}]}}}}}