{"format_version":"1.12.0","minecraft:geometry":[{"description":{"identifier":"geometry.hive.sky.death.crate.adventurers.backpack","texture_width":96,"texture_height":64,"visible_bounds_width":3,"visible_bounds_height":4,"visible_bounds_offset":[0,1,0]},"bones":[{"name":"root","pivot":[0,0,0]},{"name":"Backpack","parent":"root","pivot":[0,0,0],"cubes":[{"origin":[-11,3,0],"size":[5,4,4],"pivot":[-6,7,1],"rotation":[0,0,-17.5],"uv":[50,44],"mirror":true},{"origin":[6,3,0],"size":[5,4,4],"pivot":[6,7,1],"rotation":[0,0,17.5],"uv":[50,44]},{"origin":[-6,0,-5],"size":[12,7,10],"uv":[22,27]}]},{"name":"lid","parent":"Backpack","pivot":[0,7,5],"rotation":[5,0,0],"cubes":[{"origin":[-3,5.75,-7.25],"size":[6,6,2],"pivot":[0,8.75,-6.25],"rotation":[0,0,-45],"uv":[48,52]},{"origin":[-2.95465,2.11241,-5.57098],"size":[6,5,0],"pivot":[3,7,-5],"rotation":[-20,0,0],"uv":[0,0]},{"origin":[-8,7,-6],"size":[16,9,12],"uv":[0,0]},{"origin":[-9,12,2],"size":[1,3,3],"pivot":[-9,13.5,3.5],"rotation":[45,0,0],"uv":[0,5]},{"origin":[-8,4,-5],"size":[0,9,9],"pivot":[-8,13,1],"rotation":[13.64973,-6.27967,24.24769],"uv":[0,28]},{"origin":[-5,11,6],"size":[4,2,8],"pivot":[-3,13,6],"rotation":[-60,0,15],"uv":[10,44]},{"origin":[1,11,6],"size":[4,2,8],"pivot":[3,13,6],"rotation":[-60,0,-15],"uv":[10,44]},{"origin":[-12,16,-3],"size":[7,7,0],"pivot":[-5,16,-3],"rotation":[-5,30,-10],"uv":[0,54]},{"origin":[9,4.25,-7.75],"size":[0,16,16],"uv":[0,5]},{"origin":[8,9.5,-3],"size":[2,4,6],"pivot":[8.5,12,0],"rotation":[-45,0,0],"uv":[34,44]}]},{"name":"headrest","parent":"lid","pivot":[0,16,1],"rotation":[-50,0,0],"cubes":[{"origin":[-4,16,1],"size":[8,3,2],"uv":[32,21]},{"origin":[-5,19,0],"size":[10,4,4],"pivot":[0,19,1],"rotation":[-10,0,0],"uv":[44,0]}]}]}]}