{"minecraft:geometry":[{"description":{"identifier":"geometry.hive.sky.death.crate.barrel","texture_width":64,"texture_height":64,"visible_bounds_width":3,"visible_bounds_height":4,"visible_bounds_offset":[0,1,0]},"bones":[{"name":"root","pivot":[0,0,0]},{"name":"barrel","parent":"root","pivot":[0,0,0],"cubes":[{"origin":[-7,3,-7],"size":[14,10,14],"uv":[0,15]},{"origin":[-6,0,-6],"size":[12,3,12],"uv":[0,39]},{"origin":[-6,13,-6],"size":[12,3,12],"uv":[0,0]},{"origin":[-1,15,-4],"size":[2,2,3],"pivot":[0,16,-1],"rotation":[-10,0,0],"uv":[0,19]}]}]}],"format_version":"1.12.0"}