{"format_version":"1.12.0","minecraft:geometry":[{"description":{"identifier":"geometry.hive.sky.death.crate.dark_magma","texture_width":64,"texture_height":64,"visible_bounds_width":3,"visible_bounds_height":3,"visible_bounds_offset":[0,0.5,0]},"bones":[{"name":"root","pivot":[0,0,0]},{"name":"chest","parent":"root","pivot":[0,0,6],"cubes":[{"origin":[-8,0,-6],"size":[16,9,12],"uv":[0,17]},{"origin":[-9,6,-7],"size":[3,3,3],"uv":[0,6],"mirror":true},{"origin":[-9.01,6,4],"size":[3,3,3],"uv":[52,0],"mirror":true},{"origin":[6,6,-7],"size":[3,3,3],"uv":[0,6]},{"origin":[6.01,6,4],"size":[3,3,3],"uv":[52,0]},{"origin":[-9,0,-7],"size":[3,3,3],"uv":[0,0]},{"origin":[-9,0,4],"size":[3,3,3],"uv":[52,6],"mirror":true},{"origin":[6,0,-7],"size":[3,3,3],"uv":[0,0],"mirror":true},{"origin":[6,0,4],"size":[3,3,3],"uv":[52,6]}]},{"name":"lid","parent":"chest","pivot":[0,9,5],"cubes":[{"origin":[-9,9,-7],"size":[18,3,14],"uv":[0,0]},{"origin":[-9,12,-5],"size":[18,2,10],"uv":[0,38]}]},{"name":"skull","parent":"lid","pivot":[0,14,-5],"rotation":[-15,0,0],"cubes":[{"origin":[-3,17,-8],"size":[6,1,6],"uv":[16,50]},{"origin":[-4,12,-9],"size":[8,5,8],"uv":[32,51]},{"origin":[-3,10,-9],"size":[6,2,5],"uv":[0,57]}],"locators":{"lefteye":[2,13,-9],"righteye":[-2,13,-9]}},{"name":"lockRight","parent":"lid","pivot":[-4,10,-7],"rotation":[-15,0,0],"cubes":[{"origin":[-6,6,-8],"size":[4,4,2],"uv":[0,51]}]},{"name":"lockLeft","parent":"lid","pivot":[4,10,-7],"rotation":[-15,0,0],"cubes":[{"origin":[2,6,-8],"size":[4,4,2],"uv":[0,51]}]},{"name":"handleRight","parent":"chest","pivot":[-8,8,0],"rotation":[0,0,40],"cubes":[{"origin":[-8,4,-3],"size":[2,4,6],"uv":[44,17],"mirror":true}]},{"name":"handleLeft","parent":"chest","pivot":[8,8,0],"rotation":[0,0,-40],"cubes":[{"origin":[6,4,-3],"size":[2,4,6],"uv":[44,17]}]}]}]}