{"format_version":"1.12.0","minecraft:geometry":[{"description":{"identifier":"geometry.hive.sky.death.crate.golden_pegasus","texture_width":128,"texture_height":128,"visible_bounds_width":3,"visible_bounds_height":3,"visible_bounds_offset":[0,0.5,0]},"bones":[{"name":"root","pivot":[0,0,0]},{"name":"chest","parent":"root","pivot":[0,0,7],"cubes":[{"origin":[-7,0,-6],"size":[14,9,12],"uv":[0,18]},{"origin":[-8,6,-7],"size":[3,3,3],"uv":[0,7]},{"origin":[-8.01,6,4],"size":[3,3,3],"uv":[0,0],"mirror":true},{"origin":[5,6,-7],"size":[3,3,3],"uv":[0,7],"mirror":true},{"origin":[5.01,6,4],"size":[3,3,3],"uv":[0,0]},{"origin":[-8,0,4],"size":[16,3,3],"uv":[41,18]},{"origin":[-5,3,7],"size":[10,3,0],"uv":[47,9]}]},{"name":"lid","parent":"chest","pivot":[0,9,5],"cubes":[{"origin":[-8,9,-7],"size":[16,3,14],"uv":[0,0]},{"origin":[-8,12,-5],"size":[16,2,10],"uv":[0,40]}]},{"name":"windLeft","parent":"lid","pivot":[3,14,2],"rotation":[0,30,0],"cubes":[{"origin":[3,13,2],"size":[0,7,10],"uv":[43,43],"mirror":true}]},{"name":"windRight","parent":"lid","pivot":[-3,14,2],"rotation":[0,-30,0],"cubes":[{"origin":[-3,13,2],"size":[0,7,10],"uv":[43,43]}]},{"name":"wingLeft","parent":"lid","pivot":[8,14,-4],"rotation":[0,-60,0],"cubes":[{"origin":[8,10,-4],"size":[11,8,0],"uv":[47,0],"mirror":true}]},{"name":"wingRight","parent":"lid","pivot":[-8,14,-4],"rotation":[0,60,0],"cubes":[{"origin":[-19,10,-4],"size":[11,8,0],"uv":[47,0]}]},{"name":"lock","parent":"lid","pivot":[0,9,-6],"rotation":[0,0,45],"cubes":[{"origin":[-3,6,-8],"size":[6,6,3],"uv":[11,53]}]},{"name":"cloudLeft","parent":"chest","pivot":[7,0,-6],"rotation":[0,-45,0],"cubes":[{"origin":[5,0,-7],"size":[4,4,3],"uv":[54,36]},{"origin":[9,0,-7],"size":[3,4,0],"uv":[0,18],"mirror":true}]},{"name":"cloudRight","parent":"chest","pivot":[-7,0,-6],"rotation":[0,45,0],"cubes":[{"origin":[-9,0,-7],"size":[4,4,3],"uv":[54,36],"mirror":true},{"origin":[-12,0,-7],"size":[3,4,0],"uv":[0,18]}]},{"name":"handleRight","parent":"chest","pivot":[-7,8,0],"rotation":[0,0,40],"cubes":[{"origin":[-7,4,-3],"size":[2,4,6],"uv":[53,25]}]},{"name":"handleLeft","parent":"chest","pivot":[7,8,0],"rotation":[0,0,-40],"cubes":[{"origin":[5,4,-3],"size":[2,4,6],"uv":[53,25],"mirror":true}]}]}]}