{"format_version":"1.12.0","minecraft:geometry":[{"description":{"identifier":"geometry.hive.sky.death.crate.sunken.chest","texture_width":128,"texture_height":96,"visible_bounds_width":4,"visible_bounds_height":4,"visible_bounds_offset":[0,1,0]},"bones":[{"name":"root","pivot":[0,0,0]},{"name":"chest","parent":"root","pivot":[0,0,6],"cubes":[{"origin":[-8,0,-6],"size":[16,9,12],"uv":[0,18]},{"origin":[-16,0,-5],"size":[8,3,3],"pivot":[-8,0,-5],"rotation":[0,0,50],"uv":[29,62]},{"origin":[2,2,-9],"size":[9,2,6],"uv":[45,18]},{"origin":[6,4,-10],"size":[6,2,6],"uv":[51,0]},{"origin":[-6,2,6],"size":[9,2,4],"uv":[54,57]},{"origin":[-2,4,6],"size":[6,2,6],"uv":[29,53]},{"origin":[-1,6,3],"size":[3,3,8],"pivot":[-1,9,7],"rotation":[61.16156,8.64738,15.27269],"uv":[49,45]},{"origin":[-5,4,4],"size":[4,4,9],"pivot":[-1,8,7],"rotation":[47.93659,-6.73717,-7.40702],"uv":[48,31]},{"origin":[-9,6,-7],"size":[3,3,3],"uv":[26,69]},{"origin":[-9.01,6,4],"size":[3,3,3],"uv":[39,69]},{"origin":[6,6,-7],"size":[3,3,3],"uv":[26,69],"mirror":true},{"origin":[6.01,6,4],"size":[3,3,3],"uv":[39,69],"mirror":true},{"origin":[-9,0,-7],"size":[3,3,3],"uv":[69,64]},{"origin":[6,0,-7],"size":[3,3,3],"uv":[26,69],"mirror":true},{"origin":[-9,0,4],"size":[3,3,3],"uv":[39,69]},{"origin":[6,0,4],"size":[3,3,3],"uv":[39,69],"mirror":true}],"locators":{"chest_mid":[0,9,0],"coral_side":[-12,7.1,-3.5],"coral_back":[-4,11,12]}},{"name":"vine1","parent":"chest","pivot":[-8,0,-5],"cubes":[{"origin":[-14,0,-5],"size":[6,10,0],"pivot":[-8,0,-5],"rotation":[0,-30,0],"uv":[0,0]}]},{"name":"vine5","parent":"chest","pivot":[8,2,5],"cubes":[{"origin":[8,0,5],"size":[6,10,0],"pivot":[8,0,5],"rotation":[0,-30,0],"uv":[0,0],"mirror":true}]},{"name":"pufferFishSmall","parent":"chest","pivot":[-4,1,-0.25],"cubes":[{"origin":[-6,1,-2],"size":[3,2,3],"uv":[81,12]},{"origin":[-6,2,1],"size":[3,0,2],"uv":[89,12]},{"origin":[-6,3,-2],"size":[1,1,1],"uv":[78,12]},{"origin":[-4,3,-2],"size":[1,1,1],"uv":[78,12]}],"locators":{"pufferfish":[-4.5,2,-0.5]}},{"name":"smallFinLeft","parent":"pufferFishSmall","pivot":[-3,2,-1],"cubes":[{"origin":[-3,2,-2],"size":[1,0,2],"uv":[76,15]}]},{"name":"smallFinRight","parent":"pufferFishSmall","pivot":[-6,2,-1],"cubes":[{"origin":[-7,2,-2],"size":[1,0,2],"uv":[76,15]}]},{"name":"pufferFishBig","parent":"pufferFishSmall","pivot":[2,3,0],"cubes":[{"origin":[0,1,-3],"size":[6,6,6],"uv":[83,25]},{"origin":[0,7,0],"size":[3,1,0],"uv":[92,23]},{"origin":[-1,2,-3],"size":[1,3,0],"pivot":[0,3,-3],"rotation":[0,-30,0],"uv":[102,27]},{"origin":[2,7,-3],"size":[3,1,0],"pivot":[4,7,-3],"rotation":[30,0,0],"uv":[92,23]},{"origin":[1,0,-3],"size":[3,1,0],"pivot":[4,1,-3],"rotation":[-30,0,0],"uv":[92,21]},{"origin":[3,0,0],"size":[3,1,0],"uv":[92,21]},{"origin":[2,0,3],"size":[3,1,0],"pivot":[4,1,3],"rotation":[30,0,0],"uv":[92,21]},{"origin":[6,3,-3],"size":[1,3,0],"pivot":[6,3,-3],"rotation":[0,30,0],"uv":[102,27]},{"origin":[6,2,3],"size":[1,3,0],"pivot":[6,3,3],"rotation":[0,-30,0],"uv":[102,27]},{"origin":[-1,3,3],"size":[1,3,0],"pivot":[0,3,3],"rotation":[0,30,0],"uv":[102,27]},{"origin":[2,7,3],"size":[3,1,0],"pivot":[4,7,3],"rotation":[-30,0,0],"uv":[92,23]},{"origin":[3,2,3],"size":[0,3,2],"uv":[83,22]}]},{"name":"bigFinLeft","parent":"pufferFishBig","pivot":[6,6,-1],"cubes":[{"origin":[6,6,-2],"size":[2,0,2],"uv":[82,28],"mirror":true}]},{"name":"bigFinRight","parent":"pufferFishBig","pivot":[0,6,-1],"cubes":[{"origin":[-2,6,-2],"size":[2,0,2],"uv":[82,28]}]},{"name":"handleLeft","parent":"chest","pivot":[8,8,0],"rotation":[15.34721,12.06754,-36.71604],"cubes":[{"origin":[6,4,-3],"size":[2,4,6],"uv":[66,27]}]},{"name":"handleRight","parent":"chest","pivot":[-8,8,0],"rotation":[-7.5,5,40],"cubes":[{"origin":[-8,4,-3],"size":[2,4,6],"uv":[66,27],"mirror":true}]},{"name":"lid","parent":"chest","pivot":[0,9,5],"cubes":[{"origin":[-9,9,-7],"size":[18,3,14],"uv":[0,0]},{"origin":[-9,12,-5],"size":[18,2,10],"uv":[0,40]},{"origin":[3,14,0],"size":[4,8,4],"pivot":[3,14,0],"rotation":[-7.93246,22.40972,5.40961],"uv":[52,64]},{"origin":[0,13,-1],"size":[3,7,3],"pivot":[3,14,0],"rotation":[2.93246,22.40972,-5.40961],"uv":[0,68]},{"origin":[3,14,-3],"size":[3,5,3],"pivot":[3,14,0],"rotation":[7.06754,22.40972,5.40961],"uv":[65,9]}],"locators":{"coral_top":[7,21.2,2]}},{"name":"vine3","parent":"lid","pivot":[-7,12,-1],"cubes":[{"origin":[-15,9,-1],"size":[14,14,0],"pivot":[-9,14,-1],"rotation":[0,15,0],"uv":[0,53]}]},{"name":"vine4","parent":"lid","pivot":[9,10,-4],"cubes":[{"origin":[9,9,-4],"size":[6,8,0],"pivot":[9,8,-4],"rotation":[0,30,0],"uv":[13,68]}]},{"name":"lock","parent":"lid","pivot":[0,11,-7],"rotation":[-15,0,10],"cubes":[{"origin":[-2.5,6,-8],"size":[5,5,2],"pivot":[0,8.5,-7],"rotation":[0,0,45],"uv":[64,45]}]},{"name":"vine2","parent":"lock","pivot":[-2,7,-7],"cubes":[{"origin":[-6,5,-7.25],"size":[6,10,0],"uv":[0,0]}]}]}]}