{"format_version":"1.12.0","minecraft:geometry":[{"description":{"identifier":"geometry.hive.sky.death.crate.toolbox","texture_width":128,"texture_height":128,"visible_bounds_width":3,"visible_bounds_height":3,"visible_bounds_offset":[0,0.5,0]},"bones":[{"name":"root","pivot":[0,0,0]},{"name":"chest","parent":"root","pivot":[0,0,0],"cubes":[{"origin":[-7,0,-5],"size":[14,8,10],"uv":[0,16]},{"origin":[1,9.5,-6.75],"size":[2,1,6],"pivot":[2,9.5,-1.75],"rotation":[25.33761,-9.05478,-4.26175],"uv":[54,47]},{"origin":[0,9.5,-8.75],"size":[1,1,4],"pivot":[2,9.5,-1.75],"rotation":[25.33761,-9.05478,-4.26175],"uv":[43,49]},{"origin":[1,9.5,-8.75],"size":[2,1,1],"pivot":[2,9.5,-1.75],"rotation":[25.33761,-9.05478,-4.26175],"uv":[50,50]},{"origin":[-7,0,-5],"size":[14,8,10],"uv":[0,16]},{"origin":[4,8.75,-9],"size":[2,1,7],"pivot":[5,9.75,-2],"rotation":[18.84359,-21.40584,-7.09999],"uv":[0,46]},{"origin":[-1,4.12132,-8.12132],"size":[2,1,1],"pivot":[0,3,-5],"rotation":[55,0,0],"uv":[0,16]},{"origin":[-6,1,-8],"size":[12,2,3],"pivot":[0,3,-5],"rotation":[10,0,0],"uv":[39,16]},{"origin":[-1,6.41421,-7.41421],"size":[2,1,1],"pivot":[0,6,-5],"rotation":[52.5,0,0],"uv":[0,16]},{"origin":[-6,4,-7],"size":[12,2,3],"pivot":[0,6,-5],"rotation":[7.5,0,0],"uv":[39,16]}]},{"name":"screwDriver","parent":"chest","pivot":[-5.25,9,-4.25],"rotation":[22.79588,28.02432,1.17023],"cubes":[{"origin":[-6,8,-6.25],"size":[2,2,4],"uv":[19,48]},{"origin":[-5.5,8.5,-10.25],"size":[1,1,4],"uv":[32,49]}]},{"name":"handleRight","parent":"chest","pivot":[-7,8,0],"rotation":[0,0,40],"cubes":[{"origin":[-7,4,-3],"size":[2,4,6],"uv":[43,29],"mirror":true}]},{"name":"handleLeft","parent":"chest","pivot":[7,8,0],"rotation":[0,0,-40],"cubes":[{"origin":[5,4,-3],"size":[2,4,6],"uv":[43,29]}]},{"name":"lid","parent":"chest","pivot":[0,8,5],"rotation":[-10,0,0],"cubes":[{"origin":[-4,13,-1],"size":[8,3,2],"pivot":[-1,13,-1],"rotation":[-20,0,0],"uv":[45,0]},{"origin":[-8,8,-6],"size":[16,3,12],"uv":[0,0]},{"origin":[-8,11,-4],"size":[16,2,8],"uv":[0,35]},{"origin":[3,7,-7],"size":[2,3,2],"pivot":[4,9,-6],"rotation":[-12.5,0,0],"uv":[0,6]},{"origin":[-5,7,-7],"size":[2,3,2],"pivot":[-4,9,-6],"rotation":[-12.5,0,0],"uv":[0,6]}]}]}]}