{"format_version":"1.12.0","minecraft:geometry":[{"description":{"identifier":"geometry.hive.hub.arcade.searchlight.light","texture_width":64,"texture_height":64,"visible_bounds_width":25,"visible_bounds_height":25,"visible_bounds_offset":[0,4.25,0]},"bones":[{"name":"root","pivot":[0,0,0]},{"name":"searchlight","parent":"root","pivot":[0,0,0],"cubes":[{"origin":[-10,0,-10],"size":[20,4,20],"uv":{"north":{"uv":[1,57],"uv_size":[20,4]},"east":{"uv":[1,57],"uv_size":[20,4]},"south":{"uv":[1,57],"uv_size":[20,4]},"west":{"uv":[1,57],"uv_size":[20,4]},"up":{"uv":[19,1],"uv_size":[20,20]},"down":{"uv":[19,3],"uv_size":[1,-2]}}}]},{"name":"rotate","parent":"searchlight","pivot":[0,3,0],"cubes":[{"origin":[-4,4,-4],"size":[8,4,8],"uv":{"north":{"uv":[40,19],"uv_size":[8,4]},"east":{"uv":[40,19],"uv_size":[8,4]},"south":{"uv":[40,19],"uv_size":[8,4]},"west":{"uv":[40,19],"uv_size":[8,4]},"up":{"uv":[40,11],"uv_size":[8,8]},"down":{"uv":[40,19],"uv_size":[8,-8]}}},{"origin":[-12,6,-2],"size":[24,15,4],"uv":{"north":{"uv":[19,39],"uv_size":[24,15]},"east":{"uv":[39,24],"uv_size":[4,15]},"south":{"uv":[19,39],"uv_size":[24,15]},"west":{"uv":[39,24],"uv_size":[4,15]},"up":{"uv":[21,54],"uv_size":[24,4]},"down":{"uv":[21,62],"uv_size":[24,-4]}}}]},{"name":"light","parent":"rotate","pivot":[10,18,0],"rotation":[-90,0,0],"cubes":[{"origin":[-9,9,-10],"size":[18,18,20],"uv":{"north":{"uv":[1,1],"uv_size":[18,18]},"east":{"uv":[19,21],"uv_size":[20,18]},"south":{"uv":[1,39],"uv_size":[18,18]},"west":{"uv":[39,21],"uv_size":[-20,18]},"up":{"uv":[1,39],"uv_size":[18,-20]},"down":{"uv":[1,19],"uv_size":[18,20]}}}]}]}]}