{"format_version":"1.8.0","minecraft:client_entity":{"description":{"identifier":"hivectf:teleporter_campfire","materials":{"default":"entity_alphatest"},"textures":{"default":"textures/entity/hive/ctf/teleporter/campfire"},"geometry":{"default":"geometry.hive.ctf.teleporter.campfire"},"animations":{"idle":"animation.hive.ctf.teleporter.sandstone.idle"},"particle_effects":{"idle":"hivectf:teleporter_campfire_idle"},"animation_controllers":[{"idle":"controller.animation.hive.ctf.teleporter.idle.particles"}],"render_controllers":["controller.render.default"]}}}