{"format_version":"1.8.0","minecraft:client_entity":{"description":{"identifier":"hivecommon:boombox","materials":{"default":"hive_alpha"},"textures":{"standard":"textures/entity/hive/common/boombox/standard","frozen":"textures/entity/hive/common/boombox/frozen","knockback":"textures/entity/hive/common/boombox/knockback","poison":"textures/entity/hive/common/boombox/poison","block_breaker":"textures/entity/hive/common/boombox/block_breaker","blindness":"textures/entity/hive/common/boombox/blindness","fire":"textures/entity/hive/common/boombox/fire","web":"textures/entity/hive/common/boombox/web"},"geometry":{"default":"geometry.hive.common.boombox.default"},"render_controllers":["controller.render.hive.common.boombox"]}}}