{"format_version":"1.12.0","minecraft:geometry":[{"description":{"identifier":"geometry.hive.hub.arcade.parkour.start","texture_width":32,"texture_height":32,"visible_bounds_width":4,"visible_bounds_height":2.5,"visible_bounds_offset":[0,0.75,0]},"bones":[{"name":"root","pivot":[0,0,0]},{"name":"startingzone","parent":"root","pivot":[0,0,0],"cubes":[{"origin":[-6.00121,0,-14.48628],"size":[12,8,0],"uv":{"north":{"uv":[1,0],"uv_size":[12,8]},"south":{"uv":[1,0],"uv_size":[12,8]}}},{"origin":[-6.00121,0,-14.48628],"size":[12,8,0],"pivot":[0,0,0],"rotation":[0,45,0],"uv":{"north":{"uv":[1,0],"uv_size":[12,8]},"south":{"uv":[1,0],"uv_size":[12,8]}}},{"origin":[-6.00121,0,-14.48628],"size":[12,8,0],"pivot":[0,0,0],"rotation":[0,90,0],"uv":{"north":{"uv":[1,0],"uv_size":[12,8]},"south":{"uv":[1,0],"uv_size":[12,8]}}},{"origin":[-6.00121,0,-14.48628],"size":[12,8,0],"pivot":[0,0,0],"rotation":[0,135,0],"uv":{"north":{"uv":[1,0],"uv_size":[12,8]},"south":{"uv":[1,0],"uv_size":[12,8]}}},{"origin":[-6.00121,0,-14.48628],"size":[12,8,0],"pivot":[0,0,0],"rotation":[0,-45,0],"uv":{"north":{"uv":[1,0],"uv_size":[12,8]},"south":{"uv":[1,0],"uv_size":[12,8]}}},{"origin":[-6.00121,0,-14.48628],"size":[12,8,0],"pivot":[0,0,0],"rotation":[0,-90,0],"uv":{"north":{"uv":[1,0],"uv_size":[12,8]},"south":{"uv":[1,0],"uv_size":[12,8]}}},{"origin":[-6.00121,0,-14.48628],"size":[12,8,0],"pivot":[0,0,0],"rotation":[0,-135,0],"uv":{"north":{"uv":[1,0],"uv_size":[12,8]},"south":{"uv":[1,0],"uv_size":[12,8]}}},{"origin":[-6.00121,0,-14.48628],"size":[12,8,0],"pivot":[0,0,0],"rotation":[0,180,0],"uv":{"north":{"uv":[1,0],"uv_size":[12,8]},"south":{"uv":[1,0],"uv_size":[12,8]}}}]}]}]}