{"format_version":"1.8.0","minecraft:client_entity":{"description":{"identifier":"hivectf:beacon","materials":{"default":"slime_outer"},"textures":{"red":"textures/entity/hive/ctf/beacon/red","blue":"textures/entity/hive/ctf/beacon/blue","white":"textures/entity/hive/ctf/beacon/white"},"geometry":{"default":"geometry.hive.ctf.beacon"},"animations":{"pickup":"animation.hive.ctf.beacon.pickup","drop":"animation.hive.ctf.beacon.drop","capture":"animation.hive.ctf.beacon.capture"},"animation_controllers":[{"beacon":"controller.animation.hive.ctf.beacon"}],"render_controllers":["controller.render.hive.ctf.beacon"]}}}