{"format_version":"1.8.0","minecraft:client_entity":{"description":{"identifier":"hivectf:capture_zone","materials":{"default":"hive_ctf_blend_no_culling"},"textures":{"red":"textures/entity/hive/ctf/capture_zone/red","blue":"textures/entity/hive/ctf/capture_zone/blue","white":"textures/entity/hive/ctf/capture_zone/white"},"geometry":{"default":"geometry.hive.ctf.capture.zone"},"animations":{"idle":"animation.hive.ctf.capture.zone.idle","spawn":"animation.hive.ctf.capture.zone.spawn"},"animation_controllers":[{"captyure_zone":"controller.animation.hive.ctf.capture.zone"}],"render_controllers":["controller.render.hive.ctf.capture.zone"]}}}