{"format_version":"1.8.0","minecraft:client_entity":{"description":{"identifier":"hivectf:flag","materials":{"default":"entity_alphatest","blend":"slime_outer"},"textures":{"default_red":"textures/entity/hive/ctf/flag/default/red","default_blue":"textures/entity/hive/ctf/flag/default/blue","atlantis_red":"textures/entity/hive/ctf/flag/atlantis/red","atlantis_blue":"textures/entity/hive/ctf/flag/atlantis/blue","cosmic_red":"textures/entity/hive/ctf/flag/cosmic/red","cosmic_blue":"textures/entity/hive/ctf/flag/cosmic/blue","flourished_red":"textures/entity/hive/ctf/flag/flourished/red","flourished_blue":"textures/entity/hive/ctf/flag/flourished/blue","heart_red":"textures/entity/hive/ctf/flag/heart/red","heart_blue":"textures/entity/hive/ctf/flag/heart/blue","magma_red":"textures/entity/hive/ctf/flag/magma/red","magma_blue":"textures/entity/hive/ctf/flag/magma/blue","matrix_red":"textures/entity/hive/ctf/flag/matrix/red","matrix_blue":"textures/entity/hive/ctf/flag/matrix/blue","pirate_red":"textures/entity/hive/ctf/flag/pirate/red","pirate_blue":"textures/entity/hive/ctf/flag/pirate/blue","royal_red":"textures/entity/hive/ctf/flag/royal/red","royal_blue":"textures/entity/hive/ctf/flag/royal/blue","scifi_red":"textures/entity/hive/ctf/flag/scifi/red","scifi_blue":"textures/entity/hive/ctf/flag/scifi/blue","sorcerer_red":"textures/entity/hive/ctf/flag/sorcerer/red","sorcerer_blue":"textures/entity/hive/ctf/flag/sorcerer/blue","shipwreck_red":"textures/entity/hive/ctf/flag/shipwreck/red","shipwreck_blue":"textures/entity/hive/ctf/flag/shipwreck/blue","candycane_red":"textures/entity/hive/ctf/flag/candycane/red","candycane_blue":"textures/entity/hive/ctf/flag/candycane/blue"},"geometry":{"default":"geometry.hive.ctf.flag.default","atlantis":"geometry.hive.ctf.flag.atlantis","cosmic":"geometry.hive.ctf.flag.cosmic","flourished":"geometry.hive.ctf.flag.flourished","heart":"geometry.hive.ctf.flag.heart","magma":"geometry.hive.ctf.flag.magma","matrix":"geometry.hive.ctf.flag.matrix","pirate":"geometry.hive.ctf.flag.pirate","royal":"geometry.hive.ctf.flag.royal","scifi":"geometry.hive.ctf.flag.scifi","sorcerer":"geometry.hive.ctf.flag.sorcerer","shipwreck":"geometry.hive.ctf.flag.shipwreck","candycane":"geometry.hive.ctf.flag.candycane"},"animations":{"spawn_wait":"animation.hive.ctf.flag.spawn.wait","spawn_base":"animation.hive.ctf.flag.spawn.up","spawn_up":"animation.hive.ctf.flag.spawn.drop","idle":"animation.hive.ctf.flag.idle","pickup":"animation.hive.ctf.flag.pickup"},"particle_effects":{"curse":"hivectf:flag_curse"},"animation_controllers":[{"idle":"controller.animation.hive.ctf.flag.idle"},{"spawn":"controller.animation.hive.ctf.flag.spawn"}],"render_controllers":["controller.render.hive.ctf.flag"]}}}