{"format_version":"1.8.0","minecraft:client_entity":{"description":{"identifier":"hivectf:item_station","materials":{"default":"entity_alphatest","one_sided":"entity_alphatest_one_sided","blend":"slime_outer","alpha_blend":"entity_custom"},"textures":{"default":"textures/entity/hive/ctf/item_station"},"geometry":{"default":"geometry.hive.ctf.item.station"},"animations":{"spawn":"animation.hive.ctf.item.station.spawn","idle":"animation.hive.ctf.item.station.idle","proximity_enter":"animation.hive.ctf.item.station.proximity.enter","proximity_enter_hold":"animation.hive.ctf.item.station.proximity.enter.hold","proximity_leave":"animation.hive.ctf.item.station.proximity.leave","proximity_leave_hold":"animation.hive.ctf.item.station.proximity.leave.hold","interact":"animation.hive.ctf.item.station.interact","use1":"animation.hive.ctf.item.station.use1","use2":"animation.hive.ctf.item.station.use2"},"animation_controllers":[{"idle":"controller.animation.hive.ctf.item.station.idle"},{"proximity":"controller.animation.hive.ctf.item.station.proximity"},{"interact":"controller.animation.hive.ctf.item.station.interact"},{"use":"controller.animation.hive.ctf.item.station.use"}],"render_controllers":["controller.render.hive.ctf.item.station"]}}}