{"format_version":"1.8.0","minecraft:client_entity":{"description":{"identifier":"hivectf:progress_bar","materials":{"default":"entity_alphatest"},"textures":{"red":"textures/entity/hive/ctf/progress_bar/red","blue":"textures/entity/hive/ctf/progress_bar/blue"},"geometry":{"default":"geometry.hive.ctf.progress.bar"},"animations":{"spawn":"animation.hive.ctf.progress.spawn","progress":"animation.hive.ctf.progress.bar"},"animation_controllers":[{"progress":"controller.animation.hive.ctf.progress.bar"}],"render_controllers":["controller.render.hive.ctf.progress.bar"]}}}