{"format_version":"1.10.0","particle_effect":{"description":{"identifier":"hivectf:flag_curse","basic_render_parameters":{"material":"particles_alpha","texture":"textures/particle/particles"}},"components":{"minecraft:emitter_local_space":{"position":true,"rotation":true},"minecraft:emitter_rate_steady":{"spawn_rate":20,"max_particles":100},"minecraft:emitter_lifetime_expression":{},"minecraft:emitter_shape_point":{"offset":["math.cos(variable.emitter_age * 600)  * 0.2","math.cos(variable.emitter_age * 100) + 1","math.sin(variable.emitter_age * 600) * 0.2"],"direction":["math.random(-2,2)",0.2,"math.random(-2,2)"]},"minecraft:particle_lifetime_expression":{"max_lifetime":1.5},"minecraft:particle_initial_spin":{"rotation":"variable.particle_random_3*360","rotation_rate":"variable.particle_random_2*40"},"minecraft:particle_initial_speed":8,"minecraft:particle_appearance_billboard":{"size":["(1-(variable.particle_age/variable.particle_lifetime))*0.3","(1-(variable.particle_age/variable.particle_lifetime))*0.3"],"facing_camera_mode":"rotate_xyz","uv":{"texture_width":128,"texture_height":128,"uv":[0,0],"uv_size":[8,8]}},"minecraft:particle_appearance_tinting":{"color":{"interpolant":"variable.particle_age / variable.particle_lifetime","gradient":{"0.0":"#FF000000","1.0":"#FF50438E"}}}}}}