{"minecraft:geometry":[{"description":{"identifier":"geometry.hive.common.prestige.wings","texture_width":64,"texture_height":64,"visible_bounds_width":7,"visible_bounds_height":5,"visible_bounds_offset":[0,1.5,0]},"bones":[{"name":"root","pivot":[0,0,0]},{"name":"leftWing","parent":"root","pivot":[1,24,9]},{"name":"4","parent":"leftWing","pivot":[4,24,9],"cubes":[{"origin":[4,23,8],"size":[10,2,2],"uv":[3,39],"mirror":true},{"origin":[1,8,8.992],"size":[17,15,0],"uv":[0,13],"mirror":true}]},{"name":"5","parent":"4","pivot":[14,24,9],"cubes":[{"origin":[14,23,7.998],"size":[15,2,2],"uv":[3,43],"mirror":true},{"origin":[14,10,8.996],"size":[20,13,0],"uv":[0,0],"mirror":true}]},{"name":"6","parent":"5","pivot":[29,24,9],"cubes":[{"origin":[29,23,8],"size":[10,2,2],"uv":[3,47],"mirror":true},{"origin":[29,13,9],"size":[16,10,0],"uv":[0,28],"mirror":true}],"locators":{"left_tip":[42,20,9]}},{"name":"rightWing","parent":"root","pivot":[-1,24,9]},{"name":"1","parent":"rightWing","pivot":[-4,24,9],"cubes":[{"origin":[-14,23,8],"size":[10,2,2],"uv":[3,39]},{"origin":[-18,8,8.992],"size":[17,15,0],"uv":[0,13]}]},{"name":"2","parent":"1","pivot":[-14,24,9],"cubes":[{"origin":[-29,23,7.998],"size":[15,2,2],"uv":[3,43]},{"origin":[-34,10,8.996],"size":[20,13,0],"uv":[0,0]}]},{"name":"3","parent":"2","pivot":[-29,24,9],"cubes":[{"origin":[-39,23,8],"size":[10,2,2],"uv":[3,47]},{"origin":[-45,13,9],"size":[16,10,0],"uv":[0,28]}],"locators":{"right_tip":[-42,20,9]}}]}],"format_version":"1.12.0"}