{"format_version":"1.10.0","particle_effect":{"description":{"identifier":"hivesky:golden_pegasus","basic_render_parameters":{"material":"particles_alpha","texture":"textures/particle/hive/sky/deathcrates/golden_pegasus"}},"components":{"minecraft:emitter_rate_steady":{"spawn_rate":20,"max_particles":40},"minecraft:emitter_lifetime_expression":{},"minecraft:emitter_shape_box":{"offset":[0,0.6,0],"half_dimensions":[0.8,0.6,0.8],"surface_only":true,"direction":["Math.random(-0.008, 0.008)","Math.random(-0.008, 0.008)","Math.random(-0.008, 0.008)"]},"minecraft:particle_lifetime_expression":{"max_lifetime":"Math.Random(2.5,1)"},"minecraft:particle_initial_spin":{"rotation_rate":"math.random(-80,80)"},"minecraft:particle_initial_speed":0.4,"minecraft:particle_motion_dynamic":{"linear_acceleration":["variable.particle_random_1 \u003e 0.6 ? math.sin(variable.particle_age*120)*2 : -math.sin(variable.particle_age*120)*2",0,"variable.particle_random_1 \u003e 0.6 ? math.cos(variable.particle_age*120)*2 : -math.cos(variable.particle_age*120)*2"],"linear_drag_coefficient":4},"minecraft:particle_appearance_billboard":{"size":["(1-(variable.particle_age/variable.particle_lifetime))*0.06","(1-(variable.particle_age/variable.particle_lifetime))*0.06"],"facing_camera_mode":"lookat_xyz","uv":{"texture_width":8,"texture_height":48,"flipbook":{"base_UV":[0,0],"size_UV":[8,8],"step_UV":[0,8],"frames_per_second":6,"max_frame":6}}},"minecraft:particle_appearance_tinting":{"color":["Math.clamp(variable.particle_random_1 \u003e 0.5 ? 0.46 : 1, 0, 1)","Math.clamp(variable.particle_random_1 \u003e 0.5 ? 0.71 : 0.87, 0, 1)","Math.clamp(variable.particle_random_1 \u003e 0.5 ? 0.94 : 0.09, 0, 1)",1]}}}}