{"format_version":"1.10.0","particle_effect":{"description":{"identifier":"hivesky:sunken_chest_bubble_out","basic_render_parameters":{"material":"particles_alpha","texture":"textures/particle/hive/sky/deathcrates/sunken_chest"}},"components":{"minecraft:emitter_rate_instant":{"num_particles":15},"minecraft:emitter_lifetime_once":{"active_time":0.5},"minecraft:emitter_shape_point":{},"minecraft:particle_lifetime_expression":{"max_lifetime":1.4},"minecraft:particle_initial_speed":2.5,"minecraft:particle_motion_dynamic":{"linear_acceleration":[0,5,0],"linear_drag_coefficient":2},"minecraft:particle_appearance_billboard":{"size":["(1-(variable.particle_age/variable.particle_lifetime))*(variable.particle_random_1*0.3)","(1-(variable.particle_age/variable.particle_lifetime))*(variable.particle_random_1*0.3)"],"facing_camera_mode":"rotate_xyz","uv":{"texture_width":8,"texture_height":16,"flipbook":{"base_UV":[0,8],"size_UV":[8,8],"step_UV":[0,-8],"frames_per_second":1,"max_frame":2}}}}}}