{"format_version":"1.8.0","minecraft:client_entity":{"description":{"identifier":"hivehub:block_friday_22","materials":{"default":"entity_alphatest"},"textures":{"default":"textures/entity/hive/hub/bundle/block_friday_22"},"geometry":{"default":"geometry.hive.hub.bundle.block.friday.22"},"animations":{"idle":"animation.hive.hub.bundle.block.friday.22.idle"},"particle_effects":{"idle":"hivehub:large_gold_glitter"},"animation_controllers":[{"default":"controller.animation.hive.hub.game.idle.particle"}],"render_controllers":["controller.render.default"]}}}