{"format_version":"1.12.0","minecraft:geometry":[{"description":{"identifier":"geometry.hive.hub.arcade.station.sign.sign","texture_width":36,"texture_height":48,"visible_bounds_width":40,"visible_bounds_height":17,"visible_bounds_offset":[0,0.5,0]},"bones":[{"name":"root","pivot":[0,0,0]},{"name":"sign","parent":"root","pivot":[0,0,0],"cubes":[{"origin":[-312,0,4],"size":[16,48,4],"uv":{"north":{"uv":[0,0],"uv_size":[15,48]},"east":{"uv":[16,0],"uv_size":[4,48]},"up":{"uv":[20,8],"uv_size":[16,4]},"down":{"uv":[20,16],"uv_size":[16,-4]}}},{"origin":[296,0,4],"size":[16,48,4],"uv":{"north":{"uv":[14.984,0.016],"uv_size":[-14.968,47.968]},"west":{"uv":[19.984,0.016],"uv_size":[-3.968,47.968]},"up":{"uv":[35.984,8.016],"uv_size":[-15.968,3.968]},"down":{"uv":[35.984,15.984],"uv_size":[-15.968,-3.968]}}},{"origin":[-296,0,4],"size":[592,48,4],"uv":{"north":{"uv":[7,0],"uv_size":[1,48]},"up":{"uv":[20,0],"uv_size":[16,4]},"down":{"uv":[20,8],"uv_size":[16,-4]}}}]}]}]}