{"format_version":"1.10.0","particle_effect":{"description":{"identifier":"hivesky:ender","basic_render_parameters":{"material":"particles_alpha","texture":"textures/particle/hive/sky/projectiletrails/ender"}},"components":{"minecraft:emitter_rate_steady":{"spawn_rate":14,"max_particles":50},"minecraft:emitter_lifetime_expression":{},"minecraft:emitter_shape_point":{"offset":["math.cos(variable.emitter_age*600)*0.2",0,"math.sin(variable.emitter_age*600)*0.2"],"direction":[0,1,0]},"minecraft:particle_lifetime_expression":{"max_lifetime":1},"minecraft:particle_initial_spin":{"rotation_rate":"math.random(-90,90)"},"minecraft:particle_initial_speed":0.1,"minecraft:particle_motion_dynamic":{"linear_acceleration":[0,1,0]},"minecraft:particle_appearance_billboard":{"size":["(1-(variable.particle_age/variable.particle_lifetime))*0.1","(1-(variable.particle_age/variable.particle_lifetime))*0.1"],"facing_camera_mode":"rotate_xyz","uv":{"texture_width":8,"texture_height":32,"uv":[0,"variable.particle_random_3 \u003c 0.5 ? Math.round(variable.particle_random_2 * 2) * 8 + 8 : Math.round(variable.particle_random_2 * 3) * 8"],"uv_size":[8,8]}}}}}