{"format_version":"1.8.0","animations":{"animation.hive.sg.launchpad.yeet":{"loop":true,"animation_length":1.32,"bones":{"machine":{"position":{"0.28":{"pre":[0,0,0],"post":[0,0,0],"lerp_mode":"catmullrom"},"0.4":{"pre":[0,0,0.5],"post":[0,0,0.5],"lerp_mode":"catmullrom"},"0.52":{"pre":[0,0,0],"post":[0,0,0],"lerp_mode":"catmullrom"}}},"exhaust":{"scale":{"0.0":{"pre":[1,1,1],"post":[1,1,1],"lerp_mode":"catmullrom"},"0.24":{"pre":[1,0.95,1],"post":[1,0.95,1],"lerp_mode":"catmullrom"},"0.4":{"pre":[1,1.1,1],"post":[1,1.1,1],"lerp_mode":"catmullrom"},"1.04":{"pre":[1,1,1],"post":[1,1,1],"lerp_mode":"catmullrom"}}},"sensor":{"rotation":{"0.4":{"pre":[0,0,0],"post":[0,0,0],"lerp_mode":"catmullrom"},"0.48":{"pre":[0,-3,0],"post":[0,-3,0],"lerp_mode":"catmullrom"},"0.72":{"pre":[0,0,0],"post":[0,0,0],"lerp_mode":"catmullrom"}}},"piston":{"rotation":{"0.32":{"pre":[0,0,0],"post":[0,0,0],"lerp_mode":"catmullrom"},"0.48":{"pre":[-2,0,0],"post":[-2,0,0],"lerp_mode":"catmullrom"},"0.6":{"pre":[0.3,0,0],"post":[0.3,0,0],"lerp_mode":"catmullrom"},"0.76":{"pre":[0,0,0],"post":[0,0,0],"lerp_mode":"catmullrom"},"0.84":{"pre":[0,0,0],"post":[0,0,0],"lerp_mode":"catmullrom"},"0.96":{"pre":[1,0,0],"post":[1,0,0],"lerp_mode":"catmullrom"},"1.08":{"pre":[-0.3,0,0],"post":[-0.3,0,0],"lerp_mode":"catmullrom"},"1.2":{"pre":[0,0,0],"post":[0,0,0],"lerp_mode":"catmullrom"}}},"head":{"position":{"0.0":{"pre":[0,0,0],"post":[0,0,0],"lerp_mode":"catmullrom"},"0.08":{"pre":[0,0,0.5],"post":[0,0,0.5],"lerp_mode":"catmullrom"},"0.28":{"pre":[0,0,0.5],"post":[0,0,0.5],"lerp_mode":"catmullrom"},"0.44":[0,0,-4],"0.84":{"pre":[0,0,-4],"post":[0,0,-4],"lerp_mode":"catmullrom"},"0.96":{"pre":[0,0,0],"post":[0,0,0],"lerp_mode":"catmullrom"}}},"upperarm":{"position":{"0.0":{"pre":[0,0,0],"post":[0,0,0],"lerp_mode":"catmullrom"},"0.08":{"pre":[0,0,0.5],"post":[0,0,0.5],"lerp_mode":"catmullrom"},"0.28":{"pre":[0,0,0.5],"post":[0,0,0.5],"lerp_mode":"catmullrom"},"0.44":[0,0,-8],"0.84":{"pre":[0,0,-8],"post":[0,0,-8],"lerp_mode":"catmullrom"},"0.96":{"pre":[0,0,0],"post":[0,0,0],"lerp_mode":"catmullrom"}}}},"particle_effects":{"0.36":{"effect":"steam","locator":"exhaust1"},"0.44":{"effect":"steam","locator":"exhaust2"},"0.52":{"effect":"steam","locator":"exhaust3"}}},"animation.hive.sg.launchpad.charged":{"loop":"hold_on_last_frame","bones":{"upperarm":{"position":[0,0,2]}}},"animation.hive.sg.launchpad.launch":{"animation_length":0.9,"bones":{"machine":{"position":{"0.04":[0,0,0],"0.08":[0,0,0.75],"0.12":[0,0,1],"0.16":[0,0,0.72],"0.18":[0,0,0.17],"0.24":[0,0,0],"0.64":[0,0,0],"0.66":[0,0,0.2],"0.69":[0,0,0.25],"0.75":[0,0,0.05],"0.83":[0,0,0]}},"exhaust":{"scale":{"0.03":[1,1,1],"0.06":[1,1.07,1],"0.09":[1,1.1,1],"0.22":[1,1.01,1],"0.27":[1,1,1]}},"sensor":{"rotation":{"0.0":[0,0,0],"0.04":[0,0,0],"0.1":[0,5,0],"0.18":[0,-5,0],"0.26":[0,-3.75,0],"0.32":[0,0,0]}},"piston":{"rotation":{"0.06":[0,0,0],"0.12":[-3,0,0],"0.18":[-2.48,0,0],"0.28":[2,0,0],"0.32":[0.5,0,0],"0.36":[0.13,0,0],"0.4":[0,0,0]}},"head":{"position":{"0.0":[0,0,0],"0.12":[0,0,-4],"0.18":[0,0,-4],"0.24":[0,0,-3.75],"0.32":[0,0,-4],"0.48":[0,0,-4],"0.54":[0,0,-3.56],"0.64":[0,0,0.5],"0.68":[0,0,0.88],"0.72":[0,0,-0.25],"0.78":[0,0,0]}},"upperarm":{"position":{"0.0":[0,0,2],"0.12":[0,0,-5],"0.16":[0,0,-5.5],"0.22":[0,0,-5.17],"0.28":[0,0,-5],"0.48":[0,0,-5],"0.54":[0,0,-4.22],"0.64":[0,0,2.5],"0.76":[0,0,2.13],"0.8":[0,0,2]}}},"particle_effects":{"0.06":{"effect":"steam","locator":"exhaust1"},"0.12":{"effect":"steam","locator":"exhaust2"},"0.18":{"effect":"steam","locator":"exhaust3"}}}}}