{"format_version":"1.8.0","animations":{"animation.hive.sg.supply_crate.open":{"loop":"hold_on_last_frame","animation_length":0.68,"bones":{"strapeast":{"rotation":{"0.0":[0,0,0],"0.36":[0,0,-115.38],"0.44":[0,0,-141.34],"0.52":[0,0,-150],"0.64":[0,0,-149]}},"strapeast2":{"rotation":{"0.0":[0,0,0],"0.36":[0,-115.38,0],"0.44":[0,-141.34,0],"0.52":[0,-150,0],"0.64":[0,-150,0]}},"strapeast3":{"rotation":{"0.0":[0,0,0],"0.36":[0,0,115.38],"0.44":[0,0,141.35],"0.52":[0,0,150],"0.64":[0,0,149]}},"strapeast4":{"rotation":{"0.0":[0,0,0],"0.36":[0,115.38,0],"0.44":[0,141.35,0],"0.52":[0,150,0],"0.64":[0,150,0]}},"lid":{"rotation":{"0.08":[0,0,0],"0.14":[0,8.8,0],"0.46":[0,167.14,0],"0.52":[0,180,0]},"position":{"0.08":[0,0,0],"0.14":[0,1.5,0],"0.46":[0,31.34,0],"0.52":[0,33,0]},"scale":{"0.08":[1,1,1],"0.14":[0.95,0.95,0.95],"0.46":[0.07,0.07,0.07],"0.52":[0,0,0]}}}},"animation.hive.sg.supply_crate.closed":{"loop":true},"animation.hive.sg.supply_crate.opened":{"loop":true,"bones":{"strapeast":{"rotation":{"0.0":[0,0,-149]}},"strapeast2":{"rotation":{"0.0":[0,-150,0]}},"strapeast3":{"rotation":{"0.0":[0,0,149]}},"strapeast4":{"rotation":{"0.0":[0,150,0]}},"lid":{"rotation":{"0.0":[0,0,0]},"position":{"0.0":[0,0,0]},"scale":{"0.0":[0,0,0]}}}}}}