{"format_version":"1.10.0","animation_controllers":{"controller.animation.hive.hub.elevatordoor":{"states":{"default":{"transitions":[{"open":"query.is_tamed"},{"call":"query.is_baby"}]},"open":{"animations":["open"],"transitions":[{"hold":"query.all_animations_finished"}]},"hold":{"animations":["hold"],"transitions":[{"close":"!query.is_tamed"}]},"close":{"animations":["close"],"transitions":[{"default":"query.all_animations_finished"}]},"call":{"animations":["call"],"transitions":[{"default":"!query.is_baby"}]}}}}}