{"format_version":"1.10.0","animation_controllers":{"controller.animation.hive.hub.elevator":{"states":{"default":{"transitions":[{"open":"query.is_tamed"}]},"open":{"animations":["open"],"transitions":[{"hold":"query.all_animations_finished"}]},"hold":{"animations":["hold"],"transitions":[{"close":"!query.is_tamed"}]},"close":{"animations":["close"],"transitions":[{"start":"query.all_animations_finished"}]},"start":{"animations":["start"],"transitions":[{"default":"query.all_animations_finished"}]}}}}}