{"format_version":"1.10.0","particle_effect":{"description":{"identifier":"hivepets:pirateship_cannons","basic_render_parameters":{"material":"particles_alpha","texture":"textures/particle/particles"}},"components":{"minecraft:emitter_rate_instant":{"num_particles":20},"minecraft:emitter_lifetime_once":{"active_time":0.1},"minecraft:emitter_shape_point":{"direction":["math.random(0.1,-0.1)","math.random(0.1,-0.1)",-1]},"minecraft:particle_lifetime_expression":{"max_lifetime":0.8},"minecraft:particle_initial_speed":1,"minecraft:particle_motion_dynamic":{"linear_drag_coefficient":2,"rotation_acceleration":"math.random(-45,45)"},"minecraft:particle_appearance_billboard":{"size":["variable.particle_age \u003c 0.4 ? variable.particle_age/5 : 0.03*(4-variable.particle_age)","variable.particle_age \u003c 0.4 ? variable.particle_age/5 : 0.03*(4-variable.particle_age)"],"facing_camera_mode":"rotate_xyz","uv":{"texture_width":128,"texture_height":128,"flipbook":{"base_UV":[56,0],"size_UV":[8,8],"step_UV":[-8,0],"frames_per_second":3,"max_frame":8,"stretch_to_lifetime":true}}},"minecraft:particle_appearance_tinting":{"color":{"interpolant":"variable.particle_age","gradient":{"0.0":"#FFEE4F21","0.3400000000000001":"#FF848484","0.63":"#FFD7D1CE"}}}}}}