{"format_version":"1.10.0","particle_effect":{"description":{"identifier":"hivepets:pirateship_water","basic_render_parameters":{"material":"particles_blend","texture":"textures/particle/particles"}},"components":{"minecraft:emitter_rate_steady":{"spawn_rate":20,"max_particles":80},"minecraft:emitter_lifetime_looping":{"active_time":7.12},"minecraft:emitter_shape_disc":{"offset":[0,0,-0.5],"radius":0.6,"direction":[0,0,5]},"minecraft:particle_lifetime_expression":{"max_lifetime":2},"minecraft:particle_initial_spin":{"rotation_rate":"math.random(-45,45)"},"minecraft:particle_initial_speed":0.6,"minecraft:particle_motion_dynamic":{"linear_acceleration":[0,"math.cos(variable.particle_age*300)*(variable.particle_random_1*1.5)",0]},"minecraft:particle_appearance_billboard":{"size":["variable.particle_age \u003c 0.5 ? variable.particle_age/5 : 0.06*(2-variable.particle_age)","variable.particle_age \u003c 0.5 ? variable.particle_age/5 : 0.06*(2-variable.particle_age)"],"facing_camera_mode":"rotate_xyz","uv":{"texture_width":128,"texture_height":128,"uv":[0,80],"uv_size":[8,8]}},"minecraft:particle_appearance_tinting":{"color":{"interpolant":"variable.particle_age","gradient":{"0.0":"#FF68AFFF","0.6800000000000002":"#FF31458A","1.26":"#FF3176BC"}}}}}}