{"format_version":"1.8.0","minecraft:client_entity":{"description":{"identifier":"hivelny:hunt_banner","materials":{"default":"entity_alphatest"},"textures":{"snake":"textures/hive/hub/lny/banner/snake","horse":"textures/hive/hub/lny/banner/horse","goat":"textures/hive/hub/lny/banner/goat","monkey":"textures/hive/hub/lny/banner/monkey","rooster":"textures/hive/hub/lny/banner/rooster","dog":"textures/hive/hub/lny/banner/dog","pig":"textures/hive/hub/lny/banner/pig","rat":"textures/hive/hub/lny/banner/rat","ox":"textures/hive/hub/lny/banner/ox","tiger":"textures/hive/hub/lny/banner/tiger","rabbit":"textures/hive/hub/lny/banner/rabbit","dragon":"textures/hive/hub/lny/banner/dragon"},"geometry":{"default":"geometry.hive.hub.lny.banner"},"particle_effects":{"banner_drop":"hivelny:banner_drop"},"animations":{"rolled":"animation.hive.hub.lny.banner.rolled","unrolling":"animation.hive.hub.lny.banner.unrolling","unrolled":"animation.hive.hub.lny.banner.unrolled"},"animation_controllers":[{"general":"controller.animation.hive.hub.lny.banner"}],"render_controllers":["controller.render.hive.hub.lny.banner"]}}}