{"format_version":"1.8.0","minecraft:client_entity":{"description":{"identifier":"hivelny:lantern","materials":{"default":"entity_emissive_alpha"},"textures":{"bee":"textures/hive/hub/lny/lantern/bee","ice_queen":"textures/hive/hub/lny/lantern/ice_queen","mailbot":"textures/hive/hub/lny/lantern/mailbot","moobloom":"textures/hive/hub/lny/lantern/moobloom","ox":"textures/hive/hub/lny/lantern/ox","potter":"textures/hive/hub/lny/lantern/potter","red":"textures/hive/hub/lny/lantern/red","short":"textures/hive/hub/lny/lantern/short","tall":"textures/hive/hub/lny/lantern/tall"},"geometry":{"bee":"geometry.hive.hub.lny.lantern.bee","ice_queen":"geometry.hive.hub.lny.lantern.ice_queen","mailbot":"geometry.hive.hub.lny.lantern.mailbot","moobloom":"geometry.hive.hub.lny.lantern.moobloom","ox":"geometry.hive.hub.lny.lantern.ox","potter":"geometry.hive.hub.lny.lantern.potter","red":"geometry.hive.hub.lny.lantern.red","short":"geometry.hive.hub.lny.lantern.short","tall":"geometry.hive.hub.lny.lantern.tall"},"render_controllers":["controller.render.hive.hub.lny.lantern"]}}}