{"format_version":"1.10.0","particle_effect":{"description":{"identifier":"hivehub:fan_blow_up","basic_render_parameters":{"material":"particles_alpha","texture":"textures/particle/particles"}},"components":{"minecraft:emitter_rate_steady":{"spawn_rate":25,"max_particles":200},"minecraft:emitter_lifetime_looping":{"active_time":2},"minecraft:emitter_shape_disc":{"radius":1.5,"direction":[0,6,0]},"minecraft:particle_lifetime_expression":{"max_lifetime":2},"minecraft:particle_initial_spin":{"rotation":"math.random(-45,45)"},"minecraft:particle_initial_speed":6,"minecraft:particle_motion_dynamic":{"linear_acceleration":[0,3,0],"rotation_acceleration":90},"minecraft:particle_appearance_billboard":{"size":["(1-(variable.particle_age/variable.particle_lifetime))*0.25","(1-(variable.particle_age/variable.particle_lifetime))*0.25"],"facing_camera_mode":"rotate_xyz","uv":{"texture_width":128,"texture_height":128,"flipbook":{"base_UV":[40,0],"size_UV":[8,8],"step_UV":[-8,0],"frames_per_second":4,"max_frame":7,"stretch_to_lifetime":true}}},"minecraft:particle_appearance_tinting":{"color":{"interpolant":"variable.particle_age","gradient":{"0.0":"#FFFFFFFF","1.0":"#FF626262"}}}}}}