{"minecraft:geometry":[{"description":{"identifier":"geometry.hive.territory.powerup.golden.destruction","texture_width":80,"texture_height":64,"visible_bounds_width":3,"visible_bounds_height":4,"visible_bounds_offset":[0,1,0]},"bones":[{"name":"root","pivot":[0,0,0]},{"name":"TNT","parent":"root","pivot":[0,3,0]},{"name":"mid","parent":"TNT","pivot":[0,9,0],"cubes":[{"origin":[-3,19,-3],"size":[6,3,6],"uv":[40,37]},{"origin":[-1,21,0],"size":[2,6,0],"pivot":[0,22,0],"rotation":[0,0,15],"uv":[0,0]},{"origin":[-9,0,-9],"size":[18,19,18],"uv":[0,0],"mirror":true},{"origin":[6,-1,-11],"size":[5,21,5],"uv":[0,37],"mirror":true},{"origin":[6,-1,6],"size":[5,21,5],"uv":[20,37],"mirror":true},{"origin":[-11,-1,6],"size":[5,21,5],"uv":[20,37]},{"origin":[-11,-1,-11],"size":[5,21,5],"uv":[0,37]}]}]}],"format_version":"1.12.0"}