{"minecraft:geometry":[{"description":{"identifier":"geometry.hive.territory.powerup.golden.territory.expansion","texture_width":64,"texture_height":64,"visible_bounds_width":3,"visible_bounds_height":4,"visible_bounds_offset":[0,1,0]},"bones":[{"name":"root","pivot":[0,0,0]},{"name":"territory","parent":"root","pivot":[0,0,0]},{"name":"left","parent":"territory","pivot":[0,6,0],"cubes":[{"origin":[-8,4,-2],"size":[12,4,4],"uv":[0,0]},{"origin":[-7,8,-2],"size":[4,1,4],"uv":[0,8]},{"origin":[-6,9,-2],"size":[3,1,4],"uv":[17,8]},{"origin":[-5,10,-2],"size":[2,1,4],"uv":[32,8]},{"origin":[-9,5,-2],"size":[1,2,4],"uv":[0,13]},{"origin":[-7,3,-2],"size":[4,1,4],"uv":[11,14]},{"origin":[-6,2,-2],"size":[3,1,4],"uv":[49,8]},{"origin":[-5,1,-2],"size":[2,1,4],"uv":[33,2]}]},{"name":"right","parent":"territory","pivot":[0,14,0],"cubes":[{"origin":[-4,12,-2],"size":[12,4,4],"uv":[0,0],"mirror":true},{"origin":[3,16,-2],"size":[4,1,4],"uv":[0,8],"mirror":true},{"origin":[3,17,-2],"size":[3,1,4],"uv":[17,8],"mirror":true},{"origin":[3,18,-2],"size":[2,1,4],"uv":[32,8],"mirror":true},{"origin":[8,13,-2],"size":[1,2,4],"uv":[0,13],"mirror":true},{"origin":[3,11,-2],"size":[4,1,4],"uv":[11,14],"mirror":true},{"origin":[3,10,-2],"size":[3,1,4],"uv":[49,8],"mirror":true},{"origin":[3,9,-2],"size":[2,1,4],"uv":[33,2],"mirror":true}]}]}],"format_version":"1.12.0"}