{"format_version":"1.8.0","animations":{"animation.hive.hub.npc.animals.bear.idle":{"loop":true,"animation_length":9.2,"bones":{"body":{"rotation":[0,-20.25,0]},"head":{"rotation":{"0.0":[27.5,-27.25,-27.5],"0.4":[27.32,-27.25,-27.5],"0.72":[26.95,-27.25,-27.5],"1.28":[25.98094,-27.25,-27.5],"1.92":[24.37,-27.25,-27.5],"2.52":[23.305,-27.25,-27.5],"3.08":[22.88,-27.25,-27.5],"3.8":[22.67,-27.25,-27.5],"4.16":[22.62,-27.25,-27.5],"4.52":[22.67,-27.25,-27.5],"5.24":[22.88,-27.25,-27.5],"5.8":[23.305,-27.25,-27.5],"6.4":[24.37,-27.25,-27.5],"7.04":[25.98094,-27.25,-27.5],"7.6":[26.95,-27.25,-27.5],"8.12":[27.32,-27.25,-27.5],"8.64":[27.46,-27.25,-27.5],"9.2":[27.5,-27.25,-27.5]},"position":[1.825,1.5,-1.325]},"torso":{"position":[0,-5,0]},"front":{"position":{"0.0":[-0.928,0,0],"2.04":[-0.928,0.32,0],"2.72":[-0.928,0.368,0],"3.4":[-0.928,0.4,0],"7.44":[-0.928,0.048,0],"8.24":[-0.928,0.016,0],"9.0":[-0.928,0,0]}},"back":{"rotation":[0,17.5,0],"position":[0,0,-1.75]},"leg1":{"rotation":[-170,0,85],"position":[3.2,-9.25,-4.975]},"leg18":{"rotation":[-35,0,0],"position":[0,0.325,-0.95]},"leg2":{"rotation":[0,0,90],"position":[-0.375,-7.925,1.2]},"leg3":{"rotation":[-120,21.75,0],"position":[0,-6,-3]},"leg35":{"rotation":[120,0,0],"position":[-0.425,1.95,0.875]},"leg4":{"rotation":[-120,-15,0],"position":[2.75,-6,-3.45]},"leg45":{"rotation":[120,0,0],"position":[-0.425,1.95,0.875]},"earLeft":{"rotation":[35,17.5,0]},"earRight":{"rotation":[37.5,-7.5,-12.5],"position":[0,0.6,0]},"bottomMouth":{"rotation":{"0.0":[0,0,0],"0.6":[0.68,0,0],"1.84":[6.27,0,0],"2.88":[7.4,0,0],"4.36":[7.75,0,0],"5.08":[5.88,0,0],"6.96":[0,0,0]}},"rightEyebrow":{"position":{"0.0":[0,-0.75,0],"0.32":[0,-0.76,0],"0.52":[0,-0.77,0],"1.56":[0,-0.875,0],"5.8":[0,-0.88,0],"6.12":[0,-0.85,0],"6.6":[0,-0.75,0],"7.24":[0,-0.72,0],"8.6":[0,-0.75,0],"9.16":[0,-0.75,0]}},"leftEyebrow":{"position":{"0.0":[0,-0.8,0],"0.32":[0,-0.81,0],"0.52":[0,-0.82,0],"1.56":[0,-0.925,0],"5.8":[0,-0.93,0],"6.12":[0,-0.9,0],"6.6":[0,-0.8,0],"7.24":[0,-0.77,0],"8.6":[0,-0.8,0],"9.16":[0,-0.8,0]}},"z2":{"rotation":[0,-62.5,0],"position":{"5.48":[-3,-8,2],"8.88":[-3,-3.5,1.25]},"scale":{"5.48":[0,0,0.4],"5.64":[0.19068,0.19068,0.4],"5.8":[0.22,0.22,0.4],"6.0":[0.21216,0.21216,0.4],"8.88":[0,0,0.4]}}}}}}