{"format_version":"1.12.0","minecraft:geometry":[{"description":{"identifier":"geometry.hive.hub.arcade.elevatordoor","texture_width":128,"texture_height":80,"visible_bounds_width":7,"visible_bounds_height":6.5,"visible_bounds_offset":[0,2.75,0]},"bones":[{"name":"root","pivot":[0,0,0]},{"name":"button","parent":"root","pivot":[-32,23,-8],"cubes":[{"origin":[-37,15,-11],"size":[10,17,3],"uv":[73,47]}]},{"name":"door","parent":"root","pivot":[-24,16,0]},{"name":"leftDoor","parent":"door","pivot":[23,0,0],"cubes":[{"origin":[0,0,-3],"size":[12,64,6],"uv":[36,0],"mirror":true}]},{"name":"bone2","parent":"leftDoor","pivot":[12,0,0],"cubes":[{"origin":[12,0,-3],"size":[12,64,6],"uv":[0,0],"mirror":true}]},{"name":"rightDoor","parent":"door","pivot":[-23,0,0],"cubes":[{"origin":[-12,0,-3],"size":[12,64,6],"uv":[36,0]}]},{"name":"bone","parent":"rightDoor","pivot":[-12,0,0],"cubes":[{"origin":[-24,0,-3],"size":[12,64,6],"uv":[0,0]}]},{"name":"screen","parent":"door","pivot":[0,77.5,-8],"rotation":[11,0,0],"cubes":[{"origin":[-12,67.5,-14],"size":[24,10,3],"uv":[73,33]},{"origin":[-12,67.5,-11],"size":[24,10,3],"uv":[73,19]}]},{"name":"bone7","parent":"screen","pivot":[16,81.5,-8],"cubes":[{"origin":[8,68.5,-11.1],"size":[2,8,0],"uv":[82,6]}]},{"name":"bone6","parent":"screen","pivot":[12,81.5,-8],"cubes":[{"origin":[4,68.5,-11.1],"size":[2,6,0],"uv":[73,12]}]},{"name":"bone5","parent":"screen","pivot":[8,83.5,-8],"cubes":[{"origin":[-2,74.5,-11.1],"size":[4,2,0],"uv":[73,9]}]},{"name":"bone4","parent":"screen","pivot":[8,80.5,-8],"cubes":[{"origin":[-2,71.5,-11.1],"size":[4,2,0],"uv":[73,6]}]},{"name":"bone3","parent":"screen","pivot":[8,77.5,-8],"cubes":[{"origin":[-2,68.5,-11.1],"size":[4,2,0],"uv":[73,6]}]}]}]}