{"format_version":"1.10.0","animation_controllers":{"controller.animation.hive.hub.npc.animals.owl.idle":{"states":{"default":{"animations":["idle"]}}},"controller.animation.hive.hub.npc.animals.owl.idle2":{"states":{"default":{"transitions":[{"blink":"variable.idleRandom \u003d\u003d 0"},{"look":"variable.idleRandom \u003d\u003d 1"},{"sleepy":"variable.idleRandom \u003d\u003d 2"}],"blend_transition":0.2},"blink":{"animations":["blink"],"transitions":[{"default":"query.all_animations_finished"}],"blend_transition":0.2},"look":{"animations":["look"],"transitions":[{"default":"query.all_animations_finished"}],"blend_transition":0.2},"sleepy":{"animations":["sleepy"],"transitions":[{"default":"query.all_animations_finished"}],"blend_transition":0.2}}}}}