{"format_version":"1.8.0","animations":{"animation.hive.hub.arcade.parkour.start.idle":{"loop":true,"animation_length":2.56,"bones":{"startingzone":{"scale":{"0.0":[1,1,1],"0.12":[1,0.9926,1],"0.28":[1,0.9727,1],"0.44":[1,0.8933,1],"0.6":[1,0.8337,1],"0.68":[1,0.8169,1],"0.8":[1,0.8068,1],"0.88":[1,0.8034,1],"1.04":[1,0.8,1],"1.2":[1,0.8034,1],"1.28":[1,0.8068,1],"1.4":[1,0.8169,1],"1.48":[1,0.8337,1],"1.68":[1,0.8933,1],"1.88":[1,0.9727,1],"2.2":[1,0.9926,1],"2.4":[1,0.9985,1],"2.56":[1,1,1]}}}},"animation.hive.hub.arcade.parkour.start.spin":{"loop":true,"animation_length":20,"bones":{"startingzone":{"rotation":{"0.0":[0,0,0],"20.0":[0,360,0]}}}}}}