{"format_version":"1.8.0","animations":{"animation.hive.ctf.spring.flower.activate":{"loop":"hold_on_last_frame","animation_length":0.64,"bones":{"flower":{"scale":{"0.0":[1,1,1],"0.04":[1.1,0.8,1.1],"0.08":[0.94,1.2,0.94],"0.16":[0.9133,1.2667,0.9133],"0.28":[0.9,1.3,0.9],"0.36":[0.9383,1.1892,0.9383],"0.4":[1.015,0.9675,1.015],"0.52":[1,1,1]}},"petal":{"rotation":{"0.04":[0,0,0],"0.08":[8.125,0,0],"0.36":[-11.375,0,0],"0.48":[1.95,0,0],"0.64":[0,0,0]}},"petal2":{"rotation":{"0.04":[0,0,0],"0.08":[-8.125,0,0],"0.36":[11.375,0,0],"0.48":[-1.95,0,0],"0.64":[0,0,0]}},"petal3":{"rotation":{"0.04":[0,0,0],"0.08":[0,0,12.5],"0.36":[0,0,-12.5],"0.48":[0,0,3.5],"0.64":[0,0,0]}},"petal4":{"rotation":{"0.04":[0,0,0],"0.08":[0,0,-12.5],"0.36":[0,0,12.5],"0.48":[0,0,-3.5],"0.64":[0,0,0]}}}}}}