{"format_version":"1.8.0","animations":{"animation.hive.ctf.spring.sandstone.activate":{"loop":"hold_on_last_frame","animation_length":0.56,"bones":{"spring":{"position":{"0.0":[0,0,0],"0.04":[0,-2,0],"0.12":[0,5.75,-0.5],"0.2":[0,5.92,-0.5],"0.32":[0,6,-0.5],"0.48":[0,-0.55,0],"0.56":[0,0,0]},"scale":{"0.0":[1,1,1],"0.04":[1.2,1,1.2],"0.2":[1,1,1]}},"pad":{"scale":{"0.04":[1,1,1],"0.08":[1,1.3,1],"0.12":[1,1,1]}},"piston":{"position":{"0.0":[0,0,0],"0.04":[0,-2,0],"0.12":[0,9.75,-0.5],"0.2":[0,9.92,-0.5],"0.24":[0,9.95,-0.5],"0.32":[0,10,-0.5],"0.48":[0,-0.55,0],"0.56":[0,0,0]},"scale":{"0.0":[1,1,1],"0.04":[1.2,1,1.2],"0.2":[1,1,1]}}}}}}