{"format_version":"1.12.0","minecraft:geometry":[{"description":{"identifier":"geometry.hive.dr.end.portal","texture_width":51,"texture_height":51,"visible_bounds_width":8,"visible_bounds_height":7,"visible_bounds_offset":[0,1.5,0]},"bones":[{"name":"root","pivot":[0,0,0]},{"name":"portal","parent":"root","pivot":[0,0,0],"cubes":[{"origin":[-24,2,-24],"size":[48,0,48],"uv":{"up":{"uv":[0,3],"uv_size":[48,48]}}}]},{"name":"bone","parent":"portal","pivot":[0,2,0],"cubes":[{"origin":[-16,17,14],"size":[2,0,6],"pivot":[-14.5,17,18.5],"rotation":[0,25,0],"uv":{"north":{"uv":[0,0],"uv_size":[1,0]},"east":{"uv":[0,0],"uv_size":[3,0]},"south":{"uv":[0,0],"uv_size":[1,0]},"west":{"uv":[0,0],"uv_size":[3,0]},"up":{"uv":[3,3],"uv_size":[-1,-3]}}},{"origin":[-2,8,-1],"size":[1,0,3],"pivot":[-0.5,8,4.5],"rotation":[0,-60,0],"uv":{"north":{"uv":[0,0],"uv_size":[1,0]},"east":{"uv":[0,0],"uv_size":[3,0]},"south":{"uv":[0,0],"uv_size":[1,0]},"west":{"uv":[0,0],"uv_size":[3,0]},"up":{"uv":[3,3],"uv_size":[-1,-3]}}},{"origin":[10,14,7],"size":[2,0,6],"pivot":[14.5,14,10.5],"rotation":[-180,5,180],"uv":{"north":{"uv":[0,0],"uv_size":[1,0]},"east":{"uv":[0,0],"uv_size":[3,0]},"south":{"uv":[0,0],"uv_size":[1,0]},"west":{"uv":[0,0],"uv_size":[3,0]},"up":{"uv":[3,3],"uv_size":[-1,-3]}}},{"origin":[-8,3,-18],"size":[1,0,3],"pivot":[-13.5,3,-16.5],"rotation":[-180,22.5,180],"uv":{"north":{"uv":[0,0],"uv_size":[1,0]},"east":{"uv":[0,0],"uv_size":[3,0]},"south":{"uv":[0,0],"uv_size":[1,0]},"west":{"uv":[0,0],"uv_size":[3,0]},"up":{"uv":[3,3],"uv_size":[-1,-3]}}},{"origin":[13,15,-15],"size":[2,0,6],"pivot":[14.5,15,-11.5],"rotation":[0,52.5,0],"uv":{"north":{"uv":[0,0],"uv_size":[1,0]},"east":{"uv":[0,0],"uv_size":[3,0]},"south":{"uv":[0,0],"uv_size":[1,0]},"west":{"uv":[0,0],"uv_size":[3,0]},"up":{"uv":[3,3],"uv_size":[-1,-3]}}},{"origin":[11,10,-3],"size":[1,0,3],"pivot":[11.5,10,-1.5],"rotation":[0,25,0],"uv":{"north":{"uv":[0,0],"uv_size":[1,0]},"east":{"uv":[0,0],"uv_size":[3,0]},"south":{"uv":[0,0],"uv_size":[1,0]},"west":{"uv":[0,0],"uv_size":[3,0]},"up":{"uv":[2,3],"uv_size":[-1,-3]}}},{"origin":[-16,14,7],"size":[1,0,3],"pivot":[-11.5,14,9.5],"rotation":[-180,27.5,180],"uv":{"north":{"uv":[0,0],"uv_size":[1,0]},"east":{"uv":[0,0],"uv_size":[3,0]},"south":{"uv":[0,0],"uv_size":[1,0]},"west":{"uv":[0,0],"uv_size":[3,0]},"up":{"uv":[2,3],"uv_size":[-1,-3]}}},{"origin":[-12,10,-11],"size":[1,0,3],"pivot":[-4.5,10,-9.5],"rotation":[0,-27.5,0],"uv":{"north":{"uv":[0,0],"uv_size":[1,0]},"east":{"uv":[0,0],"uv_size":[3,0]},"south":{"uv":[0,0],"uv_size":[1,0]},"west":{"uv":[0,0],"uv_size":[3,0]},"up":{"uv":[2,3],"uv_size":[-1,-3]}}},{"origin":[-15,5,-4],"size":[2,0,6],"pivot":[-19.5,5,-0.5],"rotation":[0,62.5,0],"uv":{"north":{"uv":[0,0],"uv_size":[1,0]},"east":{"uv":[0,0],"uv_size":[3,0]},"south":{"uv":[0,0],"uv_size":[1,0]},"west":{"uv":[0,0],"uv_size":[3,0]},"up":{"uv":[1,3],"uv_size":[-1,-3]}}},{"origin":[6,11,-15],"size":[1,0,3],"pivot":[5.5,11,-13.5],"rotation":[-180,12.5,180],"uv":{"north":{"uv":[0,0],"uv_size":[1,0]},"east":{"uv":[0,0],"uv_size":[3,0]},"south":{"uv":[0,0],"uv_size":[1,0]},"west":{"uv":[0,0],"uv_size":[3,0]},"up":{"uv":[1,3],"uv_size":[-1,-3]}}},{"origin":[2,13,17],"size":[1,0,3],"pivot":[5.5,13,16.5],"rotation":[-180,30,180],"uv":{"north":{"uv":[0,0],"uv_size":[1,0]},"east":{"uv":[0,0],"uv_size":[3,0]},"south":{"uv":[0,0],"uv_size":[1,0]},"west":{"uv":[0,0],"uv_size":[3,0]},"up":{"uv":[1,3],"uv_size":[-1,-3]}}}]},{"name":"bone2","parent":"portal","pivot":[0,4,0],"rotation":[-180,40,180],"cubes":[{"origin":[-14,19,17],"size":[1,0,3],"pivot":[-14.5,19,18.5],"rotation":[0,25,0],"uv":{"north":{"uv":[0,0],"uv_size":[1,0]},"east":{"uv":[0,0],"uv_size":[3,0]},"south":{"uv":[0,0],"uv_size":[1,0]},"west":{"uv":[0,0],"uv_size":[3,0]},"up":{"uv":[3,3],"uv_size":[-1,-3]}}},{"origin":[0,10,7],"size":[2,0,6],"pivot":[-0.5,10,4.5],"rotation":[0,77.5,0],"uv":{"north":{"uv":[0,0],"uv_size":[1,0]},"east":{"uv":[0,0],"uv_size":[3,0]},"south":{"uv":[0,0],"uv_size":[1,0]},"west":{"uv":[0,0],"uv_size":[3,0]},"up":{"uv":[3,3],"uv_size":[-1,-3]}}},{"origin":[13,16,10],"size":[1,0,3],"pivot":[14.5,16,10.5],"rotation":[-180,5,180],"uv":{"north":{"uv":[0,0],"uv_size":[1,0]},"east":{"uv":[0,0],"uv_size":[3,0]},"south":{"uv":[0,0],"uv_size":[1,0]},"west":{"uv":[0,0],"uv_size":[3,0]},"up":{"uv":[3,3],"uv_size":[-1,-3]}}},{"origin":[-14,5,-18],"size":[1,0,3],"pivot":[-13.5,5,-16.5],"rotation":[-180,22.5,180],"uv":{"north":{"uv":[0,0],"uv_size":[1,0]},"east":{"uv":[0,0],"uv_size":[3,0]},"south":{"uv":[0,0],"uv_size":[1,0]},"west":{"uv":[0,0],"uv_size":[3,0]},"up":{"uv":[3,3],"uv_size":[-1,-3]}}},{"origin":[14,17,-13],"size":[1,0,3],"pivot":[14.5,17,-11.5],"rotation":[0,52.5,0],"uv":{"north":{"uv":[0,0],"uv_size":[1,0]},"east":{"uv":[0,0],"uv_size":[3,0]},"south":{"uv":[0,0],"uv_size":[1,0]},"west":{"uv":[0,0],"uv_size":[3,0]},"up":{"uv":[3,3],"uv_size":[-1,-3]}}},{"origin":[11,12,-7],"size":[1,0,3],"pivot":[11.5,12,-1.5],"rotation":[0,52.5,0],"uv":{"north":{"uv":[0,0],"uv_size":[1,0]},"east":{"uv":[0,0],"uv_size":[3,0]},"south":{"uv":[0,0],"uv_size":[1,0]},"west":{"uv":[0,0],"uv_size":[3,0]},"up":{"uv":[2,3],"uv_size":[-1,-3]}}},{"origin":[-12,16,6],"size":[1,0,3],"pivot":[-11.5,16,9.5],"rotation":[-180,47.5,180],"uv":{"north":{"uv":[0,0],"uv_size":[1,0]},"east":{"uv":[0,0],"uv_size":[3,0]},"south":{"uv":[0,0],"uv_size":[1,0]},"west":{"uv":[0,0],"uv_size":[3,0]},"up":{"uv":[2,3],"uv_size":[-1,-3]}}},{"origin":[-6,12,-8],"size":[2,0,6],"pivot":[-4.5,12,-9.5],"rotation":[0,-27.5,0],"uv":{"north":{"uv":[0,0],"uv_size":[1,0]},"east":{"uv":[0,0],"uv_size":[3,0]},"south":{"uv":[0,0],"uv_size":[1,0]},"west":{"uv":[0,0],"uv_size":[3,0]},"up":{"uv":[2,3],"uv_size":[-1,-3]}}},{"origin":[-20,7,2],"size":[1,0,3],"pivot":[-19.5,7,-0.5],"rotation":[0,62.5,0],"uv":{"north":{"uv":[0,0],"uv_size":[1,0]},"east":{"uv":[0,0],"uv_size":[3,0]},"south":{"uv":[0,0],"uv_size":[1,0]},"west":{"uv":[0,0],"uv_size":[3,0]},"up":{"uv":[1,3],"uv_size":[-1,-3]}}},{"origin":[5,13,-15],"size":[1,0,3],"pivot":[5.5,13,-13.5],"rotation":[-180,12.5,180],"uv":{"north":{"uv":[0,0],"uv_size":[1,0]},"east":{"uv":[0,0],"uv_size":[3,0]},"south":{"uv":[0,0],"uv_size":[1,0]},"west":{"uv":[0,0],"uv_size":[3,0]},"up":{"uv":[1,3],"uv_size":[-1,-3]}}},{"origin":[5,15,11],"size":[1,0,3],"pivot":[5.5,15,16.5],"rotation":[-180,30,180],"uv":{"north":{"uv":[0,0],"uv_size":[1,0]},"east":{"uv":[0,0],"uv_size":[3,0]},"south":{"uv":[0,0],"uv_size":[1,0]},"west":{"uv":[0,0],"uv_size":[3,0]},"up":{"uv":[1,3],"uv_size":[-1,-3]}}}]}]}]}