{"format_version":"1.8.0","minecraft:client_entity":{"description":{"identifier":"hivehub:clerk_human","materials":{"default":"entity_alphatest","translucent":"slime_outer"},"textures":{"blue_tie":"textures/entity/hive/hub/arcade/clerk/human/blue_tie","blue":"textures/entity/hive/hub/arcade/clerk/human/blue","green_tie":"textures/entity/hive/hub/arcade/clerk/human/green_tie","yellow":"textures/entity/hive/hub/arcade/clerk/human/yellow"},"geometry":{"default":"geometry.hive.hub.arcade.clerk.human"},"animations":{"idle":"animation.hive.hub.arcade.clerk.idle","idle_head":"animation.hive.hub.arcade.clerk.idle.head","blink":"animation.hive.hub.arcade.clerk.blink","wave":"animation.hive.hub.arcade.clerk.wave","look_left":"animation.hive.hub.arcade.clerk.look.left","look_right":"animation.hive.hub.arcade.clerk.look.right","look_left_soft":"animation.hive.hub.arcade.clerk.look.left.soft","look_right_soft":"animation.hive.hub.arcade.clerk.look.right.soft","idle_timeout":"animation.hive.hub.arcade.clerk.idle.timeout","checkout":"animation.hive.hub.arcade.clerk.checkout"},"animation_controllers":[{"idle":"controller.animation.hive.hub.arcade.clerk.idle"},{"random":"controller.animation.hive.hub.arcade.clerk.random"}],"render_controllers":["controller.render.hive.hub.arcade.clerk.human"]}}}