{"format_version":"1.8.0","animations":{"animation.hive.hub.npc.locker.idle":{"loop":true,"animation_length":7.96,"bones":{"body":{"position":{"0.0":[0,0,0],"0.56":[0,-0.02,0],"2.24":[0,-0.17,0],"3.12":[0,-0.2,0],"4.12":[0,-0.225,0],"5.12":[0,-0.2,0],"6.0":[0,-0.17,0],"7.4":[0,-0.02,0],"7.96":[0,0,0]}},"head":{"rotation":{"0.0":[0,0,0],"0.44":[0.28,0,0],"2.12":[1.65,0,0],"3.4":[2.28,0,0],"4.12":[2.5,0,0],"4.72":[2.28,0,0],"5.92":[1.65,0,0],"7.52":[0.28,0,0],"7.96":[0,0,0]}},"leftArm":{"position":{"0.0":[0,0,0],"0.28":[0,-0.03,0],"0.52":[0,-0.07,0],"1.12":[0,-0.22,0],"2.52":[0,-0.74,0],"3.2":[0,-0.92,0],"3.56":[0,-0.98,0],"3.88":[0,-1,0],"4.2":[0,-0.98,0],"4.56":[0,-0.92,0],"5.24":[0,-0.74,0],"6.64":[0,-0.22,0],"7.24":[0,-0.07,0],"7.56":[0,-0.03,0],"7.96":[0,0,0]}},"rightArm":{"position":{"0.0":[0,0,0],"0.28":[0,-0.03,0],"0.52":[0,-0.07,0],"1.12":[0,-0.22,0],"2.52":[0,-0.74,0],"3.2":[0,-0.92,0],"3.56":[0,-0.98,0],"3.88":[0,-1,0],"4.2":[0,-0.98,0],"4.56":[0,-0.92,0],"5.24":[0,-0.74,0],"6.64":[0,-0.22,0],"7.24":[0,-0.07,0],"7.56":[0,-0.03,0],"7.96":[0,0,0]}},"cow":{"rotation":{"0.0":[0,0,0],"0.72":[0,0,-0.15],"4.52":[0,0,-2.5],"7.0":[0,0,-0.23],"7.96":[0,0,0]}},"backpack":{"rotation":{"0.0":[0,0,0],"0.6":[-0.26,0,0],"1.0":[-0.5,0,0],"2.56":[-1.88,0,0],"3.44":[-2.27,0,0],"4.24":[-2.5,0,0],"4.88":[-2.27,0,0],"5.52":[-1.88,0,0],"6.96":[-0.5,0,0],"7.36":[-0.26,0,0],"7.96":[0,0,0]}}}}}}