{"format_version":"1.8.0","animations":{"animation.hive.hub.npc.postbox.dance":{"loop":true,"animation_length":1.16,"bones":{"root":{"scale":{"0.0":[1,1,1],"0.08":[1,1,1],"0.2":[1,0.9886,1],"0.28":[1,0.9714,1],"0.36":[1,0.935,1],"0.4":[1,0.9895,1],"0.48":[1,1,1],"0.72":[1,1,1],"0.8":[1,0.9895,1],"0.84":[1,0.935,1],"0.92":[1,0.9714,1],"1.0":[1,0.9886,1],"1.08":[1,1,1],"1.16":[1,1,1]}},"pivotLeft":{"rotation":{"0.0":[0,0,4.52],"0.2":[0,0,4.75],"0.24":[0,0,4.17],"0.28":[0,0,0.75],"0.32":[0,0,0],"0.8":[0,0,0],"0.84":[0,0,0.75],"0.88":[0,0,3],"1.0":[0,0,4.17],"1.08":[0,0,4.52],"1.16":[0,0,4.52]}},"pivotRight":{"rotation":{"0.28":[0,0,0],"0.32":[0,0,-0.75],"0.36":[0,0,-3],"0.52":[0,0,-4.17],"0.64":[0,0,-4.52],"0.76":[0,0,-4.75],"0.8":[0,0,-4.17],"0.84":[0,0,0],"0.88":[0,0,0]}},"mail1":{"rotation":{"0.08":[0,0,0],"0.32":[-5,0,0],"0.36":[11.575,0,0],"0.44":[7.525,0,0],"0.56":[0,0,0],"0.8":[-5,0,0],"0.84":[12.325,0,0],"0.92":[10.4,0,0],"1.16":[0,0,0]}},"mail2":{"rotation":{"0.0":[0,0,0],"0.32":[0,0,0],"0.4":[0,0,-3.33],"0.52":[0,0,-4.58],"0.72":[0,0,-5],"0.84":[0,0,-3.89],"0.96":[0,0,0.3],"1.08":[0,0,-0.525],"1.16":[0,0,0]}}}}}}