{"minecraft:geometry":[{"description":{"identifier":"geometry.hive.replay.props.light.hanging.emissive","texture_width":64,"texture_height":64,"visible_bounds_width":4,"visible_bounds_height":5,"visible_bounds_offset":[0,1.5,0]},"bones":[{"name":"root","pivot":[0,0,0]},{"name":"stand","parent":"root","pivot":[0,0,0]},{"name":"light","parent":"stand","pivot":[0,3.5,-1],"rotation":[7.5,0,0],"cubes":[{"origin":[-3,-2.5,-8],"size":[6,6,0],"uv":{"north":{"uv":[0,0],"uv_size":[6,6]}}}]},{"name":"lightSource","parent":"light","pivot":[0,0,-8],"cubes":[{"origin":[-3,-2.5,-36],"size":[6,6,28],"uv":{"east":{"uv":[0,63],"uv_size":[64,1]},"west":{"uv":[64,63],"uv_size":[-64,1]},"up":{"uv":[63,0],"uv_size":[1,63]},"down":{"uv":[63,63],"uv_size":[1,-63]}}}]}]}],"format_version":"1.12.0"}