{"format_version":"1.12.0","minecraft:geometry":[{"description":{"identifier":"geometry.hive.territory.projectile.cupcake","texture_width":32,"texture_height":32,"visible_bounds_width":2,"visible_bounds_height":2.5,"visible_bounds_offset":[0,0.75,0]},"bones":[{"name":"root","pivot":[0,0,0]},{"name":"mass","parent":"root","pivot":[0,5,0],"cubes":[{"origin":[-4,0,-4],"size":[8,8,8],"uv":[0,0]},{"origin":[4.1,5.75,-3],"size":[0,1,2],"pivot":[4.1,6.25,-2],"rotation":[40,0,0],"uv":[4,1]},{"origin":[4.1,6,1],"size":[0,1,2],"pivot":[4.1,6.5,2],"rotation":[-17.5,0,0],"uv":[4,0]},{"origin":[-4.1,5.75,-3],"size":[0,1,2],"pivot":[-4.1,6.25,-2],"rotation":[-27.5,0,0],"uv":[0,0]},{"origin":[-4.1,5.75,1],"size":[0,1,2],"pivot":[-4.1,6.25,2],"rotation":[12.5,0,0],"uv":[0,1]},{"origin":[-3,5.75,-4.1],"size":[2,1,0],"pivot":[-2,6.25,-4.1],"rotation":[0,0,-35],"uv":[4,1]},{"origin":[1,6,-4.1],"size":[2,1,0],"pivot":[2,6.5,-4.1],"rotation":[0,0,7.5],"uv":[4,0]},{"origin":[1,6,4.1],"size":[2,1,0],"pivot":[2,6.5,4.1],"rotation":[0,0,-32.5],"uv":[0,0]},{"origin":[-3,5.75,4.1],"size":[2,1,0],"pivot":[-2,6.25,4.1],"rotation":[0,0,-110],"uv":[0,1]},{"origin":[-2,8,-2],"size":[4,3,4],"pivot":[0,9.5,0],"rotation":[0,25,0],"uv":[16,16]},{"origin":[-4,3,4],"size":[8,2,0],"pivot":[0,3,4],"rotation":[-40,0,0],"uv":[8,25]},{"origin":[-4,3,-4],"size":[8,2,0],"pivot":[0,3,-4],"rotation":[40,0,0],"uv":[16,25],"mirror":true},{"origin":[-4,3,-4],"size":[0,2,8],"pivot":[-4,3,0],"rotation":[0,0,-40],"uv":[16,17]},{"origin":[4,3,-4],"size":[0,2,8],"pivot":[4,3,0],"rotation":[0,0,40],"uv":[8,17]}]}]}]}