{"format_version":"1.12.0","minecraft:geometry":[{"description":{"identifier":"geometry.hive.territory.projectile.apple","texture_width":32,"texture_height":32,"visible_bounds_width":2,"visible_bounds_height":2.5,"visible_bounds_offset":[0,0.75,0]},"bones":[{"name":"root","pivot":[0,0,0]},{"name":"mass","parent":"root","pivot":[0,0,0],"cubes":[{"origin":[-3,0,-3],"size":[6,6,6],"uv":[0,0]},{"origin":[-1,6,0],"size":[1,2,0],"uv":[0,0]},{"origin":[-1,8,-1],"size":[3,0,2],"pivot":[0,8,0],"rotation":[29.9055,2.49762,15.66713],"uv":[-2,13]}]}]}]}