{"format_version":"1.12.0","minecraft:geometry":[{"description":{"identifier":"geometry.hive.territory.projectile.cheese_burger","texture_width":64,"texture_height":64,"visible_bounds_width":2,"visible_bounds_height":1.5,"visible_bounds_offset":[0,0.25,0]},"bones":[{"name":"root","pivot":[0,0,0]},{"name":"mass","parent":"root","pivot":[0,3,0],"cubes":[{"origin":[-3,0,-3],"size":[6,1,6],"uv":[18,2]},{"origin":[-3,4,-3],"size":[6,2,6],"uv":[0,0]},{"origin":[-3,3,0],"size":[3,1,3],"pivot":[-1.5,3.5,1.5],"rotation":[0,20,0],"uv":[21,21]},{"origin":[0,3,-3],"size":[3,1,3],"pivot":[1.5,3.5,-1.5],"rotation":[0,-20,0],"uv":[18,9]},{"origin":[-3,3,-3],"size":[2,1,2],"pivot":[-2,3.5,-2],"rotation":[0,-45,0],"uv":[8,23]},{"origin":[1,3,1],"size":[2,1,2],"pivot":[2,3.5,2],"rotation":[0,-45,0],"uv":[0,23]},{"origin":[-2.5,1,-2.5],"size":[5,1,5],"pivot":[0,1.5,0],"rotation":[0,-10,0],"uv":[18,15]},{"origin":[-3,1,-3],"size":[6,1,6],"pivot":[0,1.5,0],"rotation":[0,-15,0],"uv":[0,8]}]},{"name":"bone","parent":"mass","pivot":[0,2.7,0],"rotation":[0,15,0],"cubes":[{"origin":[-3,2.001,-3],"size":[6,1,6],"uv":[0,15]},{"origin":[3,2,-3],"size":[0,1,6],"pivot":[3,3,0],"rotation":[0,0,-40],"uv":[12,16]},{"origin":[-3,2,-3],"size":[0,1,6],"pivot":[-3,3,0],"rotation":[0,0,40],"uv":[0,16]},{"origin":[-3,3,-4],"size":[6,0,1],"pivot":[0,3,-3],"rotation":[40,0,0],"uv":[17,1]},{"origin":[-3,3,3],"size":[6,0,1],"pivot":[0,3,3],"rotation":[-40,0,0],"uv":[17,0]}]}]}]}