{"format_version":"1.12.0","minecraft:geometry":[{"description":{"identifier":"geometry.hive.territory.projectile.default_egg","texture_width":32,"texture_height":32,"visible_bounds_width":2,"visible_bounds_height":2.5,"visible_bounds_offset":[0,0.75,0]},"bones":[{"name":"root","pivot":[0,0,0]},{"name":"mass","parent":"root","pivot":[0,4,0],"cubes":[{"origin":[-2.5,0,-2.5],"size":[5,1,5],"uv":[0,20]},{"origin":[-2.5,7,-2.5],"size":[5,2,5],"uv":[0,0]},{"origin":[-3.5,1,-3.5],"size":[7,6,7],"uv":[0,7]}]}]}]}