{"format_version":"1.8.0","minecraft:client_entity":{"description":{"identifier":"hivehub:bus","materials":{"default":"entity_alphatest"},"textures":{"blue":"textures/entity/hive/hub/arcade/vehicle/bus/blue","purple":"textures/entity/hive/hub/arcade/vehicle/bus/purple","silver":"textures/entity/hive/hub/arcade/vehicle/bus/silver","taxi":"textures/entity/hive/hub/arcade/vehicle/bus/taxi"},"geometry":{"default":"geometry.hive.hub.arcade.vehicle.bus"},"animations":{"idle":"animation.hive.hub.arcade.vehicle.bus"},"animation_controllers":[{"default":"controller.animation.hive.hub.arcade.vehicle"}],"render_controllers":["controller.render.hive.hub.arcade.vehicle.bus"]}}}