{"format_version":"1.8.0","minecraft:client_entity":{"description":{"identifier":"hivehub:car","materials":{"default":"entity_alphatest"},"textures":{"blue":"textures/entity/hive/hub/arcade/vehicle/car/blue","gray":"textures/entity/hive/hub/arcade/vehicle/car/gray","green":"textures/entity/hive/hub/arcade/vehicle/car/green","red":"textures/entity/hive/hub/arcade/vehicle/car/red"},"geometry":{"default":"geometry.hive.hub.arcade.vehicle.car"},"animations":{"idle":"animation.hive.hub.arcade.vehicle.car"},"animation_controllers":[{"default":"controller.animation.hive.hub.arcade.vehicle"}],"render_controllers":["controller.render.hive.hub.arcade.vehicle.car"]}}}