{"format_version":"1.8.0","animations":{"animation.hive.sky.spawn.vehicle.pegasus.idle":{"loop":true,"animation_length":1.76,"bones":{"torso":{"rotation":{"0.0":[1.14,0,0],"0.4":[0.2,0,0],"0.56":[0.045,0,0],"0.72":[0,0,0],"0.92":[0.44,0,0],"1.16":[1.8,0,0],"1.2":[2,0,0],"1.32":[2.12,0,0],"1.56":[1.84,0,0],"1.76":[1.14,0,0]},"position":{"0.0":[0,0.35,0],"0.64":[0,0.05,0],"0.88":[0,0,0],"1.08":[0,0.11,0],"1.28":[0,0.37,0],"1.4":[0,0.45,0],"1.6":[0,0.5,0],"1.76":[0,0.35,0]}},"neck":{"rotation":{"0.0":[5,0,0],"0.76":[0.56,0,0],"0.88":[0.28,0,0],"1.0":[0,0,0],"1.16":[1,0,0],"1.32":[2.99,0,0],"1.48":[4.14,0,0],"1.76":[5,0,0]},"position":{"0.0":[0,-0.5,0],"0.76":[0,-0.06,0],"0.88":[0,-0.03,0],"1.0":[0,0,0],"1.16":[0,-0.1,0],"1.32":[0,-0.3,0],"1.48":[0,-0.41,0],"1.76":[0,-0.5,0]}},"rightWing":{"rotation":{"0.0":[0,0,0],"0.24":[0,0,14.55],"0.4":[0,0,18.18],"0.52":[0,0,19.09],"0.6":[0,0,19.55],"0.64":[0,0,20],"0.76":[0,0,14.17],"0.96":[0,0,-39.3],"1.12":[0,0,-48.1],"1.28":[0,0,-52.5],"1.48":[0,0,-53.5],"1.76":[0,0,0]}},"rightWing2":{"rotation":{"0.0":[0,0,0],"0.64":[0,0,59.925],"0.76":[0,0,72.425],"0.84":[0,0,119.925],"0.92":[0,0,121.875],"1.04":[0,0,2.5],"1.28":[0,0,-7.5],"1.48":[0,0,-15],"1.52":[0,0,-27.5],"1.56":[0,0,-35],"1.76":[0,0,0]}},"leftWing":{"rotation":{"0.0":[0,0,0],"0.32":[0,0,-14.55],"0.48":[0,0,-18.18],"0.6":[0,0,-19.09],"0.68":[0,0,-19.55],"0.72":[0,0,-20],"0.84":[0,0,-14.17],"1.04":[0,0,39.3],"1.2":[0,0,48.1],"1.32":[0,0,52.5],"1.52":[0,0,53.5],"1.76":[0,0,0]}},"leftWing2":{"rotation":{"0.0":[0,0,0],"0.72":[0,0,-58.275],"0.84":[0,0,-70.775],"0.92":[0,0,-118.275],"1.0":[0,0,-90],"1.12":[0,0,-2.5],"1.32":[0,0,7.5],"1.52":[0,0,15],"1.56":[0,0,27.5],"1.6":[0,0,35],"1.76":[0,0,0]}},"tail":{"rotation":{"0.0":[5,0,0],"0.76":[0.56,0,0],"0.88":[0.28,0,0],"1.0":[0,0,0],"1.16":[1,0,0],"1.32":[2.99,0,0],"1.48":[4.14,0,0],"1.76":[5,0,0]}},"head2":{"rotation":{"0.0":[-5.25,0,0],"0.76":[-0.588,0,0],"0.88":[-0.294,0,0],"1.0":[0,0,0],"1.16":[-1.05,0,0],"1.32":[-3.1395,0,0],"1.48":[-4.347,0,0],"1.76":[-5.25,0,0]},"position":{"0.0":[0,-0.5,0],"0.76":[0,-0.06,0],"0.88":[0,-0.03,0],"1.0":[0,0,0],"1.16":[0,-0.1,0],"1.32":[0,-0.3,0],"1.48":[0,-0.41,0],"1.76":[0,-0.5,0]}},"rightFrontLeg":{"rotation":{"0.0":[0.25,0,0],"0.6":[-5.89,0,0],"0.76":[-6.67,0,0],"0.96":[-7.25,0,0],"1.36":[-1.48,0,0],"1.6":[-0.03,0,0],"1.76":[0.25,0,0]}},"rightFrontLeg2":{"rotation":[62.5,0,0],"position":[-0.4,0.075,2]},"leftFrontLeg":{"rotation":[42.5,0,0]},"leftFrontLeg2":{"rotation":{"0.0":[7.5,0,0],"0.12":[6.94,0,0],"0.6":[0.95,0,0],"0.76":[0.32,0,0],"1.0":[0,0,0],"1.4":[5.77,0,0],"1.6":[7.22,0,0],"1.76":[7.5,0,0]}},"rightBackLeg":{"rotation":{"0.0":[-4.475,0,0],"0.12":[-3.915,0,0],"0.64":[2.075,0,0],"0.8":[2.705,0,0],"1.0":[3.025,0,0],"1.36":[-2.745,0,0],"1.52":[-4.195,0,0],"1.76":[-4.475,0,0]}},"rightBackLeg2":{"rotation":[-20.5,0,0],"position":[-0.1,0.025,-0.05]},"leftBackLeg":{"rotation":{"0.0":[-7.5,0,0],"0.12":[-6.94,0,0],"0.48":[-0.95,0,0],"0.64":[-0.32,0,0],"0.88":[0,0,0],"1.28":[-5.77,0,0],"1.48":[-7.22,0,0],"1.76":[-7.5,0,0]},"position":[0,2.05,3]},"leftBackLeg2":{"rotation":[-28.5,0,0],"position":[0.075,0,0]}}}}}