{"format_version":"1.12.0","minecraft:geometry":[{"description":{"identifier":"geometry.hive.dr.trap.falling.branch","texture_width":128,"texture_height":128,"visible_bounds_width":11,"visible_bounds_height":3.5,"visible_bounds_offset":[0,1.25,0]},"bones":[{"name":"root","pivot":[15,0,0]},{"name":"branch","parent":"root","pivot":[8,0,-1],"cubes":[{"origin":[-8,2,-6],"size":[7,12,12],"pivot":[-1,14,0],"rotation":[0,0,7.5],"uv":[0,50]}]},{"name":"bone","parent":"branch","pivot":[-1,14,-1],"rotation":[0,0,-5],"cubes":[{"origin":[-3,5,-4],"size":[24,9,9],"uv":[0,18]},{"origin":[-1,14,-4],"size":[12,4,0],"uv":[66,32]},{"origin":[9,5,0],"size":[10,4,4],"pivot":[9,5,-1],"rotation":[0,0,32.5],"uv":[59,0]}]},{"name":"bone2","parent":"bone","pivot":[16,14,-1],"rotation":[0,0,-12.5],"cubes":[{"origin":[16,9,-6],"size":[25,9,9],"uv":[0,0]},{"origin":[18,4,-6],"size":[11,5,0],"uv":[68,8]},{"origin":[24,14,-2],"size":[10,4,4],"pivot":[24,18,-2],"rotation":[0,0,-32.5],"uv":[57,18]}]},{"name":"bone5","parent":"bone2","pivot":[40,13,1],"rotation":[0,0,50],"cubes":[{"origin":[38,6,-3],"size":[27,7,7],"uv":[0,36]},{"origin":[49,6,0],"size":[9,3,3],"pivot":[49,6,1],"rotation":[0,0,27.5],"uv":[66,26]},{"origin":[39,13,-3],"size":[12,4,0],"uv":[66,32]}]},{"name":"bone4","parent":"bone5","pivot":[62,12,-2],"rotation":[0,0,-40],"cubes":[{"origin":[75,10,-5],"size":[17,10,0],"uv":[38,60]},{"origin":[63,14,-5],"size":[13,6,0],"uv":[61,36]},{"origin":[62,9,-5],"size":[20,5,5],"uv":[26,50]},{"origin":[62,4,-5],"size":[11,5,0],"uv":[68,8]}]}]}]}