{"format_version":"1.12.0","minecraft:geometry":[{"description":{"identifier":"geometry.hive.dr.trap.log","texture_width":64,"texture_height":64,"visible_bounds_width":2,"visible_bounds_height":2,"visible_bounds_offset":[0,1,0]},"bones":[{"name":"root","pivot":[0,0,0]},{"name":"mass","parent":"root","pivot":[0,4,0],"cubes":[{"origin":[-8,0,-3],"size":[16,8,6],"uv":[0,0]},{"origin":[-8,1,-4],"size":[16,6,1],"uv":[0,14]},{"origin":[-8,1,3],"size":[16,6,1],"uv":[0,14]},{"origin":[-5.5,2.5,-5],"size":[3,3,1],"uv":[0,21]},{"origin":[-5,3,-6],"size":[2,2,1],"uv":[0,25]},{"origin":[-4.5,3.5,-7],"size":[1,1,1],"uv":[0,28]},{"origin":[2.5,2.5,-5],"size":[3,3,1],"uv":[0,21]},{"origin":[3,3,-6],"size":[2,2,1],"uv":[0,25]},{"origin":[3.5,3.5,-7],"size":[1,1,1],"uv":[0,28]},{"origin":[-5.5,2.5,4],"size":[3,3,1],"uv":[0,21]},{"origin":[2.5,2.5,4],"size":[3,3,1],"uv":[0,21]},{"origin":[-5,3,5],"size":[2,2,1],"uv":[0,25]},{"origin":[3,3,5],"size":[2,2,1],"uv":[0,25]},{"origin":[-4.5,3.5,6],"size":[1,1,1],"uv":[0,28]},{"origin":[3.5,3.5,6],"size":[1,1,1],"uv":[0,28]},{"origin":[-5.5,8,-1.5],"size":[3,1,3],"uv":[9,21]},{"origin":[2.5,8,-1.5],"size":[3,1,3],"uv":[9,21]},{"origin":[-5,9,-1],"size":[2,1,2],"uv":[9,25]},{"origin":[-4.5,10,-0.5],"size":[1,1,1],"uv":[0,28]},{"origin":[3,9,-1],"size":[2,1,2],"uv":[9,25]},{"origin":[3.5,10,-0.5],"size":[1,1,1],"uv":[0,28]},{"origin":[-5.5,-1,-1.5],"size":[3,1,3],"uv":[9,21]},{"origin":[2.5,-1,-1.5],"size":[3,1,3],"uv":[9,21]},{"origin":[3,-2,-1],"size":[2,1,2],"uv":[9,25]},{"origin":[-5,-2,-1],"size":[2,1,2],"uv":[9,25]},{"origin":[3.5,-3,-0.5],"size":[1,1,1],"uv":[0,28]},{"origin":[-4.5,-3,-0.5],"size":[1,1,1],"uv":[0,28]}]}]}]}