{"format_version":"1.12.0","minecraft:geometry":[{"description":{"identifier":"geometry.hive.dr.trap.swinging.axe","texture_width":128,"texture_height":64,"visible_bounds_width":17,"visible_bounds_height":12,"visible_bounds_offset":[0,5,0]},"bones":[{"name":"root","pivot":[0,0,0]},{"name":"body","parent":"root","pivot":[0,0,0],"cubes":[{"origin":[-16,118,-5],"size":[32,10,10],"uv":[44,24]}]},{"name":"axe","parent":"body","pivot":[0,122,0],"cubes":[{"origin":[-2,54,-2],"size":[4,34,4],"uv":[0,0]},{"origin":[-3,51,-3],"size":[6,7,6],"uv":[76,11]},{"origin":[-3,85,-3],"size":[6,7,6],"uv":[76,11]},{"origin":[-2,88,-2],"size":[4,34,4],"uv":[0,0]},{"origin":[-2,20,-2],"size":[4,34,4],"uv":[0,0]},{"origin":[11.5,10,0],"size":[12,12,0],"pivot":[14.5,19,0],"rotation":[0,0,-45],"uv":[0,38],"mirror":true},{"origin":[-23.5,10,0],"size":[12,12,0],"pivot":[-14.5,19,-1],"rotation":[0,0,45],"uv":[0,38]}]},{"name":"bone2","parent":"axe","pivot":[0,19,4],"rotation":[0,0,45],"cubes":[{"origin":[-2,4,-2],"size":[4,7,4],"uv":[16,19]},{"origin":[-2,27,-2],"size":[4,7,4],"uv":[16,8]},{"origin":[-8,11,-3],"size":[16,16,6],"uv":[32,2]},{"origin":[-3,16,-5],"size":[6,6,2],"uv":[32,24]},{"origin":[-3,16,3],"size":[6,6,2],"uv":[16,30]},{"origin":[-15,17,-2],"size":[7,4,4],"uv":[44,44]},{"origin":[-5,-5,0],"size":[10,12,0],"uv":[100,12]},{"origin":[-24,14,0],"size":[12,10,0],"uv":[100,0]},{"origin":[-5,31,0],"size":[10,12,0],"uv":[24,38],"mirror":true},{"origin":[12,14,0],"size":[12,10,0],"uv":[76,0],"mirror":true},{"origin":[-13,11,-2],"size":[7,4,4],"pivot":[-6,13,0],"rotation":[0,0,-45],"uv":[16,0]},{"origin":[14.5,19.5,-2],"size":[7,4,4],"pivot":[6,13,0],"rotation":[0,0,-45],"uv":[16,0],"mirror":true},{"origin":[8,17,-2],"size":[7,4,4],"uv":[44,44],"mirror":true}]}]}]}