{"format_version":"1.12.0","minecraft:geometry":[{"description":{"identifier":"geometry.hive.dr.trap.floor.spikes","texture_width":48,"texture_height":32,"visible_bounds_width":4,"visible_bounds_height":3,"visible_bounds_offset":[0,0.5,0]},"bones":[{"name":"root","pivot":[0,0,0]},{"name":"plank3","parent":"root","pivot":[0,0,-0.5]},{"name":"spike7","parent":"plank3","pivot":[-7,2,11],"rotation":[5,0,-7.5]},{"name":"bone7","parent":"spike7","pivot":[10,-21,13.5],"cubes":[{"origin":[-8,-18.04129,-0.95814],"size":[2,16,2],"uv":{"north":{"uv":[4,6],"uv_size":[-2,16]},"east":{"uv":[6,6],"uv_size":[-2,16]},"south":{"uv":[8,6],"uv_size":[-2,16]},"west":{"uv":[2,6],"uv_size":[-2,16]},"up":{"uv":[4,4],"uv_size":[-2,2]},"down":{"uv":[6,6],"uv_size":[-2,-2]}}},{"origin":[-8,-2.04129,0.04186],"size":[2,4,0],"uv":{"north":{"uv":[0,0],"uv_size":[2,4]},"east":{"uv":[0,0],"uv_size":[0,4]},"south":{"uv":[2,0],"uv_size":[2,4]},"west":{"uv":[2,0],"uv_size":[0,4]},"up":{"uv":[0,0],"uv_size":[2,0]},"down":{"uv":[2,0],"uv_size":[2,0]}}}]},{"name":"spike8","parent":"plank3","pivot":[0,2,11],"rotation":[-7.5,0,-2.5]},{"name":"bone8","parent":"spike8","pivot":[10,-19,13.5],"cubes":[{"origin":[-1,-4.43579,0.09411],"size":[2,4,0],"uv":{"north":{"uv":[2,0],"uv_size":[-2,4]},"east":{"uv":[2,0],"uv_size":[0,4]},"south":{"uv":[4,0],"uv_size":[-2,4]},"west":{"uv":[0,0],"uv_size":[0,4]},"up":{"uv":[2,0],"uv_size":[-2,0]},"down":{"uv":[4,0],"uv_size":[-2,0]}}},{"origin":[-1,-18.43579,-0.90589],"size":[2,14,2],"uv":{"north":{"uv":[12,6],"uv_size":[-2,14]},"east":{"uv":[14,6],"uv_size":[-2,14]},"south":{"uv":[16,6],"uv_size":[-2,14]},"west":{"uv":[10,6],"uv_size":[-2,14]},"up":{"uv":[12,4],"uv_size":[-2,2]},"down":{"uv":[14,6],"uv_size":[-2,-2]}}}]},{"name":"spike9","parent":"plank3","pivot":[7,2,11],"rotation":[2.5,0,7.5]},{"name":"bone9","parent":"spike9","pivot":[10,-21,13.5],"cubes":[{"origin":[6,-18.52019,-0.98953],"size":[2,16,2],"uv":{"north":{"uv":[4,6],"uv_size":[-2,16]},"east":{"uv":[6,6],"uv_size":[-2,16]},"south":{"uv":[8,6],"uv_size":[-2,16]},"west":{"uv":[2,6],"uv_size":[-2,16]},"up":{"uv":[4,4],"uv_size":[-2,2]},"down":{"uv":[6,6],"uv_size":[-2,-2]}}},{"origin":[6,-2.52019,0.01047],"size":[2,4,0],"uv":{"north":{"uv":[0,0],"uv_size":[2,4]},"east":{"uv":[0,0],"uv_size":[0,4]},"south":{"uv":[2,0],"uv_size":[2,4]},"west":{"uv":[2,0],"uv_size":[0,4]},"up":{"uv":[0,0],"uv_size":[2,0]},"down":{"uv":[2,0],"uv_size":[2,0]}}}]},{"name":"plank2","parent":"root","pivot":[0,0,10.5]},{"name":"spike4","parent":"plank2","pivot":[-7,2,10],"rotation":[5,0,-7.5]},{"name":"bone4","parent":"spike4","pivot":[10,-21,12.5],"cubes":[{"origin":[-8,-19,9],"size":[2,16,2],"uv":{"north":{"uv":[4,6],"uv_size":[-2,16]},"east":{"uv":[6,6],"uv_size":[-2,16]},"south":{"uv":[8,6],"uv_size":[-2,16]},"west":{"uv":[2,6],"uv_size":[-2,16]},"up":{"uv":[4,4],"uv_size":[-2,2]},"down":{"uv":[6,6],"uv_size":[-2,-2]}}},{"origin":[-8,-3,10],"size":[2,4,0],"uv":{"north":{"uv":[0,0],"uv_size":[2,4]},"east":{"uv":[0,0],"uv_size":[0,4]},"south":{"uv":[2,0],"uv_size":[2,4]},"west":{"uv":[2,0],"uv_size":[0,4]},"up":{"uv":[0,0],"uv_size":[2,0]},"down":{"uv":[2,0],"uv_size":[2,0]}}}]},{"name":"spike5","parent":"plank2","pivot":[0,2,10],"rotation":[-7.5,0,-2.5]},{"name":"bone5","parent":"spike5","pivot":[10,-19,12.5],"cubes":[{"origin":[-1,-3,10],"size":[2,4,0],"uv":{"north":{"uv":[2,0],"uv_size":[-2,4]},"east":{"uv":[2,0],"uv_size":[0,4]},"south":{"uv":[4,0],"uv_size":[-2,4]},"west":{"uv":[0,0],"uv_size":[0,4]},"up":{"uv":[2,0],"uv_size":[-2,0]},"down":{"uv":[4,0],"uv_size":[-2,0]}}},{"origin":[-1,-17,9],"size":[2,14,2],"uv":{"north":{"uv":[12,6],"uv_size":[-2,14]},"east":{"uv":[14,6],"uv_size":[-2,14]},"south":{"uv":[16,6],"uv_size":[-2,14]},"west":{"uv":[10,6],"uv_size":[-2,14]},"up":{"uv":[12,4],"uv_size":[-2,2]},"down":{"uv":[14,6],"uv_size":[-2,-2]}}}]},{"name":"spike6","parent":"plank2","pivot":[7,2,10],"rotation":[2.5,0,7.5]},{"name":"bone6","parent":"spike6","pivot":[10,-21,12.5],"cubes":[{"origin":[6,-19,9],"size":[2,16,2],"uv":{"north":{"uv":[4,6],"uv_size":[-2,16]},"east":{"uv":[6,6],"uv_size":[-2,16]},"south":{"uv":[8,6],"uv_size":[-2,16]},"west":{"uv":[2,6],"uv_size":[-2,16]},"up":{"uv":[4,4],"uv_size":[-2,2]},"down":{"uv":[6,6],"uv_size":[-2,-2]}}},{"origin":[6,-3,10],"size":[2,4,0],"uv":{"north":{"uv":[0,0],"uv_size":[2,4]},"east":{"uv":[0,0],"uv_size":[0,4]},"south":{"uv":[2,0],"uv_size":[2,4]},"west":{"uv":[2,0],"uv_size":[0,4]},"up":{"uv":[0,0],"uv_size":[2,0]},"down":{"uv":[2,0],"uv_size":[2,0]}}}]},{"name":"plank","parent":"root","pivot":[0,0,-9.5],"cubes":[{"origin":[-15,0,-15],"size":[30,2,30],"uv":{"north":{"uv":[0,30],"uv_size":[30,2]},"east":{"uv":[0,30],"uv_size":[30,2]},"south":{"uv":[0,30],"uv_size":[30,2]},"west":{"uv":[0,30],"uv_size":[30,2]},"up":{"uv":[16,0],"uv_size":[30,30]}}}]},{"name":"spike","parent":"plank","pivot":[7,2,-10],"rotation":[5,0,7.5]},{"name":"bone3","parent":"spike","pivot":[-10,-21,-7.5],"cubes":[{"origin":[6,-19,-11],"size":[2,16,2],"uv":{"north":{"uv":[2,6],"uv_size":[2,16]},"east":{"uv":[0,6],"uv_size":[2,16]},"south":{"uv":[6,6],"uv_size":[2,16]},"west":{"uv":[4,6],"uv_size":[2,16]},"up":{"uv":[2,4],"uv_size":[2,2]},"down":{"uv":[4,6],"uv_size":[2,-2]}}},{"origin":[6,-3,-10],"size":[2,4,0],"uv":{"north":{"uv":[0,0],"uv_size":[2,4]},"east":{"uv":[0,0],"uv_size":[0,4]},"south":{"uv":[2,0],"uv_size":[2,4]},"west":{"uv":[2,0],"uv_size":[0,4]},"up":{"uv":[0,0],"uv_size":[2,0]},"down":{"uv":[2,0],"uv_size":[2,0]}}}]},{"name":"spike2","parent":"plank","pivot":[0,2,-10],"rotation":[-7.5,0,2.5]},{"name":"bone2","parent":"spike2","pivot":[-10,-19,-7.5],"cubes":[{"origin":[-1,-3,-10],"size":[2,4,0],"uv":{"north":{"uv":[2,0],"uv_size":[-2,4]},"east":{"uv":[2,0],"uv_size":[0,4]},"south":{"uv":[4,0],"uv_size":[-2,4]},"west":{"uv":[0,0],"uv_size":[0,4]},"up":{"uv":[2,0],"uv_size":[-2,0]},"down":{"uv":[4,0],"uv_size":[-2,0]}}},{"origin":[-1,-17,-11],"size":[2,14,2],"uv":{"north":{"uv":[10,6],"uv_size":[2,14]},"east":{"uv":[8,6],"uv_size":[2,14]},"south":{"uv":[14,6],"uv_size":[2,14]},"west":{"uv":[12,6],"uv_size":[2,14]},"up":{"uv":[10,4],"uv_size":[2,2]},"down":{"uv":[12,6],"uv_size":[2,-2]}}}]},{"name":"spike3","parent":"plank","pivot":[-7,2,-10],"rotation":[2.5,0,-7.5]},{"name":"bone","parent":"spike3","pivot":[-10,-21,-7.5],"cubes":[{"origin":[-8,-19,-11],"size":[2,16,2],"uv":{"north":{"uv":[2,6],"uv_size":[2,16]},"east":{"uv":[0,6],"uv_size":[2,16]},"south":{"uv":[6,6],"uv_size":[2,16]},"west":{"uv":[4,6],"uv_size":[2,16]},"up":{"uv":[2,4],"uv_size":[2,2]},"down":{"uv":[4,6],"uv_size":[2,-2]}}},{"origin":[-8,-3,-10],"size":[2,4,0],"uv":{"north":{"uv":[0,0],"uv_size":[2,4]},"east":{"uv":[0,0],"uv_size":[0,4]},"south":{"uv":[2,0],"uv_size":[2,4]},"west":{"uv":[2,0],"uv_size":[0,4]},"up":{"uv":[0,0],"uv_size":[2,0]},"down":{"uv":[2,0],"uv_size":[2,0]}}}]}]}]}