{"format_version":"1.12.0","minecraft:geometry":[{"description":{"identifier":"geometry.hive.dr.trap.dragons.breath","texture_width":80,"texture_height":48,"visible_bounds_width":4,"visible_bounds_height":3.5,"visible_bounds_offset":[0,1.25,0]},"bones":[{"name":"root","pivot":[2,27,-8]},{"name":"dragonRear","parent":"root","pivot":[2,0,8]},{"name":"dragonFront","parent":"dragonRear","pivot":[2,0,-8],"cubes":[{"origin":[-8,0,-8],"size":[16,8,16],"uv":{"north":{"uv":[44,32],"uv_size":[16,8]},"east":{"uv":[44,32],"uv_size":[16,8]},"south":{"uv":[44,32],"uv_size":[16,8]},"west":{"uv":[44,32],"uv_size":[16,8]},"up":{"uv":[16,32],"uv_size":[16,16]},"down":{"uv":[32,16],"uv_size":[16,-16]}}},{"origin":[-6,8,-6],"size":[12,8,12],"uv":{"north":{"uv":[32,32],"uv_size":[12,8]},"east":{"uv":[32,32],"uv_size":[12,8]},"south":{"uv":[32,32],"uv_size":[12,8]},"west":{"uv":[32,32],"uv_size":[12,8]}}}]},{"name":"neck","parent":"dragonFront","pivot":[0,16,-6]},{"name":"head","parent":"neck","pivot":[0,16,-6],"cubes":[{"origin":[-2,28,8],"size":[4,4,4],"uv":{"north":{"uv":[52,18],"uv_size":[4,4]},"east":{"uv":[48,18],"uv_size":[4,4]},"south":{"uv":[60,18],"uv_size":[4,4]},"west":{"uv":[56,18],"uv_size":[4,4]},"up":{"uv":[52,14],"uv_size":[4,4]},"down":{"uv":[56,18],"uv_size":[4,-4]}}},{"origin":[2,32,-7],"size":[4,10,4],"pivot":[4.5,32,-5],"rotation":[-70,0,0],"uv":{"north":{"uv":[4,36],"uv_size":[4,10]},"east":{"uv":[0,36],"uv_size":[4,10]},"south":{"uv":[12,36],"uv_size":[4,10]},"west":{"uv":[8,36],"uv_size":[4,10]},"up":{"uv":[4,32],"uv_size":[4,4]},"down":{"uv":[8,36],"uv_size":[4,-4]}}},{"origin":[-6,32,-7],"size":[4,10,4],"pivot":[4.5,32,-5],"rotation":[-70,0,0],"uv":{"north":{"uv":[4,4],"uv_size":[4,10]},"east":{"uv":[0,4],"uv_size":[4,10]},"south":{"uv":[12,4],"uv_size":[4,10]},"west":{"uv":[8,4],"uv_size":[4,10]},"up":{"uv":[4,0],"uv_size":[4,4]},"down":{"uv":[8,4],"uv_size":[4,-4]}}},{"origin":[-2,22,8],"size":[4,4,4],"uv":{"north":{"uv":[52,18],"uv_size":[4,4]},"east":{"uv":[48,18],"uv_size":[4,4]},"south":{"uv":[60,18],"uv_size":[4,4]},"west":{"uv":[56,18],"uv_size":[4,4]},"up":{"uv":[52,14],"uv_size":[4,4]},"down":{"uv":[56,18],"uv_size":[4,-4]}}},{"origin":[-2,16,8],"size":[4,4,4],"uv":{"north":{"uv":[52,18],"uv_size":[4,4]},"east":{"uv":[48,18],"uv_size":[4,4]},"south":{"uv":[60,18],"uv_size":[4,4]},"west":{"uv":[56,18],"uv_size":[4,4]},"up":{"uv":[52,14],"uv_size":[4,4]},"down":{"uv":[56,18],"uv_size":[4,-4]}}},{"origin":[-8,16,-8],"size":[16,16,16],"uv":{"north":{"uv":[16,16],"uv_size":[16,16]},"east":{"uv":[16,16],"uv_size":[-16,16]},"south":{"uv":[32,16],"uv_size":[16,16]},"west":{"uv":[0,16],"uv_size":[16,16]},"up":{"uv":[16,0],"uv_size":[16,16]},"down":{"uv":[32,16],"uv_size":[16,-16]}}},{"origin":[-6,20,-18],"size":[12,4,10],"uv":{"north":{"uv":[58,10],"uv_size":[12,4]},"east":{"uv":[48,10],"uv_size":[10,4]},"west":{"uv":[70,10],"uv_size":[10,4]},"up":{"uv":[48,0],"uv_size":[12,10]},"down":{"uv":[60,10],"uv_size":[12,-10]}}}]},{"name":"eyebrows","parent":"head","pivot":[0,27,-8],"cubes":[{"origin":[2,27,-10],"size":[8,3,5],"pivot":[2,27,-8],"rotation":[0,0,-7.5],"uv":{"north":{"uv":[53,29],"uv_size":[8,3]},"east":{"uv":[48,29],"uv_size":[5,3]},"south":{"uv":[66,29],"uv_size":[8,3]},"west":{"uv":[61,29],"uv_size":[5,3]},"up":{"uv":[53,24],"uv_size":[8,5]},"down":{"uv":[61,29],"uv_size":[8,-5]}}},{"origin":[-10,27,-10],"size":[8,3,5],"pivot":[-2,27,-8],"rotation":[0,0,7.5],"uv":{"north":{"uv":[37,45],"uv_size":[8,3]},"east":{"uv":[32,45],"uv_size":[5,3]},"south":{"uv":[50,45],"uv_size":[8,3]},"west":{"uv":[45,45],"uv_size":[5,3]},"up":{"uv":[37,40],"uv_size":[8,5]},"down":{"uv":[45,45],"uv_size":[8,-5]}}}]},{"name":"mouth","parent":"head","pivot":[0,20,-8],"cubes":[{"origin":[-6,17,-16],"size":[12,3,8],"uv":{"north":{"uv":[61,42],"uv_size":[12,3]},"east":{"uv":[53,42],"uv_size":[8,3]},"west":{"uv":[58,45],"uv_size":[8,3]},"up":{"uv":[61,34],"uv_size":[12,8]},"down":{"uv":[73,42],"uv_size":[3,-8]}}}]}]}]}