{"minecraft:geometry":[{"description":{"identifier":"geometry.hive.hub.npc.pirates","texture_width":128,"texture_height":128,"visible_bounds_width":5,"visible_bounds_height":5,"visible_bounds_offset":[0,0.5,0]},"bones":[{"name":"root","pivot":[0,0,0]},{"name":"pirateGhost","parent":"root","pivot":[0,12,0]},{"name":"waist","parent":"pirateGhost","pivot":[0,12,0]},{"name":"body","parent":"waist","pivot":[0,24,0],"cubes":[{"origin":[-4,12,-2],"size":[8,12,4],"uv":[0,0]}]},{"name":"tail","parent":"body","pivot":[0,12,-2],"cubes":[{"origin":[-4,8,-2],"size":[8,4,4],"uv":[24,0]},{"origin":[-3,5,-1.5],"size":[6,3,3],"uv":[24,8]},{"origin":[-2,2,-1.5],"size":[4,3,3],"uv":[48,0]}]},{"name":"head","parent":"body","pivot":[0,24,0],"cubes":[{"origin":[-4,24,-4],"size":[8,7,8],"uv":[0,16]},{"origin":[-5.5,31,-5],"size":[11,2,10],"uv":[0,52]},{"origin":[-3.5,32,-6],"size":[7,3,2],"uv":[0,47]},{"origin":[-2.5,35,-6],"size":[5,1,2],"uv":[14,35]},{"origin":[-6.5,32,-4],"size":[2,2,8],"uv":[0,32]},{"origin":[4.5,32,-4],"size":[2,2,8],"uv":[0,32]},{"origin":[-3,32,4],"size":[6,2,2],"uv":[0,43]},{"origin":[-2,34,4],"size":[4,1,2],"uv":[13,31]},{"origin":[-3,32.5,-3],"size":[6,2,6],"uv":[19,43]},{"origin":[-4.5,21.5,-5],"size":[9,3,3],"uv":[32,51]},{"origin":[-2.5,19.5,-5],"size":[6,2,3],"uv":[32,57]},{"origin":[-0.5,17.5,-4.5],"size":[3,2,2],"uv":[54,49]},{"origin":[-1.5,16.5,-4],"size":[3,1,1],"uv":[54,57]}]},{"name":"beard","parent":"head","pivot":[0,24.5,-4],"cubes":[{"origin":[2,24.5,-5],"size":[1,2,1],"uv":[60,6]},{"origin":[-3,24.5,-5],"size":[1,2,1],"uv":[60,6]},{"origin":[-2,26,-5],"size":[4,1,1],"uv":[49,7]}]},{"name":"rightArm","parent":"body","pivot":[-5,22,0],"cubes":[{"origin":[-8,17,-2],"size":[4,7,4],"uv":[32,16]},{"origin":[-7.5,15,-1.5],"size":[3,2,3],"uv":[20,38]},{"origin":[-6.5,13,-0.5],"size":[1,2,1],"uv":[1,31]},{"origin":[-7.5,11,-0.5],"size":[1,2,1],"uv":[1,34]},{"origin":[-6.5,10,-0.5],"size":[2,1,1],"uv":[0,37]}]},{"name":"shovel","parent":"body","pivot":[5,14,-2],"cubes":[{"origin":[5,13,-8],"size":[1,2,11],"uv":[12,81]},{"origin":[5,12,3],"size":[1,4,4],"uv":[0,86]},{"origin":[4,11,-13],"size":[1,6,5],"pivot":[5,14,-8],"rotation":[0,0,-180],"uv":[0,67]},{"origin":[6,11,-16],"size":[0,6,3],"uv":[13,69]}]},{"name":"leftArm","parent":"body","pivot":[5,22,0],"cubes":[{"origin":[4,12,-2],"size":[4,12,4],"uv":[32,27]}]},{"name":"chest","parent":"root","pivot":[25,0,0]},{"name":"pivot","parent":"chest","pivot":[15,0,0]},{"name":"body2","parent":"pivot","pivot":[25,0,0],"cubes":[{"origin":[16,0,-6],"size":[18,11,12],"uv":[60,66]},{"origin":[32,8,4],"size":[3,3,3],"uv":[92,105]},{"origin":[32,0,4],"size":[3,3,3],"uv":[92,111]},{"origin":[15,8,4],"size":[3,3,3],"uv":[92,105]},{"origin":[15,0,4],"size":[3,3,3],"uv":[92,111]},{"origin":[32,8,-7],"size":[3,3,3],"uv":[92,105]},{"origin":[32,0,-7],"size":[3,3,3],"uv":[92,111]},{"origin":[15,8,-7],"size":[3,3,3],"uv":[92,105]},{"origin":[15,0,-7],"size":[3,3,3],"uv":[92,111]}]},{"name":"crab","parent":"body2","pivot":[25,-10,0],"cubes":[{"origin":[21,-10,-3],"size":[8,3,6],"uv":[0,99]},{"origin":[22,-7,-2.5],"size":[6,1,5],"uv":[0,108]}]},{"name":"leftClaw","parent":"crab","pivot":[29,-8,-1],"cubes":[{"origin":[28,-9,-6],"size":[3,2,3],"uv":[13,118]},{"origin":[27,-9,-5],"size":[1,1,2],"uv":[0,115]},{"origin":[29,-9,-3],"size":[1,1,2],"uv":[7,115]}]},{"name":"rightClaw","parent":"crab","pivot":[21,-8,-1],"cubes":[{"origin":[22,-9,-5],"size":[1,1,2],"uv":[0,115]},{"origin":[20,-9,-3],"size":[1,1,2],"uv":[7,115]},{"origin":[19,-9,-6],"size":[3,2,3],"uv":[0,118]}]},{"name":"rightEye","parent":"crab","pivot":[23.25,-6,0],"cubes":[{"origin":[22.75,-6,-0.5],"size":[1,2,1],"uv":[9,125]}]},{"name":"rightPupil","parent":"rightEye","pivot":[24.25,-4,1],"cubes":[{"origin":[22.25,-4,-1],"size":[2,2,2],"uv":[0,124]}]},{"name":"leftEye","parent":"crab","pivot":[26.75,-6,0],"cubes":[{"origin":[26.25,-6,-0.5],"size":[1,2,1],"uv":[9,125]}]},{"name":"leftPupil","parent":"leftEye","pivot":[27.75,-4,1],"cubes":[{"origin":[25.75,-4,-1],"size":[2,2,2],"uv":[0,124]}]},{"name":"leg1","parent":"crab","pivot":[21,-9,1.75],"cubes":[{"origin":[17,-10,1.25],"size":[4,1,1],"uv":[29,103]}]},{"name":"leg2","parent":"crab","pivot":[29,-9,1.75],"cubes":[{"origin":[29,-10,1.25],"size":[4,1,1],"uv":[29,106]}]},{"name":"leg3","parent":"crab","pivot":[21,-9,0],"cubes":[{"origin":[17,-10,-0.5],"size":[4,1,1],"uv":[29,103]}]},{"name":"leg4","parent":"crab","pivot":[29,-9,0],"cubes":[{"origin":[29,-10,-0.5],"size":[4,1,1],"uv":[29,106]}]},{"name":"leg5","parent":"crab","pivot":[21,-9,-1.75],"cubes":[{"origin":[17,-10,-2.25],"size":[4,1,1],"uv":[29,103]}]},{"name":"leg6","parent":"crab","pivot":[29,-9,-1.75],"cubes":[{"origin":[29,-10,-2.25],"size":[4,1,1],"uv":[29,106]}]},{"name":"chestLid","parent":"body2","pivot":[25,11,6],"cubes":[{"origin":[15,11,-7],"size":[20,2,14],"uv":[60,89]},{"origin":[15,13,-6],"size":[20,2,12],"uv":[60,105]},{"origin":[15,15,-4],"size":[20,1,8],"uv":[60,119]}]},{"name":"lock","parent":"chestLid","pivot":[25,11,-7],"cubes":[{"origin":[22.5,6,-8],"size":[5,6,3],"uv":[108,107]}]},{"name":"dirt","parent":"chest","pivot":[25,0.1,0],"cubes":[{"origin":[12,0.1,-11],"size":[26,0,22],"uv":[32,14]}]}]}],"format_version":"1.12.0"}