{"format_version":"1.12.0","minecraft:geometry":[{"description":{"identifier":"geometry.hive.hub.npc.postbox","texture_width":128,"texture_height":128,"visible_bounds_width":3,"visible_bounds_height":4,"visible_bounds_offset":[0,1,0]},"bones":[{"name":"root","pivot":[0,0,0]},{"name":"postbox","parent":"root","pivot":[0,0,0]},{"name":"pivotFront","parent":"postbox","pivot":[0,0,-6]},{"name":"pivotBack","parent":"pivotFront","pivot":[0,0,6]},{"name":"pivotLeft","parent":"pivotBack","pivot":[6,0,0]},{"name":"pivotRight","parent":"pivotLeft","pivot":[-6,0,0],"cubes":[{"origin":[-6,0,-6],"size":[12,4,12],"uv":[41,0]},{"origin":[-5,8,-5],"size":[10,0,10],"uv":[0,45]},{"origin":[-5,4,-5],"size":[10,26,10],"uv":[0,0]},{"origin":[-7,25,-7],"size":[14,3,14],"uv":[27,27]}]},{"name":"mail1","parent":"pivotRight","pivot":[0,22,-5],"cubes":[{"origin":[2.47685,18.34299,9.34879],"size":[4,0,6],"pivot":[0,0,0],"rotation":[50,-12.5,-15],"uv":[31,0]}]},{"name":"mail2","pivot":[-5,0,-8],"cubes":[{"origin":[-4,6.9282,-1],"size":[4,0,6],"pivot":[0,0,0],"rotation":[90,-30,-90],"uv":[31,0]}]},{"name":"mail3","pivot":[0,0,0],"cubes":[{"origin":[-13.4755,0.35231,-6.66141],"size":[4,0,6],"pivot":[0,0,0],"rotation":[2.5,-60,0],"uv":[31,0]}]},{"name":"mail4","pivot":[0,0,0],"cubes":[{"origin":[-5.23892,-0.49223,-18.25948],"size":[4,0,6],"pivot":[0,0,0],"rotation":[-2.5,-30,0],"uv":[31,0]}]},{"name":"mail5","pivot":[0,0,0],"cubes":[{"origin":[-10.21264,-0.00894,-8.49743],"size":[4,0,6],"pivot":[0,0,0],"rotation":[-2.5,-82.5,0],"uv":[31,0]}]}]}]}