{"format_version":"1.12.0","minecraft:geometry":[{"description":{"identifier":"geometry.hive.hub.npc.replay","texture_width":32,"texture_height":16,"visible_bounds_width":4,"visible_bounds_height":5,"visible_bounds_offset":[0,1.5,0]},"bones":[{"name":"root","pivot":[0,0,0]},{"name":"clapper","parent":"root","pivot":[0,2.5,0]},{"name":"clapper_inner","parent":"clapper","pivot":[0,4,0],"cubes":[{"origin":[-4,0,-1],"size":[8,5,2],"uv":{"north":{"uv":[10,6],"uv_size":[-8,5]},"east":{"uv":[12,6],"uv_size":[-2,5]},"south":{"uv":[20,6],"uv_size":[-8,5]},"west":{"uv":[2,6],"uv_size":[-2,5]},"up":{"uv":[10,4],"uv_size":[-8,2]},"down":{"uv":[18,6],"uv_size":[-8,-2]}}}]},{"name":"top","parent":"clapper_inner","pivot":[3.98584,5.00654,0],"rotation":[0,0,17.5],"cubes":[{"origin":[-3.99869,5.00456,-1],"size":[8,2,2],"uv":{"north":{"uv":[2,2],"uv_size":[8,2]},"east":{"uv":[0,2],"uv_size":[2,2]},"south":{"uv":[12,2],"uv_size":[8,2]},"west":{"uv":[10,2],"uv_size":[2,2]},"up":{"uv":[2,0],"uv_size":[8,2]},"down":{"uv":[10,2],"uv_size":[8,-2]}}}]}]}]}