{"format_version":"1.12.0","minecraft:geometry":[{"description":{"identifier":"geometry.hive.hub.bundle.block.friday.22","texture_width":160,"texture_height":128,"visible_bounds_width":5,"visible_bounds_height":4.5,"visible_bounds_offset":[0,1.75,0]},"bones":[{"name":"root","pivot":[0,0,0]},{"name":"chest","parent":"root","pivot":[0,0,0],"cubes":[{"origin":[-12,0,-8],"size":[24,12,16],"uv":[0,25]},{"origin":[-14,0,-10],"size":[4,3,4],"uv":[32,70]},{"origin":[10,0,-10],"size":[4,3,4],"uv":[32,70],"mirror":true},{"origin":[-14,9,-10],"size":[4,3,4],"uv":[32,70]},{"origin":[10,9,-10],"size":[4,3,4],"uv":[32,70],"mirror":true},{"origin":[-14,0,6],"size":[4,3,4],"uv":[48,70]},{"origin":[10,0,6],"size":[4,3,4],"uv":[48,70],"mirror":true},{"origin":[-14.01,9,6],"size":[4,3,4],"uv":[48,70]},{"origin":[10.01,9,6],"size":[4,3,4],"uv":[48,70],"mirror":true}]},{"name":"rightHandle","parent":"chest","pivot":[-12,11,0],"rotation":[0,0,32.5],"cubes":[{"origin":[-12,5,-4],"size":[2,6,8],"uv":[76,0]}]},{"name":"leftHandle","parent":"chest","pivot":[12,11,0],"rotation":[0,0,-32.5],"cubes":[{"origin":[10,5,-4],"size":[2,6,8],"uv":[76,0],"mirror":true}]},{"name":"lid","parent":"chest","pivot":[0,12,8],"rotation":[-127.5,0,0],"cubes":[{"origin":[-14,12,-10],"size":[28,5,20],"uv":[0,0]},{"origin":[-14,17,-7],"size":[28,3,14],"uv":[0,53]},{"origin":[-2,20,-2],"size":[4,2,4],"pivot":[0,20.5,0],"rotation":[0,-45,0],"uv":[0,10]},{"origin":[-10.1,19.55,-2],"size":[4,2,4],"pivot":[-8.1,20.05,0],"rotation":[0,-45,-7.5],"uv":[0,10]},{"origin":[6.1,19.55,-2],"size":[4,2,4],"pivot":[8.1,20.05,0],"rotation":[0,45,7.5],"uv":[0,10],"mirror":true}]},{"name":"lock","parent":"lid","pivot":[0,12,-11],"rotation":[0,0,45],"cubes":[{"origin":[-3,9,-12],"size":[6,6,4],"uv":[0,0]}]},{"name":"hats","parent":"chest","pivot":[0,0,0]},{"name":"captainshat","parent":"hats","pivot":[18.08968,20.91524,-2.09405],"rotation":[0,0,12.5],"cubes":[{"origin":[12.08968,15.88066,-9],"size":[12,2,15],"uv":[0,77]},{"origin":[13.08968,17.88066,-5],"size":[10,2,10],"uv":[0,110]},{"origin":[12.08968,19.88066,-6],"size":[12,4,12],"pivot":[18.08968,19.88066,-5],"rotation":[-3.25,0,0],"uv":[0,94]},{"origin":[15.58968,19.88066,-7],"size":[5,5,1],"pivot":[18.08968,19.88066,-5],"rotation":[-3.25,0,0],"uv":[0,77]},{"origin":[12.08968,23.88066,-6],"size":[12,2,6],"pivot":[18.08968,19.88066,-5],"rotation":[-3.25,0,0],"uv":[16,110]}]},{"name":"cone","parent":"hats","pivot":[-17.0822,20.88148,-1],"rotation":[0,0,-12.5],"cubes":[{"origin":[-23.0822,15.88148,-7],"size":[12,2,12],"uv":[40,78]},{"origin":[-21.0822,17.88148,-5],"size":[8,5,8],"uv":[47,92]},{"origin":[-19.0822,22.88148,-3],"size":[4,5,4],"uv":[48,105]}]},{"name":"cat","parent":"hats","pivot":[0,21.97007,0.14805],"rotation":[-7.5,0,0],"cubes":[{"origin":[-5,19.03571,-4.89247],"size":[10,6,10],"uv":[83,28]},{"origin":[-8,19.03571,-4.89247],"size":[3,3,0],"pivot":[-5,19.03571,-4.89247],"rotation":[0,40,0],"uv":[83,32]},{"origin":[5,19.03571,-4.89247],"size":[3,3,0],"pivot":[5,19.03571,-4.89247],"rotation":[0,-40,0],"uv":[83,32],"mirror":true},{"origin":[-2.5,22.03571,-4.90247],"size":[0.5,0.5,0],"uv":[83,31]},{"origin":[2,22.03571,-4.90247],"size":[0.5,0.5,0],"uv":[83,31],"mirror":true},{"origin":[-1.5,19.29113,-7.69333],"size":[1.25,0.5,0],"pivot":[0,0.79113,0.31667],"rotation":[-2.5,0,0],"uv":[83,29]},{"origin":[-1.5,19.79113,-7.69333],"size":[0.5,0.5,0],"pivot":[0,0.79113,0.31667],"rotation":[-2.5,0,0],"uv":[83,29]},{"origin":[1,19.79113,-7.69333],"size":[0.5,0.5,0],"pivot":[0,0.79113,0.31667],"rotation":[-2.5,0,0],"uv":[83,29],"mirror":true},{"origin":[0.25,19.29113,-7.69333],"size":[1.25,0.5,0],"pivot":[0,0.79113,0.31667],"rotation":[-2.5,0,0],"uv":[83,29],"mirror":true},{"origin":[-0.25,19.29113,-7.69333],"size":[0.5,1.5,0],"pivot":[0,0.79113,0.31667],"rotation":[-2.5,0,0],"uv":[83,28]},{"origin":[-2,18.79113,-7.68333],"size":[4,3,2],"pivot":[0,0.79113,0.31667],"rotation":[-2.5,0,0],"uv":[83,44]},{"origin":[1.17758,26.11231,-0.89247],"size":[4,3,2],"pivot":[6.17758,2.11231,1.10753],"rotation":[0,0,-15],"uv":[83,49]},{"origin":[1.17758,29.11231,-0.89247],"size":[3,1,0],"pivot":[6.17758,2.11231,1.10753],"rotation":[0,0,-15],"uv":[83,37]},{"origin":[-4.17758,29.11231,-0.89247],"size":[3,1,0],"pivot":[-6.17758,2.11231,1.10753],"rotation":[0,0,15],"uv":[83,36]},{"origin":[-5.17758,26.11231,-0.89247],"size":[4,3,2],"pivot":[-6.17758,2.11231,1.10753],"rotation":[0,0,15],"uv":[95,44]}]}]}]}