{"format_version":"1.12.0","minecraft:geometry":[{"description":{"identifier":"geometry.hive.wars.bridge.builder.beaver","texture_width":64,"texture_height":64,"visible_bounds_width":3,"visible_bounds_height":1,"visible_bounds_offset":[0,0.5,0]},"bones":[{"name":"root","pivot":[0,0,0],"cubes":[{"origin":[-3,0.5,-9],"size":[6,5,4],"uv":[0,0]},{"origin":[-2,0.5,-11],"size":[4,3,2],"uv":[21,4]},{"origin":[-1,-0.5,-11],"size":[2,1,1],"uv":[24,0]},{"origin":[-3.5,0,-5],"size":[7,5,10],"uv":[0,10]},{"origin":[-6.5,0,-5],"size":[3,2,2],"uv":[0,26]},{"origin":[3.5,0,-5],"size":[3,2,2],"uv":[0,26],"mirror":true},{"origin":[-6.5,0,2],"size":[3,2,2],"uv":[0,26]},{"origin":[3.5,0,2],"size":[3,2,2],"uv":[0,26],"mirror":true},{"origin":[-2,2,5],"size":[4,2,3],"uv":[0,31]},{"origin":[-2,1,7],"size":[4,2,3],"uv":[0,31]},{"origin":[-4,4.5,-7],"size":[2,2,1],"uv":[17,0]},{"origin":[2,4.5,-7],"size":[2,2,1],"uv":[17,0],"mirror":true}]}]}]}