{"format_version":"1.12.0","minecraft:geometry":[{"description":{"identifier":"geometry.hive.wars.bridge.builder.grumpus","texture_width":64,"texture_height":64,"visible_bounds_width":3,"visible_bounds_height":5,"visible_bounds_offset":[0,1.5,0]},"bones":[{"name":"root","pivot":[0,0,0]},{"name":"leftLeg","parent":"root","pivot":[1.4,4,0],"cubes":[{"origin":[0.5,0,-1],"size":[2,4,2],"uv":[37,19],"mirror":true},{"origin":[0.5,0,-2],"size":[2,1,1],"uv":[37,26],"mirror":true}]},{"name":"rightLeg","parent":"root","pivot":[-1.5,4,0],"cubes":[{"origin":[-2.5,0,-1],"size":[2,4,2],"uv":[37,19]},{"origin":[-2.5,0,-2],"size":[2,1,1],"uv":[37,26]}]},{"name":"body","parent":"root","pivot":[0,24,0],"cubes":[{"origin":[-1.5,11,-1.5],"size":[3,1,3],"uv":[0,12]},{"origin":[-3.5,4,-3.5],"size":[7,4,7],"uv":[0,26]},{"origin":[-3,8,-2.5],"size":[6,3,5],"uv":[0,17]}]},{"name":"head","parent":"body","pivot":[0,12,0],"cubes":[{"origin":[-3,12,-3],"size":[6,6,6],"uv":[0,0]},{"origin":[-2,18,-2],"size":[4,1,4],"uv":[30,1]},{"origin":[-0.5,19,-0.5],"size":[1,1,1],"uv":[29,0]},{"origin":[-3.5,12,-4],"size":[7,3,2],"uv":[25,7]},{"origin":[-3.5,12,-4],"size":[0,3,2],"pivot":[-3.5,13.5,-4],"rotation":[0,-35,0],"uv":[0,0]},{"origin":[3.5,12,-4],"size":[0,3,2],"pivot":[3.5,13.5,-4],"rotation":[0,35,0],"uv":[0,0],"mirror":true},{"origin":[-3.5,16.5,-4],"size":[3,1,1],"pivot":[-2,16.5,-3.5],"rotation":[0,0,10],"uv":[19,0]},{"origin":[0.5,16.5,-4],"size":[3,1,1],"pivot":[2,16.5,-3.5],"rotation":[0,0,-10],"uv":[19,0],"mirror":true},{"origin":[-3,16,0],"size":[1,3,1],"pivot":[-3,16,0],"rotation":[0,0,-55],"uv":[19,2]},{"origin":[2,16,0],"size":[1,3,1],"pivot":[3,16,0],"rotation":[0,0,55],"uv":[19,2],"mirror":true},{"origin":[-2,18,0],"size":[1,1,1],"pivot":[-3,16,0],"rotation":[0,0,-55],"uv":[24,3]},{"origin":[1,18,0],"size":[1,1,1],"pivot":[3,16,0],"rotation":[0,0,55],"uv":[24,3],"mirror":true}]},{"name":"leftArm","parent":"body","pivot":[3,11,0],"rotation":[0,0,-20],"cubes":[{"origin":[2,7,-1],"size":[2,4,2],"uv":[24,19],"mirror":true},{"origin":[1.5,4,-1.5],"size":[3,3,3],"uv":[24,26],"mirror":true}]},{"name":"rightArm","parent":"body","pivot":[-3,11,0],"rotation":[0,0,20],"cubes":[{"origin":[-4,7,-1],"size":[2,4,2],"uv":[24,19]},{"origin":[-4.5,4,-1.5],"size":[3,3,3],"uv":[24,26]}]}]}]}