{"format_version":"1.12.0","minecraft:geometry":[{"description":{"identifier":"geometry.hive.wars.bridge.builder.pigeon","texture_width":64,"texture_height":64,"visible_bounds_width":3,"visible_bounds_height":3,"visible_bounds_offset":[0,0.5,0]},"bones":[{"name":"root","pivot":[0,0,0],"rotation":[-180,0,180],"cubes":[{"origin":[3,6,-4],"size":[6,1,6],"uv":[18,8]},{"origin":[3,7,2],"size":[6,0,2],"uv":[26,20]},{"origin":[9,7,0],"size":[3,0,2],"uv":[0,4]},{"origin":[9,6,-4],"size":[3,1,4],"uv":[26,26]},{"origin":[12,7,-4],"size":[2,0,4],"uv":[0,0]},{"origin":[-8,7,2],"size":[6,0,2],"uv":[26,20],"mirror":true},{"origin":[-8,6,-4],"size":[6,1,6],"uv":[18,8],"mirror":true},{"origin":[-13,7,-4],"size":[2,0,4],"uv":[0,0],"mirror":true},{"origin":[-11,6,-4],"size":[3,1,4],"uv":[26,26],"mirror":true},{"origin":[-11,7,0],"size":[3,0,2],"uv":[0,4],"mirror":true},{"origin":[-2,2,-4],"size":[5,5,8],"uv":[0,8]},{"origin":[-2,3.17037,5.2941],"size":[5,4,2],"pivot":[1,12,4],"rotation":[-15,0,0],"uv":[16,21]},{"origin":[-2,4.17037,7.2941],"size":[5,3,2],"pivot":[1,12,4],"rotation":[-15,0,0],"uv":[26,15]},{"origin":[-5,7.17037,6.2941],"size":[11,0,8],"pivot":[1,12,4],"rotation":[-15,0,0],"uv":[0,0]},{"origin":[-1,0.34074,5.5882],"size":[3,2,3],"pivot":[1,12,4],"rotation":[-15,0,0],"uv":[14,27]},{"origin":[-1.5,3.5,-8],"size":[4,4,4],"uv":[0,21]},{"origin":[-2,4.5,-7],"size":[5,2,2],"uv":[0,29]},{"origin":[-0.5,5.22674,-9.57035],"size":[2,1,2],"pivot":[0.5,9,-8.5],"rotation":[12.5,0,0],"uv":[0,6]},{"origin":[-0.5,4.22674,-10.57035],"size":[2,1,3],"pivot":[0.5,9,-8.5],"rotation":[12.5,0,0],"uv":[30,0]}]}]}]}