{"format_version":"1.12.0","minecraft:geometry":[{"description":{"identifier":"geometry.hive.wars.bridge.builder.robot","texture_width":64,"texture_height":64,"visible_bounds_width":3,"visible_bounds_height":2,"visible_bounds_offset":[0,1,0]},"bones":[{"name":"root","pivot":[0,0,0],"cubes":[{"origin":[-4,0,-4],"size":[8,8,8],"uv":[0,16]},{"origin":[-5,2,-2],"size":[1,4,4],"uv":[19,7]},{"origin":[4,2,-2],"size":[1,4,4],"uv":[19,7],"mirror":true},{"origin":[-4,8,-3],"size":[2,1,6],"uv":[0,8]},{"origin":[2,8,-3],"size":[2,1,6],"uv":[0,8],"mirror":true},{"origin":[-0.5,8,-0.5],"size":[1,2,1],"uv":[0,0]},{"origin":[-1,10,-1],"size":[2,2,2],"uv":[8,0]},{"origin":[-2,2,4],"size":[4,4,1],"uv":[31,10]},{"origin":[-3,1,6.5],"size":[6,6,0],"uv":[42,9]},{"origin":[-2,2,8.5],"size":[4,4,0],"uv":[41,17]}]}]}]}