{"format_version":"1.12.0","minecraft:geometry":[{"description":{"identifier":"geometry.hive.wars.bridge.builder.tiny.sleigh","texture_width":64,"texture_height":32,"visible_bounds_width":3,"visible_bounds_height":2.5,"visible_bounds_offset":[0,0.75,0]},"bones":[{"name":"root","pivot":[0,0,0]},{"name":"bone","parent":"root","pivot":[0,-0.25,0],"cubes":[{"origin":[4,-0.25,-11],"size":[0,5,22],"pivot":[4,4.75,0],"rotation":[0,0,-20],"uv":[0,-4],"mirror":true},{"origin":[-4,-0.25,-11],"size":[0,5,22],"pivot":[-4,4.75,0],"rotation":[0,0,20],"uv":[0,-4]},{"origin":[-2,8.75,-2],"size":[4,4,4],"pivot":[0,8.75,-1],"rotation":[-5,0,0],"uv":[48,24]},{"origin":[-1,12.73329,-2.06462],"size":[2,2,2],"pivot":[0,8.75,-1],"rotation":[-34,0,0],"uv":[40,27]},{"origin":[-1,7.75,-2],"size":[2,1,0],"pivot":[0,8.75,-1],"rotation":[-5,0,0],"uv":[48,24]},{"origin":[-1,5.75,-1],"size":[2,3,2],"uv":[24,27]},{"origin":[-1,6.75,-0.5],"size":[1,2,1],"pivot":[-1,8.75,0.5],"rotation":[0,0,120],"uv":[0,6]},{"origin":[0,6.75,-0.5],"size":[1,2,1],"pivot":[1,8.75,0.5],"rotation":[0,0,-120],"uv":[0,6],"mirror":true},{"origin":[-4,2.75,-6],"size":[8,3,12],"uv":[0,0]},{"origin":[-4,5.75,0],"size":[0,3,3],"uv":[0,12]},{"origin":[4,5.75,0],"size":[0,3,3],"uv":[0,12],"mirror":true},{"origin":[-4,5.75,3],"size":[8,6,6],"uv":[28,0]},{"origin":[-4,5.75,-8],"size":[8,4,4],"uv":[0,24]}]}]}]}