{"format_version":"1.10.0","animation_controllers":{"controller.animation.hive.mounts.pirate.ship.idle":{"states":{"default":{"animations":["idle","idle_engine","move_forward","move_left","move_right"]}}},"controller.animation.hive.mounts.pirate.ship.afk":{"states":{"default":{"transitions":[{"afk_hold":"query.is_tamed"},{"waiting":"!query.is_tamed"}]},"waiting":{"transitions":[{"afk":"query.is_tamed"}]},"afk":{"animations":["afk"],"transitions":[{"afk_hold":"query.all_animations_finished"}]},"afk_hold":{"animations":["afk_hold"],"transitions":[{"afk_end":"!query.is_tamed"}]},"afk_end":{"animations":["afk_end"],"transitions":[{"waiting":"query.all_animations_finished"}]}}}}}