{"format_version":"1.10.0","animation_controllers":{"controller.animation.hive.mounts.spaceship.idle":{"states":{"default":{"animations":["idle","idle_energy","face_blink"]}}},"controller.animation.hive.mounts.spaceship.face":{"states":{"default":{"transitions":[{"face_look_left":"variable.face_random \u003d math.random_integer(0, 2); return variable.face_random \u003d\u003d 0;"},{"face_look_right":"variable.face_random \u003d\u003d 1"}]},"face_look_left":{"animations":["face_look_left"],"transitions":[{"default":"query.all_animations_finished"}]},"face_look_right":{"animations":["face_look_right"],"transitions":[{"default":"query.all_animations_finished"}]}}},"controller.animation.hive.mounts.spaceship.move":{"states":{"default":{"animations":["fly_forward","fly_left"]}}}}}