{"format_version":"1.10.0","particle_effect":{"description":{"identifier":"hivectf:capture_blue","basic_render_parameters":{"material":"particles_alpha","texture":"textures/particle/particles"}},"components":{"minecraft:emitter_rate_instant":{"num_particles":50},"minecraft:emitter_lifetime_once":{"active_time":2},"minecraft:emitter_shape_box":{"offset":[0,1.5,0],"half_dimensions":[0.5,2,0.5],"direction":["math.random(-2,2)",0.2,"math.random(-2,2)"]},"minecraft:particle_lifetime_expression":{"max_lifetime":1.5},"minecraft:particle_initial_spin":{"rotation":"variable.particle_random_3*360","rotation_rate":"variable.particle_random_2*40"},"minecraft:particle_initial_speed":8,"minecraft:particle_motion_dynamic":{"linear_acceleration":[0,-4,0],"linear_drag_coefficient":3},"minecraft:particle_appearance_billboard":{"size":["(1-(variable.particle_age/variable.particle_lifetime))*0.3","(1-(variable.particle_age/variable.particle_lifetime))*0.3"],"facing_camera_mode":"rotate_xyz","uv":{"texture_width":128,"texture_height":128,"uv":[0,0],"uv_size":[8,8]}},"minecraft:particle_appearance_tinting":{"color":["Math.clamp(variable.particle_random_1 \u003c 0.4 ? 1 : 0.18, 0, 1)","Math.clamp(variable.particle_random_1 \u003c 0.4 ? 0.87 : 0.52, 0, 1)","Math.clamp(variable.particle_random_1 \u003c 0.4 ? 0.09 : 0.89, 0, 1)",1]}}}}