{"format_version":"1.8.0","minecraft:client_entity":{"description":{"identifier":"hivecommon:prestige_wings","materials":{"default":"entity_alphatest"},"textures":{"default":"textures/entity/hive/common/prestige/wings"},"geometry":{"default":"geometry.hive.common.prestige.wings"},"animations":{"wings":"animation.hive.common.prestige.wings"},"particle_effects":{"circle":"hivecommon:prestige_circle","swirl":"hivecommon:prestige_swirl","wings":"hivecommon:prestige_wings","feathers":"hivecommon:prestige_feathers","feathers_burst":"hivecommon:prestive_feathers_burst"},"animation_controllers":[{"default":"controller.animation.hive.common.prestige.wings"}],"render_controllers":["controller.render.default"]}}}