{"format_version":"1.8.0","minecraft:client_entity":{"description":{"identifier":"hivectf:spring_flower","materials":{"default":"entity_alphatest"},"textures":{"default":"textures/entity/hive/ctf/spring/flower"},"geometry":{"default":"geometry.hive.ctf.spring.flower"},"animations":{"activate":"animation.hive.ctf.spring.flower.activate"},"particle_effects":{"activate":"hivectf:spring_flower_activate"},"animation_controllers":[{"activate":"controller.animation.hive.ctf.spring.activate.particles"}],"render_controllers":["controller.render.default"]}}}