{"format_version":"1.10.0","particle_effect":{"description":{"identifier":"hivesky:banishing_3","basic_render_parameters":{"material":"particles_blend","texture":"textures/particle/hive/sky/killeffects/banishing"}},"components":{"minecraft:emitter_initialization":{"creation_expression":"variable.size \u003d 0.08;variable.lifetime \u003d 2.2;"},"minecraft:emitter_rate_steady":{"spawn_rate":"variable.emitter_age \u003e 0.9 ? 100 : 0","max_particles":250},"minecraft:emitter_lifetime_expression":{"activation_expression":"(variable.emitter_age \u003e 0.9 ? 1.0 : 0.0)","expiration_expression":"(variable.emitter_age \u003e\u003d 1.4 ? 1.0 : 0.0)"},"minecraft:emitter_shape_point":{"offset":[0,2,0],"direction":["math.random(-4,4)","math.random(-4,4)","math.random(-4,4)"]},"minecraft:particle_lifetime_expression":{"max_lifetime":"variable.lifetime"},"minecraft:particle_initial_spin":{"rotation_rate":200},"minecraft:particle_initial_speed":1,"minecraft:particle_motion_dynamic":{"linear_acceleration":["math.random(-1,1)*math.cos(600*variable.particle_age)*10",-2,"math.random(-1,1)*math.sin(600*variable.particle_age)*10"],"linear_drag_coefficient":1,"rotation_acceleration":7},"minecraft:particle_appearance_billboard":{"size":["variable.size*(variable.lifetime-variable.particle_age)","variable.size*(variable.lifetime-variable.particle_age)"],"facing_camera_mode":"rotate_xyz","uv":{"texture_width":16,"texture_height":16,"uv":[0,0],"uv_size":[16,16]}},"minecraft:particle_appearance_tinting":{"color":["Math.clamp(Math.clamp(Math.clamp(0.9+((variable.particle_random_2*0.4))-0.2, 0, 1), 0, 1), 0, 1)","Math.clamp(Math.clamp(Math.clamp(0.7+((variable.particle_random_2*0.4)-0.2), 0, 1), 0, 1), 0, 1)","Math.clamp(Math.clamp(Math.clamp(0.3+((variable.particle_random_2*0.4)-0.2), 0, 1), 0, 1), 0, 1)",1]}}}}