{"format_version":"1.10.0","particle_effect":{"description":{"identifier":"hivesky:bubble_burst","basic_render_parameters":{"material":"particles_alpha","texture":"textures/particle/hive/sky/killeffects/bubble_burst"}},"components":{"minecraft:emitter_rate_steady":{"spawn_rate":30,"max_particles":30},"minecraft:emitter_lifetime_once":{"active_time":0.5},"minecraft:emitter_shape_sphere":{"radius":0.2,"surface_only":true,"direction":["math.random(-2,2)",1,"math.random(-2,2)"]},"minecraft:particle_lifetime_expression":{"max_lifetime":1.4},"minecraft:particle_initial_speed":2,"minecraft:particle_motion_dynamic":{"linear_acceleration":[0,5,0],"linear_drag_coefficient":2},"minecraft:particle_appearance_billboard":{"size":["(1-(variable.particle_age/variable.particle_lifetime))*(variable.particle_random_1*0.3)","(1-(variable.particle_age/variable.particle_lifetime))*(variable.particle_random_1*0.3)"],"facing_camera_mode":"rotate_xyz","uv":{"texture_width":8,"texture_height":32,"uv":[0,"variable.particle_age \u003c 1.1 ? Math.round(variable.particle_random_2 * 2) * 8 : 24"],"uv_size":[8,8]}}}}}