{"format_version":"1.10.0","particle_effect":{"description":{"identifier":"hivesky:kaching","basic_render_parameters":{"material":"particles_alpha","texture":"textures/particle/hive/sky/killeffects/kaching"}},"components":{"minecraft:emitter_rate_instant":{"num_particles":20},"minecraft:emitter_lifetime_once":{"active_time":2},"minecraft:emitter_shape_sphere":{"offset":[0,1,0],"radius":0.4,"direction":["math.random(-2,2)",5,"math.random(-2,2)"]},"minecraft:particle_lifetime_expression":{"max_lifetime":2.5},"minecraft:particle_initial_spin":{"rotation":"variable.particle_random_3*360","rotation_rate":300},"minecraft:particle_initial_speed":5,"minecraft:particle_motion_dynamic":{"linear_acceleration":[0,-8,0],"linear_drag_coefficient":1,"rotation_acceleration":"variable.particle_random_2*20","rotation_drag_coefficient":1},"minecraft:particle_appearance_billboard":{"size":["(1-(variable.particle_age/variable.particle_lifetime))*0.1","(1-(variable.particle_age/variable.particle_lifetime))*0.1"],"facing_camera_mode":"rotate_xyz","uv":{"texture_width":8,"texture_height":8,"uv":[0,0],"uv_size":[8,8]}},"minecraft:particle_motion_collision":{"collision_drag":0.5,"coefficient_of_restitution":0.5,"collision_radius":0.01},"minecraft:particle_appearance_tinting":{"color":[1,1,1,1]}}}}