{"format_version":"1.10.0","particle_effect":{"description":{"identifier":"hivedr:trail_diamonds","basic_render_parameters":{"material":"particles_alpha","texture":"textures/particle/hive/dr/trail/diamonds"}},"components":{"minecraft:emitter_rate_steady":{"spawn_rate":15,"max_particles":200},"minecraft:emitter_lifetime_looping":{"active_time":1},"minecraft:emitter_shape_disc":{"offset":[0,"math.random(0,0.2)",0],"radius":0.3,"direction":"outwards"},"minecraft:particle_lifetime_expression":{"max_lifetime":2},"minecraft:particle_initial_spin":{"rotation":"math.random(-180,180)","rotation_rate":"math.random(-180,180)"},"minecraft:particle_initial_speed":0.4,"minecraft:particle_motion_dynamic":{"linear_drag_coefficient":0.8},"minecraft:particle_appearance_billboard":{"size":["(1-(variable.particle_age/variable.particle_lifetime))*0.1","(1-(variable.particle_age/variable.particle_lifetime))*0.1"],"facing_camera_mode":"rotate_xyz","uv":{"texture_width":8,"texture_height":32,"uv":[0,"variable.particle_random_3 \u003c 0.5 ? Math.round(variable.particle_random_2 * 2) * 8 + 8 : Math.round(variable.particle_random_2 * 3) * 8"],"uv_size":[8,8]}},"minecraft:particle_appearance_tinting":{"color":[1,1,1,1]}}}}