{"format_version":"1.10.0","particle_effect":{"description":{"identifier":"hivedr:trail_explosion","basic_render_parameters":{"material":"particles_alpha","texture":"textures/particle/hive/dr/trail/explosion"}},"components":{"minecraft:emitter_rate_steady":{"spawn_rate":10,"max_particles":200},"minecraft:emitter_lifetime_looping":{"active_time":1},"minecraft:emitter_shape_disc":{"offset":[0,"math.random(0,0.2)",0],"radius":0.2,"direction":"outwards"},"minecraft:particle_lifetime_expression":{"max_lifetime":3},"minecraft:particle_initial_spin":{"rotation":"math.random(-180,180)","rotation_rate":"math.random(-180,180)"},"minecraft:particle_initial_speed":0.3,"minecraft:particle_motion_dynamic":{"linear_drag_coefficient":0.8},"minecraft:particle_appearance_billboard":{"size":["variable.particle_age \u003e 0.7 ? (1-(variable.particle_age/variable.particle_lifetime))*0.2 : (variable.particle_age/0.5)*0.1","variable.particle_age \u003e 0.7 ? (1-(variable.particle_age/variable.particle_lifetime))*0.2 : (variable.particle_age/0.5)*0.1"],"facing_camera_mode":"rotate_xyz","uv":{"texture_width":16,"texture_height":160,"flipbook":{"base_UV":[0,0],"size_UV":[16,16],"step_UV":[0,16],"frames_per_second":8,"max_frame":10,"stretch_to_lifetime":true}}},"minecraft:particle_appearance_tinting":{"color":[1,1,1,1]}}}}