{"format_version":"1.12.0","minecraft:geometry":[{"description":{"identifier":"geometry.hive.pets.babydragon","texture_width":64,"texture_height":64,"visible_bounds_width":5,"visible_bounds_height":6,"visible_bounds_offset":[0,2,0]},"bones":[{"name":"root","pivot":[0,0,0]},{"name":"offset","parent":"root","pivot":[0,0,0]},{"name":"fly","parent":"offset","pivot":[0,35,0]},{"name":"body","parent":"fly","pivot":[0,11,0],"locators":{"wings":[0,0,7]}},{"name":"head","parent":"body","pivot":[0,11,1],"cubes":[{"origin":[-4,11,-4],"size":[8,8,8],"uv":[25,23]}]},{"name":"eyes","parent":"head","pivot":[0,13,-4.05]},{"name":"eyeRight","parent":"eyes","pivot":[-3,15,-4.05],"cubes":[{"origin":[-4,13,-4.025],"size":[3,3,0],"uv":[16,29]}]},{"name":"pupil","parent":"eyeRight","pivot":[-3,15,-4.05],"cubes":[{"origin":[-3,13,-4.06],"size":[2,3,0],"uv":[0,0]}]},{"name":"eyeLeft","parent":"eyes","pivot":[2,15,-4.15],"cubes":[{"origin":[1,13,-4.025],"size":[3,3,0],"uv":[16,29],"mirror":true}]},{"name":"pupil2","parent":"eyeLeft","pivot":[2,15,-4.15],"cubes":[{"origin":[1,13,-4.06],"size":[2,3,0],"uv":[0,0],"mirror":true}]},{"name":"eyebrows","parent":"head","pivot":[-1,15,-3.925]},{"name":"eyebrowRight","parent":"eyebrows","pivot":[-1,16,-4.175],"cubes":[{"origin":[-5,16,-4.175],"size":[4,2,0],"uv":[11,12]}]},{"name":"eyebrowLeft","parent":"eyebrows","pivot":[1,16,-4.175],"cubes":[{"origin":[1,16,-4.175],"size":[4,2,0],"uv":[11,12],"mirror":true}]},{"name":"mouth","parent":"head","pivot":[0,11,-4],"locators":{"mouth":{"offset":[0,12,-5],"rotation":[25,0,0]}}},{"name":"mouthUpper","parent":"mouth","pivot":[0,11,-4],"cubes":[{"origin":[-2,12,-7],"size":[4,2,3],"uv":[41,13]}]},{"name":"mouthLower","parent":"mouth","pivot":[0,12,-4],"cubes":[{"origin":[-2,11,-7],"size":[4,1,3],"uv":[0,12]}]},{"name":"hornRight","parent":"head","pivot":[-3.9,18,1],"rotation":[-116.5,0,0],"cubes":[{"origin":[-4.98,16,-4],"size":[3,3,7],"uv":[36,0]},{"origin":[-4.98,19,-4],"size":[3,2,2],"uv":[32,0]}]},{"name":"hornLeft","parent":"head","pivot":[3.9,18,1],"rotation":[-116.5,0,0],"cubes":[{"origin":[1.98,16,-4],"size":[3,3,7],"uv":[36,0],"mirror":true},{"origin":[1.98,19,-4],"size":[3,2,2],"uv":[32,0],"mirror":true}]},{"name":"gillRight","parent":"head","pivot":[-5,15,2],"cubes":[{"origin":[-9,13,2],"size":[5,5,0],"pivot":[-4,17,2],"rotation":[0,30,0],"uv":[44,46]}],"locators":{"gillright":{"offset":[-4,15,1],"rotation":[0,90,0]}}},{"name":"gillLeft","parent":"head","pivot":[5,15,2],"cubes":[{"origin":[4,13,2],"size":[5,5,0],"pivot":[4,16,2],"rotation":[0,-30,0],"uv":[44,39]}],"locators":{"gillleft":{"offset":[4,15,1],"rotation":[0,-90,0]}}},{"name":"mass","parent":"body","pivot":[0,11,-3]},{"name":"arms","parent":"mass","pivot":[0,10,0]},{"name":"armRight","parent":"arms","pivot":[-3,10,0],"rotation":[0,0,30],"cubes":[{"origin":[-4,7,-1],"size":[2,4,2],"uv":[0,47]}]},{"name":"bone","parent":"armRight","pivot":[-3,6,0],"cubes":[{"origin":[-5,4,-2],"size":[3,3,4],"uv":[0,40]}]},{"name":"armLeft","parent":"arms","pivot":[3,10,0],"rotation":[0,0,-30],"cubes":[{"origin":[2,7,-1],"size":[2,4,2],"uv":[0,47],"mirror":true}]},{"name":"bone4","parent":"armLeft","pivot":[3,6,0],"cubes":[{"origin":[2,4,-2],"size":[3,3,4],"uv":[0,40],"mirror":true}]},{"name":"wingRight","parent":"mass","pivot":[-3,10,2],"rotation":[0,-45,0],"cubes":[{"origin":[-3,5,2],"size":[0,13,16],"uv":[0,0],"mirror":true}]},{"name":"wingLeft","parent":"mass","pivot":[3,10,2],"rotation":[0,45,0],"cubes":[{"origin":[3,5,2],"size":[0,13,16],"uv":[0,0]}]},{"name":"tail","parent":"mass","pivot":[0,9,2],"rotation":[-30,0,0],"cubes":[{"origin":[0,9,4],"size":[0,3,4],"uv":[0,0]},{"origin":[-3,5,2],"size":[6,4,8],"uv":[0,0]}]},{"name":"tailMid","parent":"tail","pivot":[0,9,9],"rotation":[20,0,0],"cubes":[{"origin":[-2,6,9],"size":[4,3,7],"uv":[21,5]},{"origin":[0,9,10],"size":[0,3,4],"uv":[0,0]}]},{"name":"tailEnd","parent":"tailMid","pivot":[0,9,15],"rotation":[15,0,0],"cubes":[{"origin":[-1,7,15],"size":[2,2,6],"uv":[14,39]},{"origin":[0,9,16],"size":[0,3,4],"uv":[0,0]}]},{"name":"legRight","parent":"mass","pivot":[-2,6,0],"rotation":[5,0,-2.5],"cubes":[{"origin":[-4,2,-1],"size":[3,4,4],"uv":[30,39]}]},{"name":"footRight","parent":"legRight","pivot":[-1,2,0],"cubes":[{"origin":[-4,0,-2],"size":[3,2,3],"uv":[20,0]}]},{"name":"legLeft","parent":"mass","pivot":[2,6,0],"rotation":[5,0,2.5],"cubes":[{"origin":[1,2,-1],"size":[3,4,4],"uv":[30,39],"mirror":true}]},{"name":"FootLeft","parent":"legLeft","pivot":[1,2,0],"cubes":[{"origin":[1,0,-2],"size":[3,2,3],"uv":[20,0],"mirror":true}]},{"name":"chest","parent":"mass","pivot":[0,11,0],"cubes":[{"origin":[-3,4,-2],"size":[6,7,4],"inflate":0.001,"uv":[0,29]}]}]}]}