{"minecraft:geometry":[{"description":{"identifier":"geometry.hive.pets.endolotl","texture_width":64,"texture_height":64,"visible_bounds_width":5,"visible_bounds_height":3.5,"visible_bounds_offset":[0,1.25,0]},"bones":[{"name":"root","pivot":[0,1,0]},{"name":"mass","parent":"root","pivot":[0,5,0]},{"name":"head","parent":"mass","pivot":[0,5,-6],"cubes":[{"origin":[-4,3,-11],"size":[8,6,6],"uv":[0,0]}],"locators":{"back1":[0,9,-10],"back2":[0,9,-7],"head":[0,3,-11]}},{"name":"topFin","parent":"head","pivot":[0,9,-9],"rotation":[-32.5,0,0],"cubes":[{"origin":[-4,9,-9],"size":[8,3,0],"uv":[22,0]}]},{"name":"rightEye","parent":"head","pivot":[-2.5,5.5,-11.05],"cubes":[{"origin":[-3,4,-11.05],"size":[1,3,0],"uv":[0,0]}]},{"name":"leftEye","parent":"head","pivot":[2.5,5.5,-11.05],"cubes":[{"origin":[2,4,-11.05],"size":[1,3,0],"uv":[0,0],"mirror":true}]},{"name":"rightFin","parent":"head","pivot":[-4,6,-8],"rotation":[0,40,0],"cubes":[{"origin":[-7,3,-8],"size":[3,7,0],"uv":[29,5]}]},{"name":"leftFin","parent":"head","pivot":[4,6,-8],"rotation":[0,-40,0],"cubes":[{"origin":[4,3,-8],"size":[3,7,0],"uv":[29,5],"mirror":true}]},{"name":"body","parent":"mass","pivot":[0,5,-5],"cubes":[{"origin":[-3,2,-5],"size":[6,5,12],"uv":[0,12]}],"locators":{"body":[0,4,2],"back3":[0,8,-4],"back4":[0,9,-1],"back5":[0,9,2],"back6":[0,8,6]}},{"name":"backFin","parent":"body","pivot":[0,7,0],"cubes":[{"origin":[0,7,-5],"size":[0,2,12],"uv":[24,2]}]},{"name":"tail","parent":"body","pivot":[0,7,7],"rotation":[-10,0,0],"cubes":[{"origin":[-1,4,7],"size":[2,3,7],"uv":[0,29]},{"origin":[0,5,14],"size":[0,4,5],"uv":[24,12]},{"origin":[0,7,7],"size":[0,2,7],"uv":[24,15]}],"locators":{"back7":[0,8,8],"back8":[0,9,12],"back9":[0,9,16]}},{"name":"rightLeg","parent":"body","pivot":[-3,4,-3],"rotation":[0,0,20],"cubes":[{"origin":[-4,0,-4],"size":[2,4,3],"uv":[0,12]}]},{"name":"leftLeg","parent":"body","pivot":[3,4,-3],"rotation":[0,0,-20],"cubes":[{"origin":[2,0,-4],"size":[2,4,3],"uv":[0,12],"mirror":true}]},{"name":"rightBackLeg","parent":"body","pivot":[-3,4,3],"rotation":[0,0,20],"cubes":[{"origin":[-4,0,2],"size":[2,4,3],"uv":[0,12]}]},{"name":"leftBackLeg","parent":"body","pivot":[3,4,3],"rotation":[0,0,-20],"cubes":[{"origin":[2,0,2],"size":[2,4,3],"uv":[0,12],"mirror":true}]}]}],"format_version":"1.12.0"}