{"format_version":"1.12.0","minecraft:geometry":[{"description":{"identifier":"geometry.hive.pets.pirate.parrot","texture_width":64,"texture_height":64,"visible_bounds_width":4,"visible_bounds_height":4,"visible_bounds_offset":[0,1,0]},"bones":[{"name":"root","pivot":[0,1.75,0],"locators":{"sploosh":{"offset":[0,-15,-16],"rotation":[180,0,0]}}},{"name":"cracker","parent":"root","pivot":[0.5,11,-10.5]},{"name":"bone","parent":"cracker","pivot":[0.5,11,-10.5],"cubes":[{"origin":[-1,11,-12],"size":[3,1,3],"uv":[0,51]}]},{"name":"plank","parent":"root","pivot":[0,0,-1],"rotation":[0,-90,0],"cubes":[{"origin":[-10,0,-4],"size":[20,2,6],"uv":[0,56]}]},{"name":"parrot","parent":"root","pivot":[0,0.75,0]},{"name":"body","parent":"parrot","pivot":[0,4.75,0],"cubes":[{"origin":[-3,4.75,-2],"size":[6,6,4],"uv":[0,29]},{"origin":[-3,6.75,-2],"size":[6,4,0],"pivot":[0,10.75,-2],"rotation":[-15,0,0],"uv":[18,16]}]},{"name":"head","parent":"body","pivot":[0,10.75,0],"cubes":[{"origin":[-3,10.75,-3],"size":[6,6,6],"uv":[0,17]},{"origin":[2.5,11.75,-2],"size":[1,3,3],"pivot":[3,14.75,-0.5],"rotation":[0,0,-7.5],"uv":[38,16]}]},{"name":"rightEye","parent":"head","pivot":[-3,12.225,-0.175],"cubes":[{"origin":[-3.02,11.75,-2],"size":[0,3,3],"uv":[16,26]}]},{"name":"rightPupil","parent":"rightEye","pivot":[-3,11.75,-1.2],"cubes":[{"origin":[-3.04,11.75,-2.2],"size":[0,3,2],"uv":[0,14]}]},{"name":"beak","parent":"head","pivot":[0.5,11.75,-3],"rotation":[-5,0,0],"cubes":[{"origin":[-1.5,11.75,-7],"size":[3,3,4],"uv":[34,0]},{"origin":[-1.5,10.75,-7],"size":[3,1,2],"uv":[24,23]}]},{"name":"lowerBeak","parent":"beak","pivot":[0,11.75,-3],"rotation":[40,0,0],"cubes":[{"origin":[-1.5,10.75,-5],"size":[3,1,2],"uv":[24,20]}],"locators":{"mouth":[0,11.75,-4]}},{"name":"hat","parent":"head","pivot":[0,15.75,-3],"rotation":[-12.5,0,0],"cubes":[{"origin":[-6,15.75,-5],"size":[12,6,10],"uv":[0,0]},{"origin":[-4,15.75,-4],"size":[8,3,8],"uv":[32,33]}]},{"name":"tailFeathers","parent":"body","pivot":[0,6.75,2],"rotation":[45,0,0],"cubes":[{"origin":[-2,2.75,1],"size":[4,4,2],"uv":[46,6]},{"origin":[-3,-1.25,3],"size":[6,6,0],"uv":[52,0]}]},{"name":"rightWing","parent":"body","pivot":[-3,9.75,0],"rotation":[45,0,0],"cubes":[{"origin":[-5,4.75,-3],"size":[2,6,5],"uv":[20,28],"mirror":true},{"origin":[-5,0.75,-3],"size":[0,4,5],"uv":[34,23]},{"origin":[-5,0.75,2],"size":[0,8,2],"uv":[34,18],"mirror":true}]},{"name":"spyglass","parent":"rightWing","pivot":[-3,5,-3],"rotation":[90,0,0],"cubes":[{"origin":[-4,5,-11],"size":[2,2,10],"uv":[6,39]},{"origin":[-4,5,-11],"size":[2,2,6],"inflate":0.25,"uv":[0,41]},{"origin":[-4.5,4.5,-12],"size":[3,3,3],"uv":[20,43]}]},{"name":"leftWing","parent":"body","pivot":[3,9.75,0],"rotation":[45,0,0],"cubes":[{"origin":[3,4.75,-3],"size":[2,6,5],"uv":[20,28]},{"origin":[5,0.75,-3],"size":[0,4,5],"uv":[34,23],"mirror":true},{"origin":[5,0.75,2],"size":[0,8,2],"uv":[34,18]}]},{"name":"leftLeg","parent":"parrot","pivot":[0,5.75,0],"cubes":[{"origin":[0,0.75,-1],"size":[2,4,2],"uv":[0,0]},{"origin":[0,3.75,-1],"size":[2,2,2],"inflate":0.25,"uv":[44,0]}]},{"name":"rightLeg","parent":"parrot","pivot":[-1,4.75,1],"cubes":[{"origin":[-2,0.75,-1],"size":[2,1,2],"uv":[30,17]},{"origin":[-2,1.75,1],"size":[2,3,0],"uv":[0,19]}]}]}]}