{"minecraft:geometry":[{"description":{"identifier":"geometry.hive.pets.rock","texture_width":64,"texture_height":64,"visible_bounds_width":3,"visible_bounds_height":3,"visible_bounds_offset":[0,0.5,0]},"bones":[{"name":"bone","pivot":[0,0,0],"cubes":[{"origin":[-5,0,-5],"size":[10,8,10],"uv":[0,8]},{"origin":[-5,8,-3],"size":[6,2,6],"uv":[0,0]},{"origin":[2,0,1],"size":[5,4,5],"pivot":[4.5,0,3.5],"rotation":[0,-30,0],"uv":[41,17]}]},{"name":"left_eye","parent":"bone","pivot":[-2.5,3.5,-5.5],"cubes":[{"origin":[-4,2,-6],"size":[3,3,1],"pivot":[-2.5,3.5,-5.5],"rotation":[0,0,-2.5],"uv":[26,4]}]},{"name":"right_eye","parent":"bone","pivot":[2.65,4,-5.5],"cubes":[{"origin":[0.65,2,-6],"size":[4,4,1],"pivot":[2.65,4,-5.5],"rotation":[0,0,10],"uv":[36,3]}]}]}],"format_version":"1.12.0"}