{"format_version":"1.12.0","minecraft:geometry":[{"description":{"identifier":"geometry.hive.pets.witch.cat","texture_width":64,"texture_height":64,"visible_bounds_width":4,"visible_bounds_height":3.5,"visible_bounds_offset":[0,1.25,0]},"bones":[{"name":"root","pivot":[0,0,0]},{"name":"mass","parent":"root","pivot":[0,5,5]},{"name":"head","parent":"mass","pivot":[0,9,-5],"cubes":[{"origin":[-4,9,-10],"size":[8,7,7],"uv":{"north":{"uv":[7,26],"uv_size":[8,7]},"east":{"uv":[0,26],"uv_size":[7,7]},"south":{"uv":[22,26],"uv_size":[8,7]},"west":{"uv":[15,26],"uv_size":[7,7]},"up":{"uv":[7,19],"uv_size":[8,7]},"down":{"uv":[15,26],"uv_size":[8,-7]}}}]},{"name":"topMouth","parent":"head","pivot":[0,10,-10],"cubes":[{"origin":[-2,10,-12],"size":[4,2,2],"uv":{"north":{"uv":[26,19],"uv_size":[4,2]},"east":{"uv":[24,19],"uv_size":[2,2]},"south":{"uv":[32,19],"uv_size":[4,2]},"west":{"uv":[30,19],"uv_size":[2,2]},"up":{"uv":[26,17],"uv_size":[4,2]},"down":{"uv":[30,19],"uv_size":[4,-2]}}},{"origin":[0.74,9.5,-11.74],"size":[1,1,0],"uv":{"north":{"uv":[1,0],"uv_size":[-1,1]},"east":{"uv":[1,0],"uv_size":[0,1]},"south":{"uv":[2,0],"uv_size":[-1,1]},"west":{"uv":[0,0],"uv_size":[0,1]},"up":{"uv":[1,0],"uv_size":[-1,0]},"down":{"uv":[2,0],"uv_size":[-1,0]}}},{"origin":[-1.74,9.5,-11.74],"size":[1,1,0],"uv":{"north":{"uv":[0,0],"uv_size":[1,1]},"east":{"uv":[0,0],"uv_size":[0,1]},"south":{"uv":[1,0],"uv_size":[1,1]},"west":{"uv":[1,0],"uv_size":[0,1]},"up":{"uv":[0,0],"uv_size":[1,0]},"down":{"uv":[1,0],"uv_size":[1,0]}}}]},{"name":"bottomMouth","parent":"topMouth","pivot":[0,10,-10],"cubes":[{"origin":[-2,9,-12],"size":[4,1,2],"uv":{"north":{"uv":[24,35],"uv_size":[4,1]},"east":{"uv":[22,35],"uv_size":[2,1]},"south":{"uv":[30,35],"uv_size":[4,1]},"west":{"uv":[28,35],"uv_size":[2,1]},"up":{"uv":[24,33],"uv_size":[4,2]},"down":{"uv":[28,35],"uv_size":[4,-2]}}}]},{"name":"rightWhiskers","parent":"topMouth","pivot":[-2,10,-12],"rotation":[0,25,0],"cubes":[{"origin":[-3.5,11,-12],"size":[1.5,0.5,0],"uv":{"north":{"uv":[1,9],"uv_size":[1,0]},"east":{"uv":[1,9],"uv_size":[0,0]},"south":{"uv":[2,9],"uv_size":[1,0]},"west":{"uv":[2,9],"uv_size":[0,0]},"up":{"uv":[1,9],"uv_size":[1,0]},"down":{"uv":[2,9],"uv_size":[1,0]}}},{"origin":[-3.5,10,-12],"size":[1.5,0.5,0],"uv":{"north":{"uv":[1,9],"uv_size":[1,0]},"east":{"uv":[1,9],"uv_size":[0,0]},"south":{"uv":[2,9],"uv_size":[1,0]},"west":{"uv":[2,9],"uv_size":[0,0]},"up":{"uv":[1,9],"uv_size":[1,0]},"down":{"uv":[2,9],"uv_size":[1,0]}}}]},{"name":"leftWhiskers","parent":"topMouth","pivot":[2,10,-12],"rotation":[0,-25,0],"cubes":[{"origin":[2,11,-12],"size":[1.5,0.5,0],"uv":{"north":{"uv":[2,9],"uv_size":[-1,0]},"east":{"uv":[2,9],"uv_size":[0,0]},"south":{"uv":[3,9],"uv_size":[-1,0]},"west":{"uv":[1,9],"uv_size":[0,0]},"up":{"uv":[2,9],"uv_size":[-1,0]},"down":{"uv":[3,9],"uv_size":[-1,0]}}},{"origin":[2,10,-12],"size":[1.5,0.5,0],"uv":{"north":{"uv":[2,9],"uv_size":[-1,0]},"east":{"uv":[2,9],"uv_size":[0,0]},"south":{"uv":[3,9],"uv_size":[-1,0]},"west":{"uv":[1,9],"uv_size":[0,0]},"up":{"uv":[2,9],"uv_size":[-1,0]},"down":{"uv":[3,9],"uv_size":[-1,0]}}}]},{"name":"witchHat","parent":"head","pivot":[0,16,-10],"rotation":[-15,0,0],"cubes":[{"origin":[-4,16,-10],"size":[8,7,8],"inflate":0.01,"uv":{"north":{"uv":[40,42],"uv_size":[8,7]},"east":{"uv":[32,42],"uv_size":[8,7]},"south":{"uv":[56,42],"uv_size":[8,7]},"west":{"uv":[48,42],"uv_size":[8,7]},"up":{"uv":[40,34],"uv_size":[8,8]},"down":{"uv":[48,42],"uv_size":[8,-8]}}},{"origin":[-7,15,-13],"size":[14,1,14],"inflate":0.01,"uv":{"north":{"uv":[14,63],"uv_size":[14,1]},"east":{"uv":[0,63],"uv_size":[14,1]},"south":{"uv":[42,63],"uv_size":[14,1]},"west":{"uv":[28,63],"uv_size":[14,1]},"up":{"uv":[14,49],"uv_size":[14,14]},"down":{"uv":[28,63],"uv_size":[14,-14]}}},{"origin":[-2,16,-11],"size":[4,4,1],"uv":{"north":{"uv":[1,59],"uv_size":[4,4]},"east":{"uv":[0,59],"uv_size":[1,4]},"south":{"uv":[6,59],"uv_size":[4,4]},"west":{"uv":[5,59],"uv_size":[1,4]},"up":{"uv":[1,58],"uv_size":[4,1]},"down":{"uv":[5,59],"uv_size":[4,-1]}}}]},{"name":"leftEar","parent":"witchHat","pivot":[4,17,-7],"rotation":[0,0,57.5],"cubes":[{"origin":[1.84339,16.4627,-7],"size":[3,4,1],"uv":{"north":{"uv":[30,38],"uv_size":[-3,4]},"east":{"uv":[31,38],"uv_size":[-1,4]},"south":{"uv":[34,38],"uv_size":[-3,4]},"west":{"uv":[27,38],"uv_size":[-1,4]},"up":{"uv":[30,37],"uv_size":[-3,1]},"down":{"uv":[33,38],"uv_size":[-3,-1]}}},{"origin":[1.84339,20.4627,-7],"size":[2,1,0],"uv":{"north":{"uv":[12,35],"uv_size":[-2,1]},"east":{"uv":[12,35],"uv_size":[0,1]},"south":{"uv":[14,35],"uv_size":[-2,1]},"west":{"uv":[10,35],"uv_size":[0,1]},"up":{"uv":[12,35],"uv_size":[-2,0]},"down":{"uv":[14,35],"uv_size":[-2,0]}}}]},{"name":"rightEar","parent":"witchHat","pivot":[-4,17,-7],"rotation":[0,0,-57.5],"cubes":[{"origin":[-4.8434,16.4627,-7],"size":[3,4,1],"uv":{"north":{"uv":[27,38],"uv_size":[3,4]},"east":{"uv":[26,38],"uv_size":[1,4]},"south":{"uv":[31,38],"uv_size":[3,4]},"west":{"uv":[30,38],"uv_size":[1,4]},"up":{"uv":[27,37],"uv_size":[3,1]},"down":{"uv":[30,38],"uv_size":[3,-1]}}},{"origin":[-3.8434,20.4627,-7],"size":[2,1,0],"uv":{"north":{"uv":[10,35],"uv_size":[2,1]},"east":{"uv":[10,35],"uv_size":[0,1]},"south":{"uv":[12,35],"uv_size":[2,1]},"west":{"uv":[12,35],"uv_size":[0,1]},"up":{"uv":[10,35],"uv_size":[2,0]},"down":{"uv":[12,35],"uv_size":[2,0]}}}]},{"name":"hatTail","parent":"witchHat","pivot":[0,23,-4],"rotation":[-15,0,0],"cubes":[{"origin":[-2,21,-5],"size":[4,4,8],"uv":{"north":{"uv":[48,30],"uv_size":[4,4]},"east":{"uv":[40,30],"uv_size":[8,4]},"south":{"uv":[60,30],"uv_size":[4,4]},"west":{"uv":[52,30],"uv_size":[8,4]},"up":{"uv":[48,22],"uv_size":[4,8]},"down":{"uv":[52,30],"uv_size":[4,-8]}}},{"origin":[0,16,1],"size":[0,9,6],"uv":{"north":{"uv":[6,49],"uv_size":[0,9]},"east":{"uv":[0,49],"uv_size":[6,9]},"south":{"uv":[12,49],"uv_size":[0,9]},"west":{"uv":[6,49],"uv_size":[6,9]},"up":{"uv":[6,43],"uv_size":[0,6]},"down":{"uv":[6,49],"uv_size":[0,-6]}}}]},{"name":"eyes","parent":"head","pivot":[0,12,-10.01]},{"name":"rightEye","parent":"eyes","pivot":[-2,12,-10.01],"cubes":[{"origin":[-4,11,-10.01],"size":[3,3,0],"uv":{"north":{"uv":[0,22],"uv_size":[3,3]},"east":{"uv":[0,22],"uv_size":[0,3]},"south":{"uv":[3,22],"uv_size":[3,3]},"west":{"uv":[3,22],"uv_size":[0,3]},"up":{"uv":[0,22],"uv_size":[3,0]},"down":{"uv":[3,22],"uv_size":[3,0]}}}]},{"name":"rightPupil","parent":"rightEye","pivot":[-1,12,-10.01],"cubes":[{"origin":[-3,11,-10.02],"size":[2,3,0],"uv":{"north":{"uv":[0,19],"uv_size":[2,3]},"east":{"uv":[0,19],"uv_size":[0,3]},"south":{"uv":[2,19],"uv_size":[2,3]},"west":{"uv":[2,19],"uv_size":[0,3]},"up":{"uv":[0,19],"uv_size":[2,0]},"down":{"uv":[2,19],"uv_size":[2,0]}}}]},{"name":"leftEye","parent":"eyes","pivot":[2,12,-10.01],"cubes":[{"origin":[1,11,-10.01],"size":[3,3,0],"uv":{"north":{"uv":[3,22],"uv_size":[-3,3]},"east":{"uv":[3,22],"uv_size":[0,3]},"south":{"uv":[6,22],"uv_size":[-3,3]},"west":{"uv":[0,22],"uv_size":[0,3]},"up":{"uv":[3,22],"uv_size":[-3,0]},"down":{"uv":[6,22],"uv_size":[-3,0]}}}]},{"name":"leftPupil","parent":"leftEye","pivot":[1,12,-10.01],"cubes":[{"origin":[1,11,-10.02],"size":[2,3,0],"uv":{"north":{"uv":[2,19],"uv_size":[-2,3]},"east":{"uv":[2,19],"uv_size":[0,3]},"south":{"uv":[4,19],"uv_size":[-2,3]},"west":{"uv":[0,19],"uv_size":[0,3]},"up":{"uv":[2,19],"uv_size":[-2,0]},"down":{"uv":[4,19],"uv_size":[-2,0]}}}]},{"name":"body","parent":"mass","pivot":[0,9,-5],"cubes":[{"origin":[-3.5,5,-5],"size":[7,6,11],"uv":{"north":{"uv":[11,11],"uv_size":[7,6]},"east":{"uv":[0,11],"uv_size":[11,6]},"south":{"uv":[29,11],"uv_size":[7,6]},"west":{"uv":[18,11],"uv_size":[11,6]},"up":{"uv":[11,0],"uv_size":[7,11]},"down":{"uv":[18,11],"uv_size":[7,-11]}}}]},{"name":"extraFur","parent":"body","pivot":[0,11,0],"cubes":[{"origin":[3.5,11,-2],"size":[0,2,8],"uv":{"north":{"uv":[8,46],"uv_size":[0,2]},"east":{"uv":[16,46],"uv_size":[-8,2]},"south":{"uv":[16,46],"uv_size":[0,2]},"west":{"uv":[8,46],"uv_size":[-8,2]},"up":{"uv":[8,38],"uv_size":[0,8]},"down":{"uv":[8,46],"uv_size":[0,-8]}}},{"origin":[-3.5,11,-2],"size":[0,2,8],"uv":{"north":{"uv":[8,46],"uv_size":[0,2]},"east":{"uv":[0,46],"uv_size":[8,2]},"south":{"uv":[16,46],"uv_size":[0,2]},"west":{"uv":[8,46],"uv_size":[8,2]},"up":{"uv":[8,38],"uv_size":[0,8]},"down":{"uv":[8,46],"uv_size":[0,-8]}}}]},{"name":"tail","parent":"body","pivot":[-0.5,11,6],"rotation":[-42.5,0,0],"cubes":[{"origin":[-1.5,8,6],"size":[3,3,8],"uv":{"north":{"uv":[33,8],"uv_size":[3,3]},"east":{"uv":[25,8],"uv_size":[8,3]},"south":{"uv":[44,8],"uv_size":[3,3]},"west":{"uv":[36,8],"uv_size":[8,3]},"up":{"uv":[33,0],"uv_size":[3,8]},"down":{"uv":[36,8],"uv_size":[3,-8]}}},{"origin":[-1.5,11,11],"size":[3,4,3],"uv":{"north":{"uv":[3,37],"uv_size":[3,4]},"east":{"uv":[0,37],"uv_size":[3,4]},"south":{"uv":[9,37],"uv_size":[3,4]},"west":{"uv":[6,37],"uv_size":[3,4]},"up":{"uv":[3,34],"uv_size":[3,3]},"down":{"uv":[6,37],"uv_size":[3,-3]}}}]},{"name":"straightTail","parent":"body","pivot":[-0.5,11,6],"cubes":[{"origin":[-1.5,8,6],"size":[3,3,8],"uv":{"north":{"uv":[33,8],"uv_size":[3,3]},"east":{"uv":[25,8],"uv_size":[8,3]},"south":{"uv":[44,8],"uv_size":[3,3]},"west":{"uv":[36,8],"uv_size":[8,3]},"up":{"uv":[33,0],"uv_size":[3,8]},"down":{"uv":[36,8],"uv_size":[3,-8]}}},{"origin":[-1.5,11,6],"size":[0,2,8],"uv":{"north":{"uv":[8,46],"uv_size":[0,2]},"east":{"uv":[0,46],"uv_size":[8,2]},"south":{"uv":[16,46],"uv_size":[0,2]},"west":{"uv":[8,46],"uv_size":[8,2]},"up":{"uv":[8,38],"uv_size":[0,8]},"down":{"uv":[8,46],"uv_size":[0,-8]}}},{"origin":[1.5,11,6],"size":[0,2,8],"uv":{"north":{"uv":[8,46],"uv_size":[0,2]},"east":{"uv":[16,46],"uv_size":[-8,2]},"south":{"uv":[16,46],"uv_size":[0,2]},"west":{"uv":[8,46],"uv_size":[-8,2]},"up":{"uv":[8,38],"uv_size":[0,8]},"down":{"uv":[8,46],"uv_size":[0,-8]}}}]},{"name":"frontRightLeg","parent":"body","pivot":[-2.4,6,-3],"cubes":[{"origin":[-3.4,2,-4],"size":[2,4,2],"uv":{"north":{"uv":[15,42],"uv_size":[2,4]},"east":{"uv":[13,42],"uv_size":[2,4]},"south":{"uv":[19,42],"uv_size":[2,4]},"west":{"uv":[17,42],"uv_size":[2,4]},"up":{"uv":[15,40],"uv_size":[2,2]},"down":{"uv":[17,42],"uv_size":[2,-2]}}}]},{"name":"frontRightPaw","parent":"frontRightLeg","pivot":[-2.4,2,-2],"cubes":[{"origin":[-3.9,0,-5],"size":[3,2,3],"uv":{"north":{"uv":[16,38],"uv_size":[3,2]},"east":{"uv":[13,38],"uv_size":[3,2]},"south":{"uv":[22,38],"uv_size":[3,2]},"west":{"uv":[19,38],"uv_size":[3,2]},"up":{"uv":[16,35],"uv_size":[3,3]},"down":{"uv":[19,38],"uv_size":[3,-3]}}}]},{"name":"frontLeftLeg","parent":"body","pivot":[2.4,6,-3],"cubes":[{"origin":[1.4,2,-4],"size":[2,4,2],"uv":{"north":{"uv":[17,42],"uv_size":[-2,4]},"east":{"uv":[19,42],"uv_size":[-2,4]},"south":{"uv":[21,42],"uv_size":[-2,4]},"west":{"uv":[15,42],"uv_size":[-2,4]},"up":{"uv":[17,40],"uv_size":[-2,2]},"down":{"uv":[19,42],"uv_size":[-2,-2]}}}]},{"name":"frontLeftPaw","parent":"frontLeftLeg","pivot":[2.4,2,-2],"cubes":[{"origin":[0.9,0,-5],"size":[3,2,3],"uv":{"north":{"uv":[19,38],"uv_size":[-3,2]},"east":{"uv":[22,38],"uv_size":[-3,2]},"south":{"uv":[25,38],"uv_size":[-3,2]},"west":{"uv":[16,38],"uv_size":[-3,2]},"up":{"uv":[19,35],"uv_size":[-3,3]},"down":{"uv":[22,38],"uv_size":[-3,-3]}}}]},{"name":"backRightLeg","parent":"body","pivot":[-2.4,6,4],"cubes":[{"origin":[-3.4,2,3],"size":[2,4,2],"uv":{"north":{"uv":[2,2],"uv_size":[2,4]},"east":{"uv":[0,2],"uv_size":[2,4]},"south":{"uv":[6,2],"uv_size":[2,4]},"west":{"uv":[4,2],"uv_size":[2,4]},"up":{"uv":[2,0],"uv_size":[2,2]},"down":{"uv":[4,2],"uv_size":[2,-2]}}}]},{"name":"backRightPaw","parent":"backRightLeg","pivot":[-2.4,2,5],"cubes":[{"origin":[-3.9,0,2],"size":[3,2,3],"uv":{"north":{"uv":[16,38],"uv_size":[3,2]},"east":{"uv":[13,38],"uv_size":[3,2]},"south":{"uv":[22,38],"uv_size":[3,2]},"west":{"uv":[19,38],"uv_size":[3,2]},"up":{"uv":[16,35],"uv_size":[3,3]},"down":{"uv":[19,38],"uv_size":[3,-3]}}}]},{"name":"backLeftLeg","parent":"body","pivot":[2.4,6,4],"cubes":[{"origin":[1.4,2,3],"size":[2,4,2],"uv":{"north":{"uv":[4,2],"uv_size":[-2,4]},"east":{"uv":[6,2],"uv_size":[-2,4]},"south":{"uv":[8,2],"uv_size":[-2,4]},"west":{"uv":[2,2],"uv_size":[-2,4]},"up":{"uv":[4,0],"uv_size":[-2,2]},"down":{"uv":[6,2],"uv_size":[-2,-2]}}}]},{"name":"backLeftPaw","parent":"backLeftLeg","pivot":[2.4,2,5],"cubes":[{"origin":[0.9,0,2],"size":[3,2,3],"uv":{"north":{"uv":[19,38],"uv_size":[-3,2]},"east":{"uv":[22,38],"uv_size":[-3,2]},"south":{"uv":[25,38],"uv_size":[-3,2]},"west":{"uv":[16,38],"uv_size":[-3,2]},"up":{"uv":[19,35],"uv_size":[-3,3]},"down":{"uv":[22,38],"uv_size":[-3,-3]}}}]},{"name":"rightWing","parent":"body","pivot":[-3.5,11,-1],"cubes":[{"origin":[-14.5,11,-5],"size":[11,0,10],"uv":{"north":{"uv":[37,21],"uv_size":[11,0]},"east":{"uv":[27,21],"uv_size":[10,0]},"south":{"uv":[58,21],"uv_size":[11,0]},"west":{"uv":[48,21],"uv_size":[10,0]},"up":{"uv":[37,11],"uv_size":[11,10]},"down":{"uv":[48,21],"uv_size":[11,-10]}}}],"locators":{"rightwing":[-12,11,0]}},{"name":"leftWing","parent":"body","pivot":[3.5,11,-1],"cubes":[{"origin":[3.5,11,-5],"size":[11,0,10],"uv":{"north":{"uv":[48,21],"uv_size":[-11,0]},"east":{"uv":[58,21],"uv_size":[-10,0]},"south":{"uv":[69,21],"uv_size":[-11,0]},"west":{"uv":[37,21],"uv_size":[-10,0]},"up":{"uv":[48,11],"uv_size":[-11,10]},"down":{"uv":[59,21],"uv_size":[-11,-10]}}}],"locators":{"leftwing":[12,11,0]}},{"name":"necklace","parent":"body","pivot":[0,9,-5],"rotation":[-30,0,0],"cubes":[{"origin":[-3,7,-5],"size":[6,2,0],"uv":{"north":{"uv":[0,41],"uv_size":[6,2]},"east":{"uv":[0,41],"uv_size":[0,2]},"south":{"uv":[6,41],"uv_size":[6,2]},"west":{"uv":[6,41],"uv_size":[0,2]},"up":{"uv":[0,41],"uv_size":[6,0]},"down":{"uv":[6,41],"uv_size":[6,0]}}}]},{"name":"amulet","parent":"necklace","pivot":[0,6.5,-4.625],"rotation":[27.5,0,0],"cubes":[{"origin":[-1.5,5,-5.625],"size":[3,3,2],"pivot":[0,6.5,-4.625],"rotation":[0,0,-45],"uv":{"north":{"uv":[41,2],"uv_size":[3,3]},"east":{"uv":[39,2],"uv_size":[2,3]},"south":{"uv":[46,2],"uv_size":[3,3]},"west":{"uv":[44,2],"uv_size":[2,3]},"up":{"uv":[41,0],"uv_size":[3,2]},"down":{"uv":[44,2],"uv_size":[3,-2]}}},{"origin":[-1,5.5,-5.725],"size":[2,2,0],"pivot":[0,6.5,-4.625],"rotation":[0,0,-45],"uv":{"north":{"uv":[39,6],"uv_size":[2,2]},"east":{"uv":[39,6],"uv_size":[0,2]},"south":{"uv":[41,6],"uv_size":[2,2]},"west":{"uv":[41,6],"uv_size":[0,2]},"up":{"uv":[39,6],"uv_size":[2,0]},"down":{"uv":[41,6],"uv_size":[2,0]}}},{"origin":[-0.5,6,-5.825],"size":[1,1,0],"pivot":[0,6.5,-4.625],"rotation":[0,0,-45],"uv":{"north":{"uv":[45,6],"uv_size":[1,1]},"east":{"uv":[45,6],"uv_size":[0,1]},"south":{"uv":[46,6],"uv_size":[1,1]},"west":{"uv":[46,6],"uv_size":[0,1]},"up":{"uv":[45,6],"uv_size":[1,0]},"down":{"uv":[46,6],"uv_size":[1,0]}}}]}]}]}