{"format_version":"1.8.0","animations":{"animation.hive.hub.arcade.elevatordoors.call":{"loop":"hold_on_last_frame","animation_length":0.36,"bones":{"button":{"position":{"0.0":[0,0,0],"0.04":[0,0,0.25],"0.12":[0,0,1],"0.24":[0,0,-0.275],"0.36":[0,0,0]}},"leftDoor":{"scale":{"0.0":[1,1,1],"0.08":[1,1.015,1],"0.16":[1,0.9875,1],"0.24":[1,0.9958,1],"0.32":[1,1,1]}},"rightDoor":{"scale":{"0.0":[1,1,1],"0.08":[1,1.015,1],"0.16":[1,0.9875,1],"0.24":[1,0.9958,1],"0.32":[1,1,1]}}}},"animation.hive.hub.arcade.elevatordoors.open":{"loop":"hold_on_last_frame","animation_length":2.56,"bones":{"leftDoor":{"position":{"0.0":[0,0,0],"0.08":[0.091,0,0],"0.2":[0.364,0,0],"0.48":[2.184,0,0],"0.92":[5.941,0,0],"1.28":[11.193,0,0],"1.68":[18.343,0,0],"1.8":[20.202,0,0],"1.88":[21.138,0,0],"2.0":[21.606,0,0],"2.12":[21.84,0,0],"2.24":[22.009,0,0],"2.56":[22.1,0,0]}},"bone2":{"scale":{"0.92":[1,1,1],"1.84":[0,1,1]}},"rightDoor":{"position":{"0.0":[0,0,0],"0.08":[-0.091,0,0],"0.2":[-0.364,0,0],"0.48":[-2.184,0,0],"0.92":[-5.941,0,0],"1.28":[-11.193,0,0],"1.68":[-18.343,0,0],"1.8":[-20.202,0,0],"1.88":[-21.138,0,0],"2.0":[-21.606,0,0],"2.12":[-21.84,0,0],"2.24":[-22.009,0,0],"2.56":[-22.1,0,0]}},"bone":{"scale":{"0.96":[1,1,1],"1.72":[0,1,1]}}}},"animation.hive.hub.arcade.elevatordoors.open.hold":{"loop":"hold_on_last_frame","bones":{"leftDoor":{"position":[22.1,0,0]},"bone2":{"scale":[0,1,1]},"rightDoor":{"position":[-22.1,0,0]},"bone":{"scale":[0,1,1]}}},"animation.hive.hub.arcade.elevatordoors.close":{"loop":"hold_on_last_frame","animation_length":2.44,"bones":{"leftDoor":{"position":{"0.0":[22.1,0,0],"0.12":[22.048,0,0],"0.24":[21.3005,0,0],"0.36":[20.3645,0,0],"0.52":[18.5055,0,0],"1.32":[4.108,0,0],"1.56":[2.054,0,0],"1.76":[1.027,0,0],"1.84":[0.62,0,0],"2.0":[0.25,0,0],"2.24":[0,0,0],"2.44":[0,0,0]}},"bone2":{"scale":{"0.36":[0,1,1],"1.12":[1,1,1]}},"rightDoor":{"position":{"0.0":[-22.1,0,0],"0.16":[-22.048,0,0],"0.32":[-21.3005,0,0],"0.4":[-20.3645,0,0],"0.56":[-18.5055,0,0],"1.28":[-4.108,0,0],"1.52":[-2.054,0,0],"1.72":[-1.027,0,0],"1.84":[-0.41,0,0],"2.0":[-0.16,0,0],"2.24":[0,0,0],"2.4":[0,0,0]}},"bone":{"scale":{"0.36":[0,1,1],"1.12":[1,1,1]}}}}}}