{"format_version":"1.8.0","minecraft:client_entity":{"description":{"identifier":"hivehub:wall_fan","materials":{"default":"entity_alphatest","translucent":"slime_outer"},"textures":{"default":"textures/entity/hive/hub/arcade/fan/wall"},"geometry":{"default":"geometry.hive.hub.arcade.wallfan"},"animations":{"idle":"animation.hive.hub.arcade.fan.idle"},"animation_controllers":[{"default":"controller.animation.hive.hub.arcade.fan"}],"particle_effects":{"wind":"hivehub:fan_blow"},"render_controllers":["controller.render.hive.hub.arcade.translucent"]}}}