{"minecraft:geometry":[{"description":{"identifier":"geometry.hive.sky.spawn.vehicle.big.cat","texture_width":128,"texture_height":128,"visible_bounds_width":4,"visible_bounds_height":3,"visible_bounds_offset":[0,0.5,0]},"bones":[{"name":"root","pivot":[0,0,0]},{"name":"body","parent":"root","pivot":[0,-3,0],"rotation":[-10,0,0],"cubes":[{"origin":[-6,-7,-10],"size":[12,10,20],"uv":[0,24]}]},{"name":"frontRightLeg","parent":"body","pivot":[-3,-7,-6],"rotation":[-30,0,0],"cubes":[{"origin":[-7,-15,-9],"size":[5,10,5],"uv":[46,26]},{"origin":[-7,-15,-11],"size":[5,3,2],"uv":[67,36]}]},{"name":"frontLeftLeg","parent":"body","pivot":[3,-7,-6],"rotation":[-62.5,0,0],"cubes":[{"origin":[2,-15,-9],"size":[5,10,5],"uv":[46,26],"mirror":true},{"origin":[2,-15,-11],"size":[5,3,2],"uv":[67,36],"mirror":true}]},{"name":"backRightLeg","parent":"body","pivot":[-3,-7,7],"rotation":[62.5,0,0],"cubes":[{"origin":[-7,-15,4],"size":[5,10,5],"uv":[46,26]},{"origin":[-7,-15,2],"size":[5,3,2],"uv":[67,36]}]},{"name":"backLeftLeg","parent":"body","pivot":[3,-7,7],"rotation":[35,0,0],"cubes":[{"origin":[2,-15,4],"size":[5,10,5],"uv":[46,26],"mirror":true},{"origin":[2,-15,2],"size":[5,3,2],"uv":[67,36],"mirror":true}]},{"name":"head","parent":"body","pivot":[0,1,-8],"rotation":[7.5,0,0],"cubes":[{"origin":[-7,-1,-20],"size":[14,12,12],"uv":[0,0]},{"origin":[-4,-1,-23],"size":[8,5,3],"uv":[42,0]}]},{"name":"rightWhisker","parent":"head","pivot":[-4,1.5,-23],"rotation":[0,27.5,0],"cubes":[{"origin":[-9,1,-23],"size":[5,3,0],"uv":[0,0]}]},{"name":"leftWhisker","parent":"head","pivot":[4,1.5,-23],"rotation":[0,-27.5,0],"cubes":[{"origin":[4,1,-23],"size":[5,3,0],"uv":[0,0],"mirror":true}]},{"name":"rightEar","parent":"head","pivot":[-7,9,-13],"rotation":[0,0,-22.5],"cubes":[{"origin":[-7,9,-13],"size":[5,4,1],"uv":[53,11]},{"origin":[-7,13,-13],"size":[5,2,0],"uv":[53,17]}]},{"name":"leftEar","parent":"head","pivot":[7,9,-13],"rotation":[0,0,22.5],"cubes":[{"origin":[2,9,-13],"size":[5,4,1],"uv":[53,11],"mirror":true},{"origin":[2,13,-13],"size":[5,2,0],"uv":[53,17],"mirror":true}]},{"name":"tail","parent":"body","pivot":[0,3,10],"rotation":[-32.5,0,0],"cubes":[{"origin":[-2,-1,10],"size":[4,4,10],"uv":[0,54]},{"origin":[-2,3,16],"size":[4,7,4],"uv":[29,57]}]}]}],"format_version":"1.12.0"}