{"format_version":"1.12.0","minecraft:geometry":[{"description":{"identifier":"geometry.hive.sky.spawn.vehicle.broomstick","texture_width":64,"texture_height":64,"visible_bounds_width":5,"visible_bounds_height":2,"visible_bounds_offset":[0,0,0]},"bones":[{"name":"root","pivot":[0,0,0],"cubes":[{"origin":[-1,-2,-12],"size":[2,2,20],"uv":[0,42]},{"origin":[-3,-4,8],"size":[6,6,3],"uv":[0,0]},{"origin":[-4,-5,11],"size":[8,8,6],"uv":[0,10]},{"origin":[-3,-4,17],"size":[6,6,5],"pivot":[0,2,17],"rotation":[-7.5,0,0],"uv":[23,0]},{"origin":[-3,-4,22],"size":[6,6,2],"pivot":[0,2,17],"rotation":[-7.5,0,0],"uv":[30,16]},{"origin":[-4,-5,17],"size":[8,8,2],"uv":[0,25]}]}]}]}