{"format_version":"1.12.0","minecraft:geometry":[{"description":{"identifier":"geometry.hive.sky.spawn.vehicle.eggman","texture_width":256,"texture_height":256,"visible_bounds_width":12,"visible_bounds_height":4,"visible_bounds_offset":[0,1,0]},"bones":[{"name":"root","pivot":[0,0,0],"cubes":[{"origin":[-18,0,-11],"size":[6,20,24],"uv":{"east":{"uv":[108,84],"uv_size":[48,40]},"west":{"uv":[48,138],"uv_size":[-48,40]},"up":{"uv":[140,184],"uv_size":[-12,48]},"down":{"uv":[210,218],"uv_size":[-12,-48]}}},{"origin":[12,0,-11],"size":[6,20,24],"uv":{"east":{"uv":[0,138],"uv_size":[48,40]},"west":{"uv":[156,84],"uv_size":[-48,40]},"up":{"uv":[128,184],"uv_size":[12,48]},"down":{"uv":[198,218],"uv_size":[12,-48]}}},{"origin":[-26,0,-5],"size":[8,12,13],"uv":{"north":{"uv":[226,226],"uv_size":[-16,24]},"east":{"uv":[98,180],"uv_size":[-26,24]},"south":{"uv":[210,226],"uv_size":[16,24]},"up":{"uv":[212,170],"uv_size":[16,26]},"down":{"uv":[212,196],"uv_size":[16,-26]}}},{"origin":[18,0,-5],"size":[8,12,13],"uv":{"north":{"uv":[210,226],"uv_size":[16,24]},"south":{"uv":[226,226],"uv_size":[-16,24]},"west":{"uv":[72,180],"uv_size":[26,24]},"up":{"uv":[228,170],"uv_size":[-16,26]},"down":{"uv":[228,196],"uv_size":[-16,-26]}}},{"origin":[-29,4,-8],"size":[11,4,19],"uv":{"north":{"uv":[252,98],"uv_size":[-22,8]},"east":{"uv":[218,140],"uv_size":[38,8]},"south":{"uv":[230,98],"uv_size":[22,8]},"up":{"uv":[24,180],"uv_size":[22,38]},"down":{"uv":[24,218],"uv_size":[22,-38]}}},{"origin":[18,4,-8],"size":[11,4,19],"uv":{"north":{"uv":[230,98],"uv_size":[22,8]},"south":{"uv":[252,98],"uv_size":[-22,8]},"west":{"uv":[256,140],"uv_size":[-38,8]},"up":{"uv":[46,180],"uv_size":[-22,38]},"down":{"uv":[46,218],"uv_size":[-22,-38]}}},{"origin":[-18,0,13],"size":[36,20,6],"uv":{"north":{"uv":[0,0],"uv_size":[72,40]},"east":{"uv":[72,206],"uv_size":[12,40]},"south":{"uv":[0,42],"uv_size":[72,40]},"west":{"uv":[84,206],"uv_size":[-12,40]},"up":{"uv":[230,168],"uv_size":[-72,-12]},"down":{"uv":[172,170],"uv_size":[-72,12]}}},{"origin":[-6,12,19],"size":[12,0,12],"pivot":[0,12,19],"rotation":[10,0,0],"uv":{"north":{"uv":[124,28],"uv_size":[12,0]},"east":{"uv":[124,29],"uv_size":[12,0]},"south":{"uv":[124,30],"uv_size":[12,0]},"west":{"uv":[124,85],"uv_size":[12,0]},"up":{"uv":[192,72],"uv_size":[24,24]}}},{"origin":[4.24264,16.24264,18],"size":[5,0,13],"pivot":[0,12,19],"rotation":[7.10708,-7.05302,44.56145],"uv":{"north":{"uv":[73,84],"uv_size":[5,0]},"east":{"uv":[124,86],"uv_size":[13,0]},"south":{"uv":[96,49],"uv_size":[5,0]},"west":{"uv":[124,87],"uv_size":[13,0]},"up":{"uv":[118,230],"uv_size":[10,26]}}},{"origin":[-9.24264,16.24264,18],"size":[5,0,13],"pivot":[0,12,19],"rotation":[7.10708,7.05302,-44.56145],"uv":{"north":{"uv":[96,50],"uv_size":[5,0]},"east":{"uv":[147,116],"uv_size":[13,0]},"south":{"uv":[96,51],"uv_size":[5,0]},"west":{"uv":[124,89],"uv_size":[13,0]},"up":{"uv":[128,230],"uv_size":[-10,26]}}},{"origin":[-8,9,5],"size":[16,17,6],"pivot":[0,9,5],"rotation":[-10,0,0],"uv":{"north":{"uv":[148,0],"uv_size":[32,34]},"east":{"uv":[0,220],"uv_size":[12,34]},"south":{"uv":[148,36],"uv_size":[32,34]},"west":{"uv":[12,220],"uv_size":[-12,34]},"up":{"uv":[218,116],"uv_size":[32,12]}}},{"origin":[-8,5,-5],"size":[16,4,16],"uv":{"north":{"uv":[224,18],"uv_size":[32,8]},"east":{"uv":[224,28],"uv_size":[32,8]},"south":{"uv":[224,28],"uv_size":[32,8]},"west":{"uv":[224,28],"uv_size":[32,8]},"up":{"uv":[158,72],"uv_size":[32,32]}}},{"origin":[-18,0,-17],"size":[36,20,6],"uv":{"north":{"uv":[74,0],"uv_size":[72,40]},"east":{"uv":[100,210],"uv_size":[12,40]},"south":{"uv":[74,42],"uv_size":[72,40]},"west":{"uv":[112,210],"uv_size":[-12,40]},"up":{"uv":[158,156],"uv_size":[72,12]},"down":{"uv":[100,182],"uv_size":[72,-12]}}},{"origin":[-5,6,-20],"size":[10,10,3],"uv":{"north":{"uv":[28,220],"uv_size":[20,20]},"east":{"uv":[100,138],"uv_size":[6,20]},"west":{"uv":[86,234],"uv_size":[6,20]},"up":{"uv":[230,108],"uv_size":[20,6]},"down":{"uv":[234,228],"uv_size":[20,-6]}}},{"origin":[-3,3,19],"size":[6,6,4],"uv":{"east":{"uv":[242,230],"uv_size":[-8,12]},"west":{"uv":[68,242],"uv_size":[-8,12]},"up":{"uv":[242,40],"uv_size":[12,8]},"down":{"uv":[234,252],"uv_size":[12,-8]}}},{"origin":[-5,1,23],"size":[10,10,5],"uv":{"north":{"uv":[50,220],"uv_size":[20,20]},"east":{"uv":[240,40],"uv_size":[-10,20]},"south":{"uv":[188,220],"uv_size":[20,20]},"west":{"uv":[230,40],"uv_size":[10,20]},"up":{"uv":[164,238],"uv_size":[20,10]},"down":{"uv":[234,72],"uv_size":[20,-10]}}},{"origin":[-4,17,-11],"size":[8,0,6],"uv":{"north":{"uv":[116,84],"uv_size":[8,0]},"east":{"uv":[115,111],"uv_size":[6,0]},"south":{"uv":[124,25],"uv_size":[8,0]},"west":{"uv":[115,112],"uv_size":[6,0]},"up":{"uv":[240,74],"uv_size":[16,12]}}},{"origin":[-6,17,-6],"size":[12,6,0],"pivot":[0,17,-6],"rotation":[45,0,0],"uv":{"east":{"uv":[37,124],"uv_size":[0,6]},"south":{"uv":[232,150],"uv_size":[24,12]},"west":{"uv":[38,124],"uv_size":[0,6]},"up":{"uv":[124,26],"uv_size":[12,0]},"down":{"uv":[124,27],"uv_size":[12,0]}}},{"origin":[-11,21,-14],"size":[22,10,0],"pivot":[0,20,-14],"rotation":[-20,0,0],"uv":{"north":{"uv":[158,106],"uv_size":[44,20]},"east":{"uv":[85,92],"uv_size":[0,10]},"west":{"uv":[86,92],"uv_size":[0,10]},"up":{"uv":[50,84],"uv_size":[22,0]},"down":{"uv":[116,82],"uv_size":[22,0]}}},{"origin":[-16.07143,21.00022,-22.42709],"size":[9,10,0],"pivot":[-0.00077,20.00022,-14.0006],"rotation":[-29.52015,46.04179,-22.17599],"uv":{"north":{"uv":[220,72],"uv_size":[18,20]},"east":{"uv":[35,121],"uv_size":[0,10]},"west":{"uv":[36,124],"uv_size":[0,10]},"up":{"uv":[102,63],"uv_size":[10,0]},"down":{"uv":[116,83],"uv_size":[10,0]}}},{"origin":[7.07143,21.00022,-22.42709],"size":[9,10,0],"pivot":[0.00077,20.00022,-14.0006],"rotation":[-29.52015,-46.04179,22.17599],"uv":{"north":{"uv":[238,72],"uv_size":[-18,20]},"east":{"uv":[36,124],"uv_size":[0,10]},"west":{"uv":[35,121],"uv_size":[0,10]},"up":{"uv":[112,63],"uv_size":[-10,0]},"down":{"uv":[126,83],"uv_size":[-10,0]}}},{"origin":[-13,-8,-12],"size":[26,8,26],"uv":{"north":{"uv":[182,0],"uv_size":[52,16]},"east":{"uv":[182,0],"uv_size":[52,16]},"south":{"uv":[182,0],"uv_size":[52,16]},"west":{"uv":[182,0],"uv_size":[52,16]},"up":{"uv":[0,84],"uv_size":[52,52]},"down":{"uv":[54,136],"uv_size":[52,-52]}}},{"origin":[0,1,28],"size":[0,10,13],"pivot":[0,6,34.5],"rotation":[0,0,45],"uv":{"north":{"uv":[0,0],"uv_size":[0,10]},"south":{"uv":[0,0],"uv_size":[0,10]},"west":{"uv":[108,126],"uv_size":[26,20]},"up":{"uv":[0,14],"uv_size":[0,-14]},"down":{"uv":[0,14],"uv_size":[0,-14]}}},{"origin":[0,1,28],"size":[0,10,13],"pivot":[0,6,34.5],"rotation":[0,0,-45],"uv":{"north":{"uv":[0,0],"uv_size":[0,10]},"east":{"uv":[134,126],"uv_size":[-26,20]},"south":{"uv":[0,0],"uv_size":[0,10]},"up":{"uv":[0,14],"uv_size":[0,-14]},"down":{"uv":[0,14],"uv_size":[0,-14]}}}]}]}]}