{"format_version":"1.12.0","minecraft:geometry":[{"description":{"identifier":"geometry.hive.sky.spawn.vehicle.flamingo.floaty","texture_width":64,"texture_height":64,"visible_bounds_width":3,"visible_bounds_height":4,"visible_bounds_offset":[0,1,0]},"bones":[{"name":"root","pivot":[0,0,0],"cubes":[{"origin":[-7,7,-8],"size":[14,6,16],"uv":[0,42]},{"origin":[-8,8,-4],"size":[3,5,8],"pivot":[-7,11,-4],"rotation":[10,-22.5,0],"uv":[0,29]},{"origin":[5,8,-4],"size":[3,5,8],"pivot":[7,11,-4],"rotation":[10,22.5,0],"uv":[0,29],"mirror":true},{"origin":[-8,9,4],"size":[0,4,2],"pivot":[-7,11,-4],"rotation":[10,-22.5,0],"uv":[0,41]},{"origin":[8,9,4],"size":[0,4,2],"pivot":[7,11,-4],"rotation":[10,22.5,0],"uv":[0,41],"mirror":true},{"origin":[-4,10,6],"size":[8,7,5],"pivot":[0,13,6],"rotation":[-42.5,0,0],"uv":[17,14]},{"origin":[-2,17,6],"size":[4,2,3],"pivot":[0,13,6],"rotation":[-42.5,0,0],"uv":[17,26]},{"origin":[-2,9,-11],"size":[4,11,4],"pivot":[0,11,-10],"rotation":[-12.5,0,0],"uv":[0,14]},{"origin":[-3,19,-13.1],"size":[6,6,8],"uv":[0,0]},{"origin":[-2,19,-17.1],"size":[4,3,4],"uv":[21,0]},{"origin":[-2,17,-17.1],"size":[4,2,2],"uv":[29,8]}]}]}]}