{"format_version":"1.12.0","minecraft:geometry":[{"description":{"identifier":"geometry.hive.sky.spawn.vehicle.island","texture_width":64,"texture_height":64,"visible_bounds_width":2,"visible_bounds_height":3,"visible_bounds_offset":[0,0.5,0]},"bones":[{"name":"root","pivot":[0,0,0],"cubes":[{"origin":[-8,-3,-8],"size":[16,3,16],"uv":[0,0]},{"origin":[-6,-6,-6],"size":[12,3,12],"uv":[0,19]},{"origin":[-4,-8,-5],"size":[10,2,10],"uv":[0,34]},{"origin":[-4,-10,-4],"size":[8,2,8],"uv":[0,46]},{"origin":[-3,-12,-3],"size":[6,2,6],"uv":[0,56]},{"origin":[-7,0,-6],"size":[7,2,0],"uv":[0,0]},{"origin":[0,0,6],"size":[7,2,0],"uv":[0,0]},{"origin":[-7,0,5],"size":[1,3,1],"uv":[52,8]},{"origin":[-8,3,4],"size":[3,2,3],"uv":[49,2]},{"origin":[-7,5,5],"size":[1,1,1],"uv":[49,0]},{"origin":[4,0,-6],"size":[3,2,2],"uv":[0,3]}]}]}]}