{"minecraft:geometry":[{"description":{"identifier":"geometry.hive.sky.spawn.vehicle.pegasus","texture_width":128,"texture_height":128,"visible_bounds_width":6,"visible_bounds_height":4,"visible_bounds_offset":[0,1,0]},"bones":[{"name":"root","pivot":[0,-5,-5]},{"name":"torso","parent":"root","pivot":[0,-5,-9],"rotation":[-17.5,0,0],"cubes":[{"origin":[-5,-1,-17],"size":[10,10,22],"uv":[0,0]}]},{"name":"head","parent":"torso","pivot":[0,4,-17],"rotation":[32.5,0,0]},{"name":"neck","parent":"head","pivot":[0,4,-17],"cubes":[{"origin":[-2,4,-17],"size":[4,7,6],"uv":[35,36]}]},{"name":"head2","parent":"neck","pivot":[0,11,-11],"cubes":[{"origin":[-3,11,-22],"size":[6,6,11],"uv":[0,32]},{"origin":[0,17,-17],"size":[0,3,6],"uv":[0,5]},{"origin":[0,16,-24],"size":[0,4,6],"pivot":[0,17,-19],"rotation":[15,0,0],"uv":[0,0]},{"origin":[0,8,-11],"size":[0,12,4],"pivot":[0,16,-11],"rotation":[0,-30,0],"uv":[43,0]},{"origin":[0,8,-11],"size":[0,12,4],"pivot":[0,16,-11],"rotation":[0,30,0],"uv":[43,0],"mirror":true}]},{"name":"rightEar","parent":"head2","pivot":[-2,17,-11],"rotation":[15,0,0],"cubes":[{"origin":[-4,17,-12],"size":[3,3,1],"uv":[55,34]},{"origin":[-3,20,-12],"size":[2,1,0],"uv":[55,39]}]},{"name":"leftEar","parent":"head2","pivot":[2,17,-11],"rotation":[15,0,0],"cubes":[{"origin":[1,17,-12],"size":[3,3,1],"uv":[55,34],"mirror":true},{"origin":[1,20,-12],"size":[2,1,0],"uv":[55,39],"mirror":true}]},{"name":"rightWing","parent":"torso","pivot":[-4,7.75,-9],"rotation":[-7.5,0,22.5],"cubes":[{"origin":[-20,7.75,-14],"size":[16,0,17],"uv":[0,69]}]},{"name":"rightWing2","parent":"rightWing","pivot":[-20,7.75,-9],"rotation":[0,0,-47.5],"cubes":[{"origin":[-36,7.75,-14],"size":[16,0,17],"uv":[0,89]}],"locators":{"rightwing":[-33,8,-8]}},{"name":"leftWing","parent":"torso","pivot":[4,7.75,-9],"rotation":[-7.5,0,-22.5],"cubes":[{"origin":[4,7.75,-14],"size":[16,0,17],"uv":[0,69],"mirror":true}]},{"name":"leftWing2","parent":"leftWing","pivot":[20,7.75,-9],"rotation":[0,0,47.5],"cubes":[{"origin":[20,7.75,-14],"size":[16,0,17],"uv":[0,89],"mirror":true}],"locators":{"leftwing":[33,8,-8]}},{"name":"tail","parent":"torso","pivot":[0,9,5],"rotation":[45,0,0],"cubes":[{"origin":[-1,4,3],"size":[2,5,2],"uv":[65,25]},{"origin":[-2,0,2],"size":[4,4,4],"uv":[41,49]},{"origin":[-2,-4,2],"size":[4,4,4],"uv":[32,57]}]},{"name":"rightFrontLeg","parent":"torso","pivot":[-5,-2,-13],"rotation":[-25,0,0],"cubes":[{"origin":[-6,-4,-15],"size":[4,7,5],"uv":[0,49]}]},{"name":"rightFrontLeg2","parent":"rightFrontLeg","pivot":[-5,-4,-15],"rotation":[30,0,0],"cubes":[{"origin":[-5,-9,-15],"size":[3,5,3],"uv":[19,53]}]},{"name":"rightFrontHoof","parent":"rightFrontLeg2","pivot":[-4,-9,-15],"cubes":[{"origin":[-6,-12,-16],"size":[5,3,5],"uv":[0,61]}]},{"name":"leftFrontLeg","parent":"torso","pivot":[5,-2,-13],"rotation":[-47.5,0,0],"cubes":[{"origin":[2,-4,-15],"size":[4,7,5],"uv":[0,49],"mirror":true}]},{"name":"leftFrontLeg2","parent":"leftFrontLeg","pivot":[5,-4,-15],"cubes":[{"origin":[2,-9,-15],"size":[3,5,3],"uv":[19,53],"mirror":true}]},{"name":"leftFrontHoof","parent":"leftFrontLeg2","pivot":[4,-9,-15],"cubes":[{"origin":[1,-12,-16],"size":[5,3,5],"uv":[0,61],"mirror":true}]},{"name":"rightBackLeg","parent":"torso","pivot":[-5,-2,0],"rotation":[20,0,0],"cubes":[{"origin":[-6,-4,-2],"size":[4,7,5],"uv":[0,49]}]},{"name":"rightBackLeg2","parent":"rightBackLeg","pivot":[-5,-4,3],"cubes":[{"origin":[-5,-9,0],"size":[3,5,3],"uv":[19,53]}]},{"name":"rightBackHoof","parent":"rightBackLeg2","pivot":[-4,-9,3],"cubes":[{"origin":[-6,-12,-1],"size":[5,3,5],"uv":[0,61]}]},{"name":"leftBackLeg","parent":"torso","pivot":[5,-2,0],"rotation":[20,0,0],"cubes":[{"origin":[2,-4,-2],"size":[4,7,5],"uv":[0,49],"mirror":true}]},{"name":"leftBackLeg2","parent":"leftBackLeg","pivot":[5,-4,3],"cubes":[{"origin":[2,-9,0],"size":[3,5,3],"uv":[19,53],"mirror":true}]},{"name":"leftBackHoof","parent":"leftBackLeg2","pivot":[4,-9,3],"cubes":[{"origin":[1,-12,-1],"size":[5,3,5],"uv":[0,61],"mirror":true}]}]}],"format_version":"1.12.0"}