{"format_version":"1.12.0","minecraft:geometry":[{"description":{"identifier":"geometry.hive.sky.spawn.vehicle.pig","texture_width":64,"texture_height":64,"visible_bounds_width":3,"visible_bounds_height":2,"visible_bounds_offset":[0,0,0]},"bones":[{"name":"root","pivot":[0,0,0],"cubes":[{"origin":[-4,-5,-16],"size":[8,8,8],"uv":[0,0]},{"origin":[-3,-5,-18],"size":[6,3,2],"uv":[25,1]},{"origin":[-5,-8,-9],"size":[10,8,16],"uv":[0,40]},{"origin":[-6,-9,-14],"size":[3,3,7],"uv":[23,16]},{"origin":[-7,-9,3],"size":[3,3,7],"uv":[44,16]},{"origin":[3,-9,-14],"size":[3,3,7],"uv":[23,16],"mirror":true},{"origin":[4,-9,3],"size":[3,3,7],"uv":[44,16],"mirror":true},{"origin":[-7,-1,-8],"size":[3,2,7],"uv":[0,16]},{"origin":[4,-1,-8],"size":[3,2,7],"uv":[0,16],"mirror":true},{"origin":[-14,0,-8],"size":[7,2,8],"uv":[0,26]},{"origin":[7,0,-8],"size":[7,2,8],"uv":[0,26],"mirror":true},{"origin":[-16,-1,-8],"size":[2,2,6],"uv":[31,28]},{"origin":[14,-1,-8],"size":[2,2,6],"uv":[31,28],"mirror":true},{"origin":[-2,-5,7],"size":[4,4,2],"uv":[33,8]}]}]}]}