{"format_version":"1.12.0","minecraft:geometry":[{"description":{"identifier":"geometry.hive.sky.spawn.vehicle.pirate.galleon","texture_width":80,"texture_height":64,"visible_bounds_width":4,"visible_bounds_height":2.5,"visible_bounds_offset":[0,0.75,0]},"bones":[{"name":"root","pivot":[0,0,0]},{"name":"bone","parent":"root","pivot":[0,0,0],"cubes":[{"origin":[-6,-6,-9],"size":[12,6,19],"uv":[0,0]},{"origin":[5,-4,-6],"size":[1,2,2],"pivot":[6,-2,-5],"rotation":[0,0,-25],"uv":[10,15]},{"origin":[5,-4,-0.5],"size":[1,2,2],"pivot":[6,-2,-5],"rotation":[0,0,-25],"uv":[10,15]},{"origin":[5,-4,5],"size":[1,2,2],"pivot":[6,-2,-5],"rotation":[0,0,-25],"uv":[10,15]},{"origin":[-6,-4,5],"size":[1,2,2],"pivot":[-6,-2,-5],"rotation":[0,0,25],"uv":[10,15],"mirror":true},{"origin":[-6,-4,-6],"size":[1,2,2],"pivot":[-6,-2,-5],"rotation":[0,0,25],"uv":[10,15],"mirror":true},{"origin":[-6,-4,-0.5],"size":[1,2,2],"pivot":[-6,-2,-5],"rotation":[0,0,25],"uv":[10,15],"mirror":true},{"origin":[-4,-8,-7],"size":[8,2,15],"uv":[0,25]},{"origin":[-1,3,11],"size":[2,16,2],"uv":[66,24]},{"origin":[-1,1,-11],"size":[2,17,2],"uv":[67,4]},{"origin":[-2,17,-12],"size":[4,0,4],"uv":[-4,32]},{"origin":[-2,18,10],"size":[4,0,4],"uv":[-4,32]},{"origin":[0,18,-11],"size":[0,4,1],"uv":[0,35]},{"origin":[0,19,11],"size":[0,4,1],"uv":[0,35]}]},{"name":"bone2","parent":"bone","pivot":[0,16,-11],"rotation":[-45,0,0],"cubes":[{"origin":[-7,13,-11],"size":[14,3,0],"uv":[31,25]}]},{"name":"bone3","parent":"bone2","pivot":[0,13,-11],"rotation":[45,0,0],"cubes":[{"origin":[-6,6,-11],"size":[12,7,0],"uv":[43,12]}]},{"name":"bone4","parent":"bone3","pivot":[0,6,-11],"rotation":[45,0,0],"cubes":[{"origin":[-7,3,-11],"size":[14,3,0],"uv":[31,28]}]},{"name":"bone5","parent":"bone","pivot":[0,17,11],"rotation":[-45,0,0],"cubes":[{"origin":[-7,14,11],"size":[14,3,0],"uv":[31,25]}]},{"name":"bone6","parent":"bone5","pivot":[0,14,11],"rotation":[45,0,0],"cubes":[{"origin":[-6,7,11],"size":[12,7,0],"uv":[43,12]}]},{"name":"bone7","parent":"bone6","pivot":[0,7,11],"rotation":[45,0,0],"cubes":[{"origin":[-7,4,11],"size":[14,3,0],"uv":[31,28]}]},{"name":"stern","parent":"bone","pivot":[0,-1,7],"rotation":[5,0,0],"cubes":[{"origin":[-5,-4,7],"size":[10,7,9],"uv":[37,33]},{"origin":[5,3,7],"size":[0,2,9],"pivot":[5,3,11.5],"rotation":[0,0,30],"uv":[0,0]},{"origin":[-5,3,7],"size":[0,2,9],"pivot":[-5,3,11.5],"rotation":[0,0,-30],"uv":[0,0],"mirror":true},{"origin":[-3,3,7],"size":[6,2,2],"uv":[0,4]}]},{"name":"decor","parent":"stern","pivot":[0,3,16],"rotation":[-12.5,0,0],"cubes":[{"origin":[-6,-2,16],"size":[12,7,2],"uv":[36,49]},{"origin":[-4,5,16],"size":[8,3,2],"uv":[0,27]}]},{"name":"lantern","parent":"decor","pivot":[0,3,16],"cubes":[{"origin":[-0.5,8,17],"size":[1,1,0],"uv":[0,0]},{"origin":[-1.5,9,16],"size":[3,4,2],"uv":[0,13]},{"origin":[-2.5,12,15],"size":[5,0,4],"uv":[0,0]}]},{"name":"lantern2","parent":"decor","pivot":[-5,5,17],"rotation":[0,0,-20],"cubes":[{"origin":[-6,5,17],"size":[1,1,0],"uv":[0,0]},{"origin":[-7,6,16],"size":[3,4,2],"uv":[0,13]},{"origin":[-8,9,15],"size":[5,0,4],"uv":[0,0]}]},{"name":"lantern3","parent":"decor","pivot":[5,5,17],"rotation":[0,0,20],"cubes":[{"origin":[5,5,17],"size":[1,1,0],"uv":[0,0],"mirror":true},{"origin":[4,6,16],"size":[3,4,2],"uv":[0,13],"mirror":true},{"origin":[3,9,15],"size":[5,0,4],"uv":[0,0],"mirror":true}]},{"name":"stern2","parent":"bone","pivot":[0,-1,-7],"rotation":[-10,0,0],"cubes":[{"origin":[-2,-2,-24],"size":[4,3,9],"uv":[43,0]},{"origin":[-5,-4,-15],"size":[10,5,8],"uv":[0,42]},{"origin":[5,1,-15],"size":[0,2,8],"pivot":[5,1,-11],"rotation":[0,0,30],"uv":[0,3]},{"origin":[-5,1,-15],"size":[0,2,8],"pivot":[-5,1,-11],"rotation":[0,0,-30],"uv":[0,3],"mirror":true}]}]}]}