{"format_version":"1.12.0","minecraft:geometry":[{"description":{"identifier":"geometry.hive.sky.spawn.vehicle.rubber.ducky","texture_width":64,"texture_height":64,"visible_bounds_width":12,"visible_bounds_height":4,"visible_bounds_offset":[0,1,0]},"bones":[{"name":"root","pivot":[0,0,0],"cubes":[{"origin":[-8,7,-9],"size":[16,6,16],"uv":[0,0]},{"origin":[-4,10,6],"size":[8,4,4],"pivot":[0,13,6],"rotation":[20,0,0],"uv":[24,22]},{"origin":[-4,14,10],"size":[8,0,4],"pivot":[0,13,6],"rotation":[20,0,0],"uv":[40,22]},{"origin":[-3,11.43578,-15.98097],"size":[6,2,2],"uv":[0,0]},{"origin":[-4,10,-14],"size":[8,8,8],"pivot":[0,13,-9],"rotation":[-5,0,0],"uv":[24,30]},{"origin":[-4,10,-14],"size":[8,8,8],"inflate":0.25,"pivot":[0,13,-9],"rotation":[-5,0,0],"uv":[0,22]},{"origin":[-10,9,-5],"size":[3,6,6],"pivot":[-8,12,-2],"rotation":[10,-5,15],"uv":[12,44]},{"origin":[-10,9,1],"size":[0,6,4],"pivot":[-8,12,-2],"rotation":[10,-5,15],"uv":[0,6]},{"origin":[7,9,-5],"size":[3,6,6],"pivot":[8,12,-2],"rotation":[10,5,-15],"uv":[0,38]},{"origin":[10,9,1],"size":[0,6,4],"pivot":[8,12,-2],"rotation":[10,5,-15],"uv":[0,0]}]}]}]}