{"minecraft:geometry":[{"description":{"identifier":"geometry.hive.sky.spawn.vehicle.sorcery","texture_width":128,"texture_height":128,"visible_bounds_width":5,"visible_bounds_height":4,"visible_bounds_offset":[0,1,0]},"bones":[{"name":"root","pivot":[0,0,0],"locators":{"root":[0,-4,0]}},{"name":"sorcery","parent":"root","pivot":[0,17,-10]},{"name":"book","parent":"sorcery","pivot":[0,17,-10],"rotation":[-20,0,0],"cubes":[{"origin":[-1,16,-17.5],"size":[2,2,9],"uv":[0,0]}],"locators":{"book":[0,18,-13]}},{"name":"rightBook","parent":"book","pivot":[0,17,-10],"rotation":[0,0,15],"cubes":[{"origin":[-7,17,-17],"size":[7,1,8],"uv":[0,78]}]},{"name":"paper1","parent":"rightBook","pivot":[0,18,-10],"rotation":[0,0,5],"cubes":[{"origin":[-6,18,-17],"size":[6,0,8],"uv":[0,97]}]},{"name":"paper2","parent":"rightBook","pivot":[0,18,-10],"rotation":[0,0,17.5],"cubes":[{"origin":[-6,18,-17],"size":[6,0,8],"uv":[0,88]}]},{"name":"leftBook","parent":"book","pivot":[0,17,-10],"rotation":[0,0,-15],"cubes":[{"origin":[0,17,-17],"size":[7,1,8],"uv":[0,78],"mirror":true}]},{"name":"paper3","parent":"leftBook","pivot":[0,18,-10],"rotation":[0,0,-5],"cubes":[{"origin":[0,18,-17],"size":[6,0,8],"uv":[0,115],"mirror":true}]},{"name":"paper4","parent":"leftBook","pivot":[0,18,-10],"rotation":[0,0,-17.5],"cubes":[{"origin":[0,18,-17],"size":[6,0,8],"uv":[0,106],"mirror":true}]},{"name":"magic1","parent":"sorcery","pivot":[0,0,0],"cubes":[{"origin":[-13,-1,-13],"size":[26,0,26],"uv":[0,26]}]},{"name":"magic2","parent":"sorcery","pivot":[0,-6,0],"cubes":[{"origin":[-8,-6,-8],"size":[16,0,16],"uv":[0,52]}]},{"name":"magic3","parent":"sorcery","pivot":[0,17,9],"rotation":[72.5,0,0],"cubes":[{"origin":[-13,15.74118,-1.96593],"size":[26,0,26],"uv":[0,0]}]},{"name":"magicRight","parent":"sorcery","pivot":[-16,15,0],"rotation":[46.5899,-20.715,18.501]},{"name":"bone","parent":"magicRight","pivot":[-16,15,0],"cubes":[{"origin":[-21,15,-5],"size":[10,0,10],"uv":[0,68]}]},{"name":"magicLeft","parent":"sorcery","pivot":[16,15,0],"rotation":[46.58994,20.71501,-18.50097]},{"name":"bone2","parent":"magicLeft","pivot":[16,15,0],"cubes":[{"origin":[11,15,-5],"size":[10,0,10],"uv":[0,68],"mirror":true}]}]}],"format_version":"1.12.0"}