{"format_version":"1.12.0","minecraft:geometry":[{"description":{"identifier":"geometry.hive.sky.spawn.vehicle.star.speeder","texture_width":128,"texture_height":128,"visible_bounds_width":12,"visible_bounds_height":4,"visible_bounds_offset":[0,1,0]},"bones":[{"name":"root","pivot":[0,0,0]},{"name":"starShip","parent":"root","pivot":[0,0,0]},{"name":"body","parent":"starShip","pivot":[0,0,0],"cubes":[{"origin":[-6,3,-6],"size":[12,4,10],"uv":{"north":{"uv":[64,76],"uv_size":[12,4]},"east":{"uv":[54,76],"uv_size":[10,4]},"south":{"uv":[86,76],"uv_size":[12,4]},"west":{"uv":[76,76],"uv_size":[10,4]},"up":{"uv":[64,66],"uv_size":[12,10]},"down":{"uv":[76,76],"uv_size":[12,-10]}}},{"origin":[-11,3,-19],"size":[22,8,6],"uv":{"north":{"uv":[72,6],"uv_size":[22,8]},"east":{"uv":[66,6],"uv_size":[6,8]},"south":{"uv":[100,6],"uv_size":[22,8]},"west":{"uv":[94,6],"uv_size":[6,8]},"up":{"uv":[72,0],"uv_size":[22,6]},"down":{"uv":[94,6],"uv_size":[22,-6]}}},{"origin":[-8,-1,-23],"size":[16,9,5],"uv":{"north":{"uv":[59,85],"uv_size":[16,9]},"east":{"uv":[54,85],"uv_size":[5,9]},"south":{"uv":[80,85],"uv_size":[16,9]},"west":{"uv":[75,85],"uv_size":[5,9]},"up":{"uv":[59,80],"uv_size":[16,5]},"down":{"uv":[75,85],"uv_size":[16,-5]}}},{"origin":[-4,1,-28],"size":[8,8,9],"pivot":[0,5,-29],"rotation":[0,0,-45],"uv":{"north":{"uv":[92,25],"uv_size":[8,8]},"east":{"uv":[83,25],"uv_size":[9,8]},"south":{"uv":[109,25],"uv_size":[8,8]},"west":{"uv":[100,25],"uv_size":[9,8]},"up":{"uv":[92,16],"uv_size":[8,9]},"down":{"uv":[100,25],"uv_size":[8,-9]}}},{"origin":[-8,11,8],"size":[16,9,11],"uv":{"north":{"uv":[11,77],"uv_size":[16,9]},"east":{"uv":[0,77],"uv_size":[11,9]},"south":{"uv":[38,77],"uv_size":[16,9]},"west":{"uv":[27,77],"uv_size":[11,9]},"up":{"uv":[11,66],"uv_size":[16,11]},"down":{"uv":[27,77],"uv_size":[16,-11]}}},{"origin":[0,20,8],"size":[0,16,16],"uv":{"north":{"uv":[16,16],"uv_size":[0,16]},"east":{"uv":[0,16],"uv_size":[16,16]},"south":{"uv":[32,16],"uv_size":[0,16]},"west":{"uv":[16,16],"uv_size":[16,16]},"up":{"uv":[16,0],"uv_size":[0,16]},"down":{"uv":[16,16],"uv_size":[0,-16]}}},{"origin":[11,11,8],"size":[0,16,16],"pivot":[11,11,15],"rotation":[0,0,30],"uv":{"north":{"uv":[16,16],"uv_size":[0,16]},"east":{"uv":[0,16],"uv_size":[16,16]},"south":{"uv":[32,16],"uv_size":[0,16]},"west":{"uv":[16,16],"uv_size":[16,16]},"up":{"uv":[16,0],"uv_size":[0,16]},"down":{"uv":[16,16],"uv_size":[0,-16]}}},{"origin":[-11,11,8],"size":[0,16,16],"pivot":[-11,11,15],"rotation":[0,0,-30],"uv":{"north":{"uv":[16,16],"uv_size":[0,16]},"east":{"uv":[32,16],"uv_size":[-16,16]},"south":{"uv":[32,16],"uv_size":[0,16]},"west":{"uv":[16,16],"uv_size":[-16,16]},"up":{"uv":[16,0],"uv_size":[0,16]},"down":{"uv":[16,16],"uv_size":[0,-16]}}},{"origin":[-11,3,7],"size":[22,8,12],"uv":{"north":{"uv":[12,50],"uv_size":[22,8]},"east":{"uv":[0,50],"uv_size":[12,8]},"south":{"uv":[46,50],"uv_size":[22,8]},"west":{"uv":[34,50],"uv_size":[12,8]},"up":{"uv":[12,38],"uv_size":[22,12]},"down":{"uv":[34,50],"uv_size":[22,-12]}}},{"origin":[-4,8,19],"size":[8,8,3],"pivot":[0,12,22.5],"rotation":[0,0,-45],"uv":{"north":{"uv":[96,94],"uv_size":[8,8]},"east":{"uv":[93,94],"uv_size":[3,8]},"south":{"uv":[107,94],"uv_size":[8,8]},"west":{"uv":[104,94],"uv_size":[3,8]},"up":{"uv":[96,91],"uv_size":[8,3]},"down":{"uv":[104,94],"uv_size":[8,-3]}}},{"origin":[-6,6,22],"size":[12,12,5],"pivot":[0,12,22.5],"rotation":[0,0,-45],"uv":{"north":{"uv":[5,91],"uv_size":[12,12]},"east":{"uv":[0,91],"uv_size":[5,12]},"south":{"uv":[22,91],"uv_size":[12,12]},"west":{"uv":[17,91],"uv_size":[5,12]},"up":{"uv":[5,86],"uv_size":[12,5]},"down":{"uv":[17,91],"uv_size":[12,-5]}}},{"origin":[-11,3,-13],"size":[5,8,20],"uv":{"north":{"uv":[68,58],"uv_size":[5,8]},"east":{"uv":[48,58],"uv_size":[20,8]},"south":{"uv":[93,58],"uv_size":[5,8]},"west":{"uv":[73,58],"uv_size":[20,8]},"up":{"uv":[68,38],"uv_size":[5,20]},"down":{"uv":[73,58],"uv_size":[5,-20]}}},{"origin":[6,3,-13],"size":[5,8,20],"uv":{"north":{"uv":[73,58],"uv_size":[-5,8]},"east":{"uv":[93,58],"uv_size":[-20,8]},"south":{"uv":[98,58],"uv_size":[-5,8]},"west":{"uv":[68,58],"uv_size":[-20,8]},"up":{"uv":[73,38],"uv_size":[-5,20]},"down":{"uv":[78,58],"uv_size":[-5,-20]}}},{"origin":[-8,-0.95994,-18.10582],"size":[16,4,34],"uv":{"north":{"uv":[34,34],"uv_size":[16,4]},"east":{"uv":[0,34],"uv_size":[34,4]},"south":{"uv":[84,34],"uv_size":[16,4]},"west":{"uv":[50,34],"uv_size":[34,4]},"up":{"uv":[34,0],"uv_size":[16,34]},"down":{"uv":[50,34],"uv_size":[16,-34]}}}]},{"name":"control","parent":"body","pivot":[0,11,-14],"rotation":[35,0,0],"cubes":[{"origin":[-4,7,-15],"size":[8,6,4],"uv":{"north":{"uv":[38,94],"uv_size":[8,6]},"east":{"uv":[34,94],"uv_size":[4,6]},"south":{"uv":[50,94],"uv_size":[8,6]},"west":{"uv":[46,94],"uv_size":[4,6]},"up":{"uv":[38,90],"uv_size":[8,4]},"down":{"uv":[46,94],"uv_size":[8,-4]}}}]},{"name":"windScreen","parent":"body","pivot":[0,11,-17],"rotation":[-20,0,0]},{"name":"chair","parent":"body","pivot":[0,7,4]},{"name":"Seat","parent":"chair","pivot":[0,7,4],"rotation":[-5,0,0],"cubes":[{"origin":[-6,7,4],"size":[12,12,4],"uv":{"north":{"uv":[4,4],"uv_size":[12,12]},"east":{"uv":[0,4],"uv_size":[4,12]},"south":{"uv":[20,4],"uv_size":[12,12]},"west":{"uv":[16,4],"uv_size":[4,12]},"up":{"uv":[4,0],"uv_size":[12,4]},"down":{"uv":[16,4],"uv_size":[12,-4]}}}]},{"name":"leftWing","parent":"body","pivot":[11,8,-5],"rotation":[0,0,10],"cubes":[{"origin":[11,8,-8],"size":[13,0,11],"uv":{"north":{"uv":[66,25],"uv_size":[13,0]},"east":{"uv":[55,25],"uv_size":[11,0]},"south":{"uv":[90,25],"uv_size":[13,0]},"west":{"uv":[79,25],"uv_size":[11,0]},"up":{"uv":[66,14],"uv_size":[13,11]},"down":{"uv":[79,25],"uv_size":[13,-11]}}},{"origin":[19,5,-3],"size":[6,6,13],"pivot":[22,8,3.5],"rotation":[0,0,-45],"uv":{"north":{"uv":[97,51],"uv_size":[-6,6]},"east":{"uv":[110,51],"uv_size":[-13,6]},"south":{"uv":[116,51],"uv_size":[-6,6]},"west":{"uv":[91,51],"uv_size":[-13,6]},"up":{"uv":[97,38],"uv_size":[-6,13]},"down":{"uv":[103,51],"uv_size":[-6,-13]}}}]},{"name":"rightWing","parent":"body","pivot":[-11,8,-5],"rotation":[0,0,-10],"cubes":[{"origin":[-24,8,-8],"size":[13,0,11],"uv":{"north":{"uv":[79,25],"uv_size":[-13,0]},"east":{"uv":[90,25],"uv_size":[-11,0]},"south":{"uv":[103,25],"uv_size":[-13,0]},"west":{"uv":[66,25],"uv_size":[-11,0]},"up":{"uv":[79,14],"uv_size":[-13,11]},"down":{"uv":[92,25],"uv_size":[-13,-11]}}},{"origin":[-25,5,-3],"size":[6,6,13],"pivot":[-22,8,3.5],"rotation":[0,0,45],"uv":{"north":{"uv":[91,51],"uv_size":[6,6]},"east":{"uv":[78,51],"uv_size":[13,6]},"south":{"uv":[110,51],"uv_size":[6,6]},"west":{"uv":[97,51],"uv_size":[13,6]},"up":{"uv":[91,38],"uv_size":[6,13]},"down":{"uv":[97,51],"uv_size":[6,-13]}}}]}]}]}