{"format_version":"1.12.0","minecraft:geometry":[{"description":{"identifier":"geometry.hive.sky.spawn.vehicle.winter.magic","texture_width":128,"texture_height":128,"visible_bounds_width":4,"visible_bounds_height":4,"visible_bounds_offset":[0,1,0]},"bones":[{"name":"root","pivot":[0,0,0],"cubes":[{"origin":[-10,-1,-10],"size":[20,0,20],"uv":[0,0]},{"origin":[-5,1,-18],"size":[10,0,10],"pivot":[0,1,-13],"rotation":[15,0,0],"uv":[0,21]},{"origin":[-5,1,8],"size":[10,0,10],"pivot":[0,1,13],"rotation":[-15,0,0],"uv":[0,21]},{"origin":[-13,10,-4],"size":[8,0,8],"pivot":[-9,10,0],"rotation":[25,0,0],"uv":[0,31]},{"origin":[5,10,-4],"size":[8,0,8],"pivot":[9,10,0],"rotation":[25,0,0],"uv":[0,31],"mirror":true},{"origin":[-18,1,-5],"size":[10,0,10],"pivot":[-13,1,0],"rotation":[0,0,-15],"uv":[0,21]},{"origin":[8,1,-5],"size":[10,0,10],"pivot":[13,1,0],"rotation":[0,0,15],"uv":[0,21],"mirror":true},{"origin":[-18,15,7],"size":[3,5,3],"uv":[0,39]},{"origin":[15,23,-13],"size":[3,5,3],"uv":[0,39],"mirror":true},{"origin":[-16.5,20,6.5],"size":[0,3,4],"pivot":[-16.5,21.5,8.5],"rotation":[0,-45,0],"uv":[0,44]},{"origin":[16.5,28,-13.5],"size":[0,3,4],"pivot":[16.5,29.5,-11.5],"rotation":[0,45,0],"uv":[0,44],"mirror":true},{"origin":[-16.5,12,6.5],"size":[0,3,4],"pivot":[-16.5,13.5,8.5],"rotation":[0,-45,0],"uv":[0,52]},{"origin":[16.5,20,-13.5],"size":[0,3,4],"pivot":[16.5,21.5,-11.5],"rotation":[0,45,0],"uv":[0,52],"mirror":true},{"origin":[-16.5,20,6.5],"size":[0,3,4],"pivot":[-16.5,21.5,8.5],"rotation":[0,45,0],"uv":[0,44]},{"origin":[16.5,28,-13.5],"size":[0,3,4],"pivot":[16.5,29.5,-11.5],"rotation":[0,-45,0],"uv":[0,44],"mirror":true},{"origin":[-16.5,12,6.5],"size":[0,3,4],"pivot":[-16.5,13.5,8.5],"rotation":[0,45,0],"uv":[0,52]},{"origin":[16.5,20,-13.5],"size":[0,3,4],"pivot":[16.5,21.5,-11.5],"rotation":[0,-45,0],"uv":[0,52],"mirror":true},{"origin":[16,13,8],"size":[6,6,0],"pivot":[19,16,8],"rotation":[10,-15,0],"uv":[0,0]},{"origin":[-22,25,-11],"size":[6,6,0],"pivot":[-19,28,-11],"rotation":[10,15,0],"uv":[0,0],"mirror":true}]}]}]}