{"format_version":"1.12.0","minecraft:geometry":[{"description":{"identifier":"geometry.hive.wars.treasure.bed","texture_width":128,"texture_height":128,"visible_bounds_width":3,"visible_bounds_height":2,"visible_bounds_offset":[0,1,0]},"bones":[{"name":"root","pivot":[0,0,0]},{"name":"mass","parent":"root","pivot":[0,24,0],"cubes":[{"origin":[-8,0,-9],"size":[3,3,3],"uv":[0,0]},{"origin":[5,0,-9],"size":[3,3,3],"uv":[0,0]},{"origin":[5,0,6],"size":[3,3,3],"uv":[0,0]},{"origin":[-8,0,6],"size":[3,3,3],"uv":[0,0]},{"origin":[5.5,3,-8.5],"size":[2,9,2],"uv":[0,6]},{"origin":[-7.5,3,-8.5],"size":[2,9,2],"uv":[0,6]},{"origin":[5.5,3,6.5],"size":[2,9,2],"uv":[0,6]},{"origin":[-7.5,3,6.5],"size":[2,9,2],"uv":[0,6]},{"origin":[-8,12,6],"size":[3,3,3],"uv":[0,0]},{"origin":[5,12,6],"size":[3,3,3],"uv":[0,0]},{"origin":[5,12,-9],"size":[3,3,3],"uv":[0,0]},{"origin":[-8,12,-9],"size":[3,3,3],"uv":[0,0]},{"origin":[-6,1,-8],"size":[12,4,16],"uv":[0,44]},{"origin":[-9,14,-10],"size":[18,2,20],"uv":[0,22]},{"origin":[-6,5,7],"size":[12,4,1],"uv":[35,0]},{"origin":[-4,5,3],"size":[8,2,4],"uv":[36,6]},{"origin":[-7,16,-8],"size":[14,1,16],"uv":[4,5]},{"origin":[-5,5,1],"size":[10,1,2],"uv":[36,13]}]}]}]}