{"format_version":"1.12.0","minecraft:geometry":[{"description":{"identifier":"geometry.hive.wars.treasure.beehive","texture_width":64,"texture_height":64,"visible_bounds_width":3,"visible_bounds_height":3,"visible_bounds_offset":[0,0.5,0]},"bones":[{"name":"root","pivot":[0,0,0],"cubes":[{"origin":[-5,1,-5],"size":[10,10,10],"uv":[0,9]},{"origin":[-4,0,-4],"size":[8,1,8],"uv":[0,29]},{"origin":[-4,11,-4],"size":[8,1,8],"uv":[0,0]},{"origin":[-8,7,-6],"size":[2,2,3],"uv":[0,39]},{"origin":[-7,8,-3],"size":[0,1,1],"uv":[0,44]},{"origin":[-8,9,-5],"size":[0,1,2],"pivot":[-8,9,-4],"rotation":[0,0,-45],"uv":[11,41]},{"origin":[-6,9,-5],"size":[0,1,2],"pivot":[-6,9,-4],"rotation":[0,0,45],"uv":[11,41],"mirror":true},{"origin":[-1,13,5],"size":[3,2,2],"uv":[0,46]},{"origin":[4,3,-8],"size":[3,2,2],"uv":[0,46],"mirror":true},{"origin":[-1,15,5],"size":[2,1,0],"pivot":[0,15,5],"rotation":[45,0,0],"uv":[11,43]},{"origin":[5,5,-8],"size":[2,1,0],"pivot":[6,5,-8],"rotation":[45,0,0],"uv":[11,43],"mirror":true},{"origin":[-1,15,7],"size":[2,1,0],"pivot":[0,15,7],"rotation":[-45,0,0],"uv":[11,43]},{"origin":[5,5,-6],"size":[2,1,0],"pivot":[6,5,-6],"rotation":[-45,0,0],"uv":[11,43],"mirror":true},{"origin":[-2,14,6],"size":[1,1,0],"uv":[0,45]},{"origin":[7,4,-7],"size":[1,1,0],"uv":[0,45],"mirror":true}]}]}]}