{"format_version":"1.12.0","minecraft:geometry":[{"description":{"identifier":"geometry.hive.wars.treasure.burger","texture_width":128,"texture_height":128,"visible_bounds_width":3,"visible_bounds_height":3,"visible_bounds_offset":[0,0.5,0]},"bones":[{"name":"root","pivot":[0,0,0],"cubes":[{"origin":[-6,0,-6],"size":[12,2,12],"uv":[0,64]},{"origin":[-7,8,-7],"size":[14,3,14],"uv":[0,30]},{"origin":[-5,11,-5],"size":[10,2,10],"uv":[0,0]},{"origin":[-7,2,-7],"size":[14,3,14],"uv":[0,47]},{"origin":[-5,5,-5],"size":[10,3,10],"uv":[0,11]},{"origin":[-7,7,-7],"size":[14,0,14],"uv":[31,15]},{"origin":[-4,2,-5],"size":[8,4,0],"pivot":[0,6,-5],"rotation":[-65,0,0],"uv":[48,0]},{"origin":[-4,2,5],"size":[8,4,0],"pivot":[0,6,5],"rotation":[65,0,0],"uv":[48,0]},{"origin":[-5,2,-4],"size":[0,4,8],"pivot":[-5,6,0],"rotation":[0,0,65],"uv":[48,0]},{"origin":[5,2,-4],"size":[0,4,8],"pivot":[5,6,0],"rotation":[0,0,-65],"uv":[48,0],"mirror":true}]}]}]}