{"format_version":"1.12.0","minecraft:geometry":[{"description":{"identifier":"geometry.hive.wars.treasure.cactus","texture_width":64,"texture_height":64,"visible_bounds_width":2,"visible_bounds_height":2,"visible_bounds_offset":[0,1,0]},"bones":[{"name":"root","pivot":[0,0,0]},{"name":"mass","parent":"root","pivot":[0,24,0],"cubes":[{"origin":[-4,1,-4],"size":[8,4,8],"uv":[0,0]},{"origin":[-3,0,-3],"size":[6,1,6],"uv":[0,12]},{"origin":[-4,4,-5],"size":[8,2,1],"uv":[0,20]},{"origin":[-4,4,4],"size":[8,2,1],"uv":[0,20]},{"origin":[4,4,-4],"size":[1,2,8],"uv":[19,13]},{"origin":[-5,4,-4],"size":[1,2,8],"uv":[19,13]},{"origin":[-2,5,-2],"size":[4,13,4],"uv":[0,24]},{"origin":[-4,11,-1],"size":[2,2,2],"uv":[0,42]},{"origin":[-5,12,-1],"size":[2,4,2],"uv":[0,46]},{"origin":[2,9,-1],"size":[2,2,2],"uv":[9,42]},{"origin":[3,10,-1],"size":[2,4,2],"uv":[9,46]}]}]}]}