{"format_version":"1.12.0","minecraft:geometry":[{"description":{"identifier":"geometry.hive.wars.treasure.cake","texture_width":64,"texture_height":64,"visible_bounds_width":2,"visible_bounds_height":2.5,"visible_bounds_offset":[0,0.75,0]},"bones":[{"name":"root","pivot":[0,0,0]},{"name":"mass","parent":"root","pivot":[0,7,0],"cubes":[{"origin":[-7.5,7,-6.5],"size":[15,2,13],"uv":[0,30]},{"origin":[-6.5,7,6.5],"size":[13,2,1],"uv":[26,27]},{"origin":[-7,0,-6],"size":[14,7,12],"uv":[0,45]},{"origin":[-6,0,6],"size":[12,7,1],"uv":[0,22]},{"origin":[-6.5,7,-7.5],"size":[13,2,1],"uv":[26,27]},{"origin":[-1,9,-1],"size":[2,6,2],"uv":[52,56]},{"origin":[-0.5,15,-0.5],"size":[1,2,1],"uv":[60,61]},{"origin":[-6,0,-7],"size":[12,7,1],"uv":[0,22]},{"origin":[3,9,-5],"size":[2,1,2],"uv":[52,53]},{"origin":[-5,9,-5],"size":[2,1,2],"uv":[52,53]},{"origin":[-5,9,3],"size":[2,1,2],"uv":[52,53]},{"origin":[3,9,3],"size":[2,1,2],"uv":[52,53]},{"origin":[-1,9,-6.5],"size":[2,1,2],"uv":[52,53]},{"origin":[4.5,9,-1],"size":[2,1,2],"uv":[52,53]},{"origin":[-6.5,9,-1],"size":[2,1,2],"uv":[52,53]},{"origin":[-1,9,4.5],"size":[2,1,2],"uv":[52,53]}]}]}]}