{"format_version":"1.12.0","minecraft:geometry":[{"description":{"identifier":"geometry.hive.wars.treasure.campfire","texture_width":64,"texture_height":64,"visible_bounds_width":2,"visible_bounds_height":2,"visible_bounds_offset":[0,1,0]},"bones":[{"name":"root","pivot":[0,0,0]},{"name":"mass","parent":"root","pivot":[0,24,0],"cubes":[{"origin":[-5,0,-5],"size":[10,1,10],"uv":[0,0]},{"origin":[-6,0,-6],"size":[3,2,3],"uv":[0,11]},{"origin":[4,0,-6],"size":[2,2,3],"uv":[13,11]},{"origin":[3,0,3],"size":[3,2,3],"uv":[0,11]},{"origin":[-6,0,3],"size":[2,2,3],"uv":[13,11]},{"origin":[-2,-0.5,-7],"size":[4,2,2],"uv":[24,12]},{"origin":[-2,-0.5,5],"size":[3,2,2],"uv":[37,12]},{"origin":[-7,-0.5,-2],"size":[2,2,4],"uv":[48,10]},{"origin":[5,-0.5,-2],"size":[2,2,4],"uv":[48,10]},{"origin":[-6,1,-3],"size":[10,2,2],"uv":[0,17]},{"origin":[-4,1,1],"size":[9,2,2],"uv":[25,17]},{"origin":[-6,2,0],"size":[12,14,0],"uv":[0,27]},{"origin":[0,2,-6],"size":[0,14,12],"uv":[0,15]}]},{"name":"head","parent":"root","pivot":[0,24,0],"rotation":[0,-40,0],"cubes":[{"origin":[-4,2.5,1],"size":[8,2,2],"uv":[23,22]},{"origin":[-5,2.5,-3],"size":[9,2,2],"uv":[0,22]}]}]}]}