{"format_version":"1.12.0","minecraft:geometry":[{"description":{"identifier":"geometry.hive.wars.treasure.cauldron","texture_width":128,"texture_height":128,"visible_bounds_width":2,"visible_bounds_height":2,"visible_bounds_offset":[0,1,0]},"bones":[{"name":"root","pivot":[0,0,0]},{"name":"mass","parent":"root","pivot":[0,24,0],"cubes":[{"origin":[-5,0,-5],"size":[2,1,2],"uv":[49,71]},{"origin":[3,0,-5],"size":[2,1,2],"uv":[49,71]},{"origin":[3,0,3],"size":[2,1,2],"uv":[49,71]},{"origin":[-5,0,3],"size":[2,1,2],"uv":[49,71]},{"origin":[-6,1,-6],"size":[12,1,12],"uv":[0,61]},{"origin":[-7,2,-7],"size":[14,2,14],"uv":[0,45]},{"origin":[-8,4,-8],"size":[16,9,16],"uv":[0,20]},{"origin":[-7,13,-7],"size":[14,2,14],"uv":[0,4]},{"origin":[-8,14,-8],"size":[16,2,2],"uv":[0,0]},{"origin":[-8,14,6],"size":[16,2,2],"uv":[0,0]},{"origin":[-8,14,-6],"size":[2,2,12],"uv":[57,6]},{"origin":[6,14,-6],"size":[2,2,12],"uv":[57,6],"mirror":true},{"origin":[-4,15,1],"size":[3,3,3],"uv":[0,76]},{"origin":[2,15,-4],"size":[2,2,2],"uv":[13,78]},{"origin":[1,18,-1],"size":[1,1,1],"uv":[22,80]}]}]}]}