{"format_version":"1.12.0","minecraft:geometry":[{"description":{"identifier":"geometry.hive.wars.treasure.championship.belt","texture_width":64,"texture_height":64,"visible_bounds_width":3,"visible_bounds_height":3,"visible_bounds_offset":[0,0.5,0]},"bones":[{"name":"root","pivot":[0,0,0],"cubes":[{"origin":[-6,-0.5,-3],"size":[12,11,1],"pivot":[0,4.14286,-1.72967],"rotation":[-15,0,0],"uv":[0,0]},{"origin":[-5,1.5,-5],"size":[10,8,2],"pivot":[0,4.14286,-1.72967],"rotation":[-15,0,0],"uv":[0,13]},{"origin":[-3,-0.5,-5],"size":[6,2,2],"pivot":[0,4.14286,-1.72967],"rotation":[-15,0,0],"uv":[0,24]},{"origin":[-7.89986,0.5,-7.56099],"size":[6,8,1],"pivot":[0,4.14286,-1.72967],"rotation":[-28.18679,56.77406,-24.14611],"uv":[27,0]},{"origin":[-6.89986,2.5,-8.56099],"size":[4,4,1],"pivot":[0,4.14286,-1.72967],"rotation":[-28.18679,56.77406,-24.14611],"uv":[0,29]},{"origin":[1.89986,0.5,-7.56099],"size":[6,8,1],"pivot":[0,4.14286,-1.72967],"rotation":[-28.18679,-56.77406,24.14611],"uv":[27,0],"mirror":true},{"origin":[2.89986,2.5,-8.56099],"size":[4,4,1],"pivot":[0,4.14286,-1.72967],"rotation":[-28.18679,-56.77406,24.14611],"uv":[0,29],"mirror":true}]}]}]}