{"format_version":"1.12.0","minecraft:geometry":[{"description":{"identifier":"geometry.hive.wars.treasure.crystal","texture_width":64,"texture_height":64,"visible_bounds_width":2,"visible_bounds_height":2,"visible_bounds_offset":[0,1,0]},"bones":[{"name":"root","pivot":[0,0,0]},{"name":"mass","parent":"root","pivot":[0,24,0],"cubes":[{"origin":[-1,0,-1],"size":[2,1,2],"uv":[42,61]},{"origin":[-2,1,-2],"size":[4,1,4],"uv":[25,59]},{"origin":[-3,2,-3],"size":[6,1,6],"uv":[0,57]},{"origin":[-4,3,-4],"size":[8,1,8],"uv":[31,46]},{"origin":[-5,4,-5],"size":[10,1,10],"uv":[0,46]},{"origin":[-6,5,-6],"size":[12,2,12],"uv":[0,32]},{"origin":[-7,7,-7],"size":[14,4,14],"uv":[0,0]},{"origin":[-6,11,-6],"size":[12,2,12],"uv":[0,18]},{"origin":[-5,11,-7],"size":[10,1,1],"uv":[42,11]},{"origin":[-5,11,6],"size":[10,1,1],"uv":[42,11]},{"origin":[-5,6,-7],"size":[10,1,1],"uv":[42,11]},{"origin":[-5,6,6],"size":[10,1,1],"uv":[42,11]},{"origin":[-7,11,-5],"size":[1,1,10],"uv":[42,0]},{"origin":[6,11,-5],"size":[1,1,10],"uv":[42,0]},{"origin":[-7,6,-5],"size":[1,1,10],"uv":[42,0]},{"origin":[6,6,-5],"size":[1,1,10],"uv":[42,0]},{"origin":[-4,13,-4],"size":[8,1,8],"uv":[24,21]}]}]}]}