{"format_version":"1.12.0","minecraft:geometry":[{"description":{"identifier":"geometry.hive.wars.treasure.dead.rising","texture_width":64,"texture_height":64,"visible_bounds_width":3,"visible_bounds_height":4,"visible_bounds_offset":[0,1,0]},"bones":[{"name":"root","pivot":[0,0,0],"cubes":[{"origin":[-5.5,0,1],"size":[11,18,4],"pivot":[-0.5,0,-1],"rotation":[-10,0,0],"uv":[0,0]},{"origin":[-7.5,0,1],"size":[2,15,4],"pivot":[-0.5,0,-1],"rotation":[-10,0,0],"uv":[32,3]},{"origin":[5.5,0,1],"size":[2,15,4],"pivot":[0.5,0,-1],"rotation":[-10,0,0],"uv":[32,3],"mirror":true},{"origin":[-1.5,0,-6],"size":[3,4,3],"uv":[25,29]},{"origin":[-3,4,-7],"size":[6,2,6],"pivot":[0,4,-3],"rotation":[15,0,0],"uv":[0,28]},{"origin":[-3,6,-3],"size":[6,4,2],"pivot":[0,4,-3],"rotation":[15,0,0],"uv":[0,22]},{"origin":[1,6,-7],"size":[2,3,2],"pivot":[0,4,-3],"rotation":[15,0,0],"uv":[17,22]},{"origin":[-5,0,-8],"size":[10,0.01,9],"uv":[0,37]}]}]}]}