{"format_version":"1.12.0","minecraft:geometry":[{"description":{"identifier":"geometry.hive.wars.treasure.doghouse","texture_width":64,"texture_height":64,"visible_bounds_width":2,"visible_bounds_height":2,"visible_bounds_offset":[0,1,0]},"bones":[{"name":"root","pivot":[0,0,0],"cubes":[{"origin":[-6,0,-6],"size":[12,9,12],"uv":[0,0]},{"origin":[-3,9,-6],"size":[6,3,12],"uv":[21,10]},{"origin":[-7,8,-7],"size":[3,1,14],"uv":[30,31]},{"origin":[-8,7,-7],"size":[3,1,14],"uv":[30,31]},{"origin":[4,8,-7],"size":[3,1,14],"uv":[30,31],"mirror":true},{"origin":[5,7,-7],"size":[3,1,14],"uv":[30,31],"mirror":true},{"origin":[-6,9,-7],"size":[3,1,14],"uv":[30,31]},{"origin":[3,9,-7],"size":[3,1,14],"uv":[30,31],"mirror":true},{"origin":[-5,10,-7],"size":[3,1,14],"uv":[30,31]},{"origin":[2,10,-7],"size":[3,1,14],"uv":[30,31],"mirror":true},{"origin":[-4,11,-7],"size":[3,1,14],"uv":[30,31]},{"origin":[-3,12,-7],"size":[3,1,14],"uv":[30,31]},{"origin":[0,12,-7],"size":[3,1,14],"uv":[30,31],"mirror":true},{"origin":[1,11,-7],"size":[3,1,14],"uv":[30,31],"mirror":true},{"origin":[-2,13,-7],"size":[4,1,14],"uv":[18,49]},{"origin":[-1,14,-7],"size":[2,1,14],"uv":[0,21]}]}]}]}