{"format_version":"1.12.0","minecraft:geometry":[{"description":{"identifier":"geometry.hive.wars.treasure.earth","texture_width":128,"texture_height":128,"visible_bounds_width":3,"visible_bounds_height":3,"visible_bounds_offset":[0,0.5,0]},"bones":[{"name":"root","pivot":[0,0,0],"cubes":[{"origin":[-3.5,5.5,-5.5],"size":[10,10,10],"inflate":0.2,"pivot":[1,9,1],"rotation":[5,35,15],"uv":[0,17]},{"origin":[-3,6,-5],"size":[9,9,9],"pivot":[1,9,1],"rotation":[5,35,15],"uv":[31,31]},{"origin":[-8,13.82362,3.08343],"size":[4,4,4],"pivot":[-6,16,5],"rotation":[-10,-30,0],"uv":[0,0]},{"origin":[-8,0,-8],"size":[16,1,16],"uv":[0,0]}]}]}]}