{"format_version":"1.12.0","minecraft:geometry":[{"description":{"identifier":"geometry.hive.wars.treasure.egg","texture_width":64,"texture_height":64,"visible_bounds_width":2,"visible_bounds_height":2,"visible_bounds_offset":[0,1,0]},"bones":[{"name":"root","pivot":[0,0,0]},{"name":"mass","parent":"root","pivot":[0,24,0],"cubes":[{"origin":[-4,0,-3],"size":[1,1,6],"uv":[0,0]},{"origin":[-6,3,-3],"size":[1,6,6],"uv":[0,7]},{"origin":[3,0,-3],"size":[1,1,6],"uv":[0,0]},{"origin":[5,3,-3],"size":[1,6,6],"uv":[0,7]},{"origin":[-5,8,-3],"size":[1,3,6],"uv":[0,19]},{"origin":[4,8,-3],"size":[1,3,6],"uv":[0,19]},{"origin":[2,11,-3],"size":[2,2,6],"uv":[0,28]},{"origin":[-4,11,-3],"size":[2,2,6],"uv":[0,28]},{"origin":[-3,13,-3],"size":[6,1,6],"uv":[0,36]},{"origin":[-5,1,-3],"size":[2,2,6],"uv":[15,0]},{"origin":[3,1,-3],"size":[2,2,6],"uv":[15,0]},{"origin":[-3,3,-6],"size":[6,6,12],"uv":[25,1]},{"origin":[-3,11,-4],"size":[6,2,8],"uv":[25,35]},{"origin":[-3,9,-5],"size":[6,2,1],"uv":[15,25]},{"origin":[-3,1,-5],"size":[6,2,10],"uv":[0,43]},{"origin":[-2,14,-2],"size":[4,1,4],"uv":[0,43]},{"origin":[-4,8,-4],"size":[8,3,8],"uv":[25,24]},{"origin":[-5,2,-5],"size":[2,6,2],"uv":[15,11]},{"origin":[3,2,-5],"size":[2,6,2],"uv":[15,11]},{"origin":[-5,2,3],"size":[2,6,2],"uv":[15,11]},{"origin":[3,2,3],"size":[2,6,2],"uv":[15,11]},{"origin":[-2,9,5],"size":[4,1,1],"uv":[29,60]},{"origin":[5,9,-2],"size":[1,1,4],"uv":[51,59]},{"origin":[-6,9,-2],"size":[1,1,4],"uv":[51,59]},{"origin":[5,2,-2],"size":[1,1,4],"uv":[40,59]},{"origin":[-6,2,-2],"size":[1,1,4],"uv":[40,59]},{"origin":[-2,2,-6],"size":[4,1,1],"uv":[29,62]},{"origin":[-3,9,4],"size":[6,2,1],"uv":[15,25]},{"origin":[-3,0,-4],"size":[6,1,8],"uv":[0,55]},{"origin":[-2,2,5],"size":[4,1,1],"uv":[29,62]},{"origin":[-2,9,-6],"size":[4,1,1],"uv":[29,60]}]}]}]}