{"format_version":"1.12.0","minecraft:geometry":[{"description":{"identifier":"geometry.hive.wars.treasure.emerald","texture_width":64,"texture_height":64,"visible_bounds_width":2,"visible_bounds_height":3,"visible_bounds_offset":[0,0.5,0]},"bones":[{"name":"root","pivot":[0,0,0],"cubes":[{"origin":[-6,0,-6],"size":[12,3,12],"uv":[0,18]},{"origin":[-6,0,-6],"size":[0,2,12],"pivot":[-6,2,0],"rotation":[0,0,30],"uv":[0,22]},{"origin":[6,0,-6],"size":[0,2,12],"pivot":[6,2,0],"rotation":[0,0,-30],"uv":[0,22],"mirror":true},{"origin":[-6,0,-6],"size":[12,2,0],"pivot":[0,2,-6],"rotation":[-30,0,0],"uv":[0,34]},{"origin":[-6,0,6],"size":[12,2,0],"pivot":[0,2,6],"rotation":[30,0,0],"uv":[0,34]},{"origin":[-3,3,-3.5],"size":[6,13,4],"pivot":[0,3,-3.5],"rotation":[-15,0,0],"uv":[0,0]},{"origin":[-5,5,-3.5],"size":[2,9,4],"pivot":[0,3,-3.5],"rotation":[-15,0,0],"uv":[21,4]},{"origin":[3,5,-3.5],"size":[2,9,4],"pivot":[0,3,-3.5],"rotation":[-15,0,0],"uv":[21,4],"mirror":true}]}]}]}