{"format_version":"1.12.0","minecraft:geometry":[{"description":{"identifier":"geometry.hive.wars.treasure.gingerbread","texture_width":64,"texture_height":64,"visible_bounds_width":3,"visible_bounds_height":2.5,"visible_bounds_offset":[0,0.75,0]},"bones":[{"name":"root","pivot":[0,0,0]},{"name":"royalchest","parent":"root","pivot":[0,0,0],"cubes":[{"origin":[-8,0,-6],"size":[16,9,12],"uv":[0,29]},{"origin":[-8,4,-3],"size":[2,4,6],"pivot":[-8,8,0],"rotation":[0,0,30],"uv":[27,53]},{"origin":[6,4,-3],"size":[2,4,6],"pivot":[8,8,0],"rotation":[0,0,-30],"uv":[27,53],"mirror":true},{"origin":[-9,9,-7],"size":[18,3,14],"uv":[0,12]},{"origin":[-2.5,5.9,-8],"size":[5,5,2],"pivot":[0,8.4,-7.1],"rotation":[0,0,45],"uv":[0,50]},{"origin":[-9,12,-5],"size":[18,2,10],"uv":[0,0]},{"origin":[-2,14,-2],"size":[4,2,4],"uv":[45,34]},{"origin":[-5,14,-1],"size":[2,2,2],"pivot":[-3,14,0],"rotation":[0,0,-20],"uv":[45,51]},{"origin":[3,14,-1],"size":[2,2,2],"pivot":[3,14,0],"rotation":[0,0,20],"uv":[46,55],"mirror":true},{"origin":[-9,0,-7],"size":[3,3,3],"uv":[0,57]},{"origin":[-9,6,-7],"size":[3,3,3],"uv":[13,57]},{"origin":[6,6,-7],"size":[3,3,3],"uv":[13,57],"mirror":true},{"origin":[6,0,-7],"size":[3,3,3],"uv":[0,57],"mirror":true},{"origin":[6,6,4],"size":[3,3,3],"uv":[0,19],"mirror":true},{"origin":[6,0,4],"size":[3,3,3],"uv":[0,34],"mirror":true},{"origin":[-9,6,4],"size":[3,3,3],"uv":[0,19]},{"origin":[-9,0,4],"size":[3,3,3],"uv":[0,34]}]}]}]}