{"format_version":"1.12.0","minecraft:geometry":[{"description":{"identifier":"geometry.hive.wars.treasure.gold.hoard","texture_width":64,"texture_height":64,"visible_bounds_width":3,"visible_bounds_height":2.5,"visible_bounds_offset":[0,0.75,0]},"bones":[{"name":"root","pivot":[0,0,0]},{"name":"treasure","parent":"root","pivot":[0,0,0],"cubes":[{"origin":[-7,0.01,-5.5],"size":[14,5,12],"uv":[0,47]},{"origin":[-8.75,0,-8.75],"size":[4,7,4],"pivot":[-6.75,3,-6.75],"rotation":[0,27.5,0],"uv":[44,0]},{"origin":[-9,0,4],"size":[4,4,4],"pivot":[-7,3,6],"rotation":[0,-12.5,0],"uv":[44,0]},{"origin":[5,0,5],"size":[4,9,4],"pivot":[7,3,7],"rotation":[0,20,0],"uv":[44,0]},{"origin":[5,0,-8],"size":[4,3,4],"pivot":[7,3,-6],"rotation":[0,-5,0],"uv":[44,0]}]},{"name":"chest","parent":"treasure","pivot":[0,5.5,0.5],"rotation":[-5,0,0],"cubes":[{"origin":[-5,5.5,-3.5],"size":[10,5,8],"uv":[0,13]},{"origin":[4,7.5,-1.5],"size":[1,3,4],"pivot":[5,10.5,0.5],"rotation":[0,0,-40],"uv":[32,32]},{"origin":[-5,7.5,-1.5],"size":[1,3,4],"pivot":[-5,10.5,0.5],"rotation":[0,0,40],"uv":[0,0]},{"origin":[-2,8.5,-5.5],"size":[4,4,2],"pivot":[0,10.5,-4.5],"rotation":[-10,0,0],"uv":[0,34]},{"origin":[-5.9,4.5,-4.5],"size":[3,3,3],"pivot":[-4.9,7.5,-3],"rotation":[0,0,5],"uv":[28,13]},{"origin":[2.9,4.5,-4.5],"size":[3,3,3],"pivot":[4.9,7.5,-3],"rotation":[0,0,-5],"uv":[28,13],"mirror":true},{"origin":[-5.9,4.5,2.5],"size":[3,3,3],"pivot":[-4.9,7.5,4],"rotation":[0,0,5],"uv":[30,26]},{"origin":[2.9,4.5,2.5],"size":[3,3,3],"pivot":[4.9,7.5,4],"rotation":[0,0,-5],"uv":[30,26],"mirror":true},{"origin":[-6,10.5,-4.5],"size":[12,3,10],"uv":[0,0]},{"origin":[-6,13.5,-2.5],"size":[12,2,6],"uv":[0,26]}]}]}]}