{"format_version":"1.12.0","minecraft:geometry":[{"description":{"identifier":"geometry.hive.wars.treasure.gold.chalice","texture_width":64,"texture_height":64,"visible_bounds_width":2,"visible_bounds_height":2,"visible_bounds_offset":[0,1,0]},"bones":[{"name":"root","pivot":[0,0,0]},{"name":"mass","parent":"root","pivot":[0,24,0],"cubes":[{"origin":[-3,0,-4],"size":[6,1,8],"uv":[0,0]},{"origin":[3,0,-3],"size":[1,1,6],"uv":[29,2]},{"origin":[-4,0,-3],"size":[1,1,6],"uv":[29,2]},{"origin":[-2,1,-2],"size":[4,4,4],"uv":[0,9]},{"origin":[-1.5,5,-1.5],"size":[3,4,3],"uv":[17,10]},{"origin":[-3,9,-3],"size":[6,1,6],"uv":[0,18]},{"origin":[-3,10,-4],"size":[6,6,1],"uv":[0,26]},{"origin":[-3,10,3],"size":[6,6,1],"uv":[15,26]},{"origin":[-4,10,-3],"size":[1,6,6],"uv":[0,34]},{"origin":[3,10,-3],"size":[1,6,6],"uv":[15,34]},{"origin":[-1,12,-5],"size":[2,2,1],"uv":[0,47]},{"origin":[-1,12,4],"size":[2,2,1],"uv":[0,47]},{"origin":[4,12,-1],"size":[1,2,2],"uv":[0,51]},{"origin":[-5,12,-1],"size":[1,2,2],"uv":[0,51]}]}]}]}