{"format_version":"1.12.0","minecraft:geometry":[{"description":{"identifier":"geometry.hive.wars.treasure.haunted.house","texture_width":64,"texture_height":64,"visible_bounds_width":3,"visible_bounds_height":3,"visible_bounds_offset":[0,0.5,0]},"bones":[{"name":"root","pivot":[0,0,0],"cubes":[{"origin":[-4,0,-5],"size":[8,13,12],"uv":[0,17]},{"origin":[-1,13,7],"size":[2,1,0],"uv":[0,0]},{"origin":[-1,13,-5],"size":[2,1,0],"uv":[0,0]},{"origin":[-7,14,-6],"size":[7,2,14],"pivot":[0,16,1.9],"rotation":[0,0,-35],"uv":[0,0]},{"origin":[0,14,-6],"size":[7,2,14],"pivot":[0,16,2],"rotation":[0,0,35],"uv":[0,0],"mirror":true},{"origin":[-8,0,-3],"size":[4,5,8],"uv":[0,42]},{"origin":[4,0,-3],"size":[4,5,8],"uv":[0,42],"mirror":true},{"origin":[-8,5,-2],"size":[0,2,6],"uv":[1,19]},{"origin":[8,5,-2],"size":[0,2,6],"uv":[1,19],"mirror":true},{"origin":[-9,7.4,1],"size":[5,1,6],"pivot":[-6.5,8.4,1],"rotation":[-35,0,0],"uv":[37,14]},{"origin":[4,7.4,1],"size":[5,1,6],"pivot":[6.5,8.4,1],"rotation":[-35,0,0],"uv":[37,14],"mirror":true},{"origin":[-9,7.4,-5],"size":[5,1,6],"pivot":[-6,8.4,1],"rotation":[35,0,0],"uv":[37,22]},{"origin":[4,7.4,-5],"size":[5,1,6],"pivot":[6,8.4,1],"rotation":[35,0,0],"uv":[37,22],"mirror":true},{"origin":[-2,4,-7],"size":[4,0,2],"pivot":[0,4,-5],"rotation":[25,0,0],"uv":[1,20]}]}]}]}