{"format_version":"1.12.0","minecraft:geometry":[{"description":{"identifier":"geometry.hive.wars.treasure.ice.creeper","texture_width":64,"texture_height":64,"visible_bounds_width":2,"visible_bounds_height":3,"visible_bounds_offset":[0,0.5,0]},"bones":[{"name":"root","pivot":[0,0,0],"cubes":[{"origin":[-3,2,-3],"size":[6,7,6],"pivot":[0,2,2],"rotation":[7.5,0,0],"uv":[0,16]},{"origin":[-4,8,-5],"size":[8,8,8],"pivot":[0,8,-1],"rotation":[0,0,-7.5],"uv":[0,0]},{"origin":[-5.01,10.4,-4],"size":[0,5,6],"pivot":[-5.1,15.4,-1],"rotation":[0,0,10],"uv":[33,2]},{"origin":[-5,0,-5],"size":[3,4,3],"pivot":[-3.5,0,-3.5],"rotation":[0,-45,0],"uv":[0,30]},{"origin":[-5,0,2],"size":[3,4,3],"pivot":[-3.5,0,3.5],"rotation":[0,45,0],"uv":[13,30]},{"origin":[2,0,-5],"size":[3,4,3],"pivot":[3.5,0,-3.5],"rotation":[0,45,0],"uv":[0,30],"mirror":true},{"origin":[2,0,2],"size":[3,4,3],"pivot":[3.5,0,3.5],"rotation":[0,-45,0],"uv":[13,30],"mirror":true}]}]}]}