{"format_version":"1.12.0","minecraft:geometry":[{"description":{"identifier":"geometry.hive.wars.treasure.king.villager","texture_width":64,"texture_height":64,"visible_bounds_width":2,"visible_bounds_height":3,"visible_bounds_offset":[0,0.5,0]},"bones":[{"name":"root","pivot":[0,0,0],"cubes":[{"origin":[-2,0,-1],"size":[4,2,3],"uv":[28,18]},{"origin":[-2.5,2,-1.5],"size":[5,6,4],"uv":[19,27]},{"origin":[3,3,-5.5],"size":[1,1,11],"pivot":[3,7,-0.5],"rotation":[-70,-22.5,0],"uv":[14,14]},{"origin":[2.5,2.5,-7.5],"size":[2,2,2],"pivot":[3,7,-0.5],"rotation":[-70,-22.5,0],"uv":[18,38]},{"origin":[2.5,2,-0.5],"size":[2,6,2],"pivot":[3,7,0.5],"rotation":[-70,-17.5,0],"uv":[36,36]},{"origin":[-4.5,3,-0.5],"size":[2,5,2],"pivot":[-3,7,0],"rotation":[5,0,7.5],"uv":[0,38]},{"origin":[-3,8,-2.5],"size":[6,6,6],"uv":[0,10]},{"origin":[-3,1,3],"size":[6,8,0],"pivot":[0,8,3],"rotation":[10,0,0],"uv":[32,0]},{"origin":[-4,7,2],"size":[8,2,2],"pivot":[0,8,3],"rotation":[2.5,0,0],"uv":[28,13]},{"origin":[-1,14,-3.5],"size":[2,2,1],"pivot":[0,12,0],"rotation":[0,0,-15],"uv":[0,0]},{"origin":[-3.5,14,-3],"size":[7,2,7],"pivot":[0,12,-2],"rotation":[0,0,-15],"uv":[0,0]},{"origin":[-3,12,-3.5],"size":[6,2,1],"pivot":[0,12,0],"rotation":[0,0,-15],"uv":[34,27]},{"origin":[-3,12,3.5],"size":[6,2,1],"pivot":[0,12,7],"rotation":[0,0,-15],"uv":[0,34]},{"origin":[3,12,-3.5],"size":[1,2,8],"pivot":[0,12,0],"rotation":[0,0,-15],"uv":[0,23]},{"origin":[-4,12,-3.5],"size":[1,2,8],"pivot":[0,12,0],"rotation":[0,0,-15],"uv":[21,2]},{"origin":[-1,7,-4.5],"size":[2,3,2],"uv":[9,38]}]}]}]}