{"format_version":"1.12.0","minecraft:geometry":[{"description":{"identifier":"geometry.hive.wars.treasure.mini.creeper","texture_width":64,"texture_height":64,"visible_bounds_width":2,"visible_bounds_height":2,"visible_bounds_offset":[0,1,0]},"bones":[{"name":"root","pivot":[0,0,0],"cubes":[{"origin":[-3,2,-3],"size":[6,6,6],"uv":[0,16]},{"origin":[-4,8,-4],"size":[8,8,8],"uv":[0,0]},{"origin":[-4,0,-5],"size":[3,4,3],"uv":[0,28]},{"origin":[1,0,-5],"size":[3,4,3],"uv":[0,28],"mirror":true},{"origin":[1,0,2],"size":[3,4,3],"uv":[0,28],"mirror":true},{"origin":[-4,0,2],"size":[3,4,3],"uv":[0,28]}]}]}]}