{"format_version":"1.12.0","minecraft:geometry":[{"description":{"identifier":"geometry.hive.wars.treasure.moai","texture_width":64,"texture_height":64,"visible_bounds_width":2,"visible_bounds_height":2.5,"visible_bounds_offset":[0,0.75,0]},"bones":[{"name":"root","pivot":[0,0,0],"cubes":[{"origin":[0,0,-4.5],"size":[5,2,10],"uv":[0,15]},{"origin":[-3,2,-3],"size":[6,2,8],"uv":[36,54]},{"origin":[-4.5,6,-5],"size":[9,2,10],"uv":[0,39]},{"origin":[-4.5,8,-3.5],"size":[9,4,9],"uv":[0,51]},{"origin":[-4,12,-2],"size":[8,4,8],"uv":[0,27]},{"origin":[-3.5,16,-1.5],"size":[7,1,7],"uv":[32,31]},{"origin":[-1.5,11,-5],"size":[3,3,3],"uv":[38,45]},{"origin":[-3.5,13.5,-3.5],"size":[7,2,2],"uv":[0,0]},{"origin":[-3.5,4,-4.5],"size":[7,2,9],"uv":[0,4]},{"origin":[-1.5,8,-6],"size":[3,3,3],"uv":[38,39]},{"origin":[-5,0,-4.5],"size":[5,2,10],"uv":[0,15]}]}]}]}