{"format_version":"1.12.0","minecraft:geometry":[{"description":{"identifier":"geometry.hive.wars.treasure.money","texture_width":64,"texture_height":64,"visible_bounds_width":2,"visible_bounds_height":2,"visible_bounds_offset":[0,1,0]},"bones":[{"name":"root","pivot":[0,0,0]},{"name":"mass","parent":"root","pivot":[0,24,0],"cubes":[{"origin":[-4,0,-4],"size":[8,8,8],"uv":[0,0]},{"origin":[-3,1,-5],"size":[6,5,1],"uv":[33,10]},{"origin":[-3,1,4],"size":[6,5,1],"uv":[33,10]},{"origin":[-5,1,-3],"size":[1,5,6],"uv":[48,5]},{"origin":[4,1,-3],"size":[1,5,6],"uv":[48,5]},{"origin":[-3,8,-3],"size":[6,2,6],"uv":[0,16]},{"origin":[-2,10,-2],"size":[4,1,4],"uv":[25,19]},{"origin":[-3,11,-3],"size":[6,1,6],"uv":[0,24]},{"origin":[-2,6,-5],"size":[4,1,1],"uv":[42,20]},{"origin":[-2,6,4],"size":[4,1,1],"uv":[42,20]},{"origin":[-2,0,-5],"size":[4,1,1],"uv":[42,22]},{"origin":[-2,0,4],"size":[4,1,1],"uv":[42,22]},{"origin":[-5,6,-2],"size":[1,1,4],"uv":[35,0]},{"origin":[4,6,-2],"size":[1,1,4],"uv":[35,0]},{"origin":[-5,0,-2],"size":[1,1,4],"uv":[24,0]},{"origin":[4,0,-2],"size":[1,1,4],"uv":[24,0]},{"origin":[-3,12,-3],"size":[6,1,1],"uv":[0,32]},{"origin":[-3,12,2],"size":[6,1,1],"uv":[0,32]},{"origin":[2,12,-2],"size":[1,1,4],"uv":[0,34]},{"origin":[-3,12,-2],"size":[1,1,4],"uv":[0,34]},{"origin":[-2,8,-4],"size":[4,1,1],"uv":[33,6]},{"origin":[-2,8,3],"size":[4,1,1],"uv":[33,6]},{"origin":[-4,8,-2],"size":[1,1,4],"uv":[53,19]},{"origin":[3,8,-2],"size":[1,1,4],"uv":[53,19]},{"origin":[-2,12,1],"size":[3,3,1],"uv":[7,40]},{"origin":[1,12,-2],"size":[1,2,2],"uv":[0,40]},{"origin":[-8,0,-8],"size":[2,1,4],"uv":[16,39]},{"origin":[4,0,5],"size":[4,1,2],"uv":[16,36]}]}]}]}