{"format_version":"1.12.0","minecraft:geometry":[{"description":{"identifier":"geometry.hive.wars.treasure.parrot","texture_width":64,"texture_height":64,"visible_bounds_width":2,"visible_bounds_height":2,"visible_bounds_offset":[0,1,0]},"bones":[{"name":"root","pivot":[0,0,0]},{"name":"mass","parent":"root","pivot":[0,24,0],"cubes":[{"origin":[-5,0,-5],"size":[10,2,10],"uv":[0,0]},{"origin":[-3,2,-3],"size":[6,2,6],"uv":[0,12]},{"origin":[-3.5,1,-6],"size":[7,4,2],"uv":[0,20]},{"origin":[-7,1,-3],"size":[3,2,6],"uv":[0,26]},{"origin":[4,1,-3],"size":[3,2,6],"uv":[32,26]},{"origin":[6,2,-2],"size":[2,2,4],"uv":[19,28]},{"origin":[-8,2,-2],"size":[2,2,4],"uv":[19,28]},{"origin":[-2,5,-6],"size":[4,1,2],"uv":[19,23]},{"origin":[-2,4,-2],"size":[4,1,4],"uv":[25,15]},{"origin":[-3,1,4],"size":[6,2,2],"uv":[42,16]},{"origin":[-1.25,5,-2],"size":[1,1,2],"uv":[0,36]},{"origin":[0.25,5,-2],"size":[1,1,2],"uv":[0,36]},{"origin":[-1.25,6,-1],"size":[1,2,1],"uv":[0,39]},{"origin":[0.25,6,-1],"size":[1,2,1],"uv":[0,39]},{"origin":[-1.5,13,-2.5],"size":[3,3,3],"uv":[0,51]},{"origin":[-0.5,13,-3.5],"size":[1,2,1],"uv":[13,54]},{"origin":[-1,8,1],"size":[2,1,2],"uv":[20,47]},{"origin":[0,16,-1.5],"size":[0,3,4],"uv":[18,54]},{"origin":[1.5,9,-1],"size":[1,4,2],"uv":[13,45]},{"origin":[-2.5,9,-1],"size":[1,4,2],"uv":[13,45]},{"origin":[-1.5,8,-2],"size":[3,5,3],"uv":[0,42]}]}]}]}