{"format_version":"1.12.0","minecraft:geometry":[{"description":{"identifier":"geometry.hive.wars.treasure.pickaxe","texture_width":64,"texture_height":64,"visible_bounds_width":5,"visible_bounds_height":4,"visible_bounds_offset":[0,1,0]},"bones":[{"name":"root","pivot":[0,0,0],"cubes":[{"origin":[-1,0,1],"size":[2,15,2],"pivot":[0,9.5,2],"rotation":[0,0,-50],"uv":[0,0]},{"origin":[-6,9,2],"size":[12,5,0],"pivot":[0,9.5,2],"rotation":[0,0,-50],"uv":[8,0]},{"origin":[-8,0,-1],"size":[7,6,8],"uv":[0,11]},{"origin":[-4,0,-3],"size":[5,3,5],"uv":[31,17]},{"origin":[1,0,-8],"size":[2,2,2],"pivot":[2,0,-7],"rotation":[0,45,0],"uv":[13,28]},{"origin":[5,0,-5],"size":[3,3,3],"pivot":[6.5,1.5,-3.5],"rotation":[0,25,0],"uv":[0,26]}]}]}]}