{"format_version":"1.12.0","minecraft:geometry":[{"description":{"identifier":"geometry.hive.wars.treasure.pirate.ship","texture_width":64,"texture_height":64,"visible_bounds_width":3,"visible_bounds_height":2,"visible_bounds_offset":[0,1,0]},"bones":[{"name":"root","pivot":[0,0,0]},{"name":"mass","parent":"root","pivot":[0,24,0],"cubes":[{"origin":[-4,0,-4],"size":[8,4,12],"uv":[0,0]},{"origin":[-4,1,-7],"size":[8,4,3],"uv":[29,0]},{"origin":[-3,2,-9],"size":[6,3,2],"uv":[40,7]},{"origin":[-2,3,-11],"size":[4,2,2],"uv":[42,12]},{"origin":[-4,1,6],"size":[8,6,4],"uv":[0,16]},{"origin":[-3.5,7,6.5],"size":[7,1,3],"uv":[25,17]},{"origin":[-3.5,4,-4],"size":[0,1,9],"uv":[25,14]},{"origin":[3.5,4,-4],"size":[0,1,9],"uv":[25,14],"mirror":true},{"origin":[-4,4,5],"size":[8,1,1],"uv":[25,25]},{"origin":[-0.5,2.5,1],"size":[1,16,1],"uv":[0,27]},{"origin":[-5.5,12.5,0],"size":[11,1,1],"uv":[5,28]},{"origin":[-5.5,6.5,-1],"size":[11,6,1],"uv":[5,31]},{"origin":[-5.5,5.5,0],"size":[11,1,1],"uv":[5,40]},{"origin":[0.5,14.5,0.95],"size":[6,4,0],"uv":[0,45]}]}]}]}