{"format_version":"1.12.0","minecraft:geometry":[{"description":{"identifier":"geometry.hive.wars.treasure.pizza.stack","texture_width":64,"texture_height":64,"visible_bounds_width":3,"visible_bounds_height":3,"visible_bounds_offset":[0,0.5,0]},"bones":[{"name":"root","pivot":[0,0,0],"cubes":[{"origin":[-7,0,-7],"size":[14,2,14],"pivot":[0,1,0],"rotation":[0,-17.5,0],"uv":[0,29]},{"origin":[-7,6,-7],"size":[14,2,14],"uv":[0,13]},{"origin":[-5,8,-2],"size":[10,1,6],"uv":[0,45]},{"origin":[-5,8,-6],"size":[5,1,4],"uv":[0,52]},{"origin":[3,8,-8],"size":[5,1,4],"pivot":[5.5,7.5,-7],"rotation":[0,-25,0],"uv":[33,47]},{"origin":[3,5,-8],"size":[5,3,0],"pivot":[5.5,7.5,-7],"rotation":[0,-25,0],"uv":[0,57]},{"origin":[-7,7,-5],"size":[14,1,12],"pivot":[0,7,7],"rotation":[-50,0,0],"uv":[0,0]},{"origin":[-7,2,-7],"size":[14,2,14],"uv":[0,29]},{"origin":[-6,0,-7],"size":[4,3,0],"pivot":[-4,3,-7],"rotation":[-60,0,0],"uv":[0,60]},{"origin":[-7,4,-7],"size":[14,2,14],"pivot":[0,5,0],"rotation":[0,20,0],"uv":[0,29]},{"origin":[7,2,1.9],"size":[0,3,5],"pivot":[0,6,-0.1],"rotation":[0,20,0],"uv":[33,49]}]}]}]}