{"format_version":"1.12.0","minecraft:geometry":[{"description":{"identifier":"geometry.hive.wars.treasure.police.car","texture_width":64,"texture_height":64,"visible_bounds_width":2,"visible_bounds_height":2,"visible_bounds_offset":[0,1,0]},"bones":[{"name":"root","pivot":[0,0,0]},{"name":"mass","parent":"root","pivot":[0,24,0],"cubes":[{"origin":[-5,2,-8],"size":[10,4,16],"uv":[0,19]},{"origin":[-5,6,-4],"size":[10,4,10],"uv":[0,5]},{"origin":[-5.5,1.99,-9],"size":[11,2,2],"uv":[0,40]},{"origin":[-5,10,-2],"size":[10,2,3],"uv":[0,0]},{"origin":[-5,0,-6],"size":[2,2,3],"uv":[30,39]},{"origin":[-5,0,3],"size":[2,2,3],"uv":[30,39]},{"origin":[3,0,3],"size":[2,2,3],"uv":[30,39],"mirror":true},{"origin":[3,0,-6],"size":[2,2,3],"uv":[30,39],"mirror":true}]}]}]}