{"format_version":"1.12.0","minecraft:geometry":[{"description":{"identifier":"geometry.hive.wars.treasure.portal","texture_width":64,"texture_height":64,"visible_bounds_width":2,"visible_bounds_height":2,"visible_bounds_offset":[0,1,0]},"bones":[{"name":"root","pivot":[0,0,0]},{"name":"mass","parent":"root","pivot":[0,24,0],"cubes":[{"origin":[-4,0,-2],"size":[8,3,4],"uv":[0,0]},{"origin":[-8,4,-2],"size":[3,8,4],"uv":[0,7]},{"origin":[5,4,-2],"size":[3,8,4],"uv":[15,7]},{"origin":[-4,13,-2],"size":[8,3,4],"uv":[25,0]},{"origin":[4,2,-2],"size":[2,2,4],"uv":[30,13]},{"origin":[-6,2,-2],"size":[2,2,4],"uv":[30,13]},{"origin":[4,12,-2],"size":[2,2,4],"uv":[30,7]},{"origin":[-6,12,-2],"size":[2,2,4],"uv":[30,7]},{"origin":[-7,2,-2],"size":[1,2,4],"uv":[43,13]},{"origin":[-7,12,-2],"size":[1,2,4],"uv":[43,13]},{"origin":[6,2,-2],"size":[1,2,4],"uv":[43,13]},{"origin":[6,12,-2],"size":[1,2,4],"uv":[43,13]},{"origin":[4,1,-2],"size":[2,1,4],"uv":[43,8]},{"origin":[-6,1,-2],"size":[2,1,4],"uv":[43,8]},{"origin":[4,14,-2],"size":[2,1,4],"uv":[43,8]},{"origin":[-6,14,-2],"size":[2,1,4],"uv":[43,8]},{"origin":[-5,3,-0.5],"size":[10,10,1],"uv":[0,19]},{"origin":[-7,11,-5],"size":[1,1,1],"uv":[5,36]},{"origin":[5,2,-5],"size":[1,1,1],"uv":[5,36]},{"origin":[-4,2,-5.5],"size":[1,1,1],"uv":[5,34]},{"origin":[-6,12,-4.5],"size":[1,1,1],"uv":[5,34]},{"origin":[4,3,-4.5],"size":[1,1,1],"uv":[5,34]},{"origin":[6,14,-5.5],"size":[1,1,1],"uv":[5,34]},{"origin":[5,13,-5.5],"size":[1,1,1],"uv":[5,36]},{"origin":[4,14,-5.5],"size":[1,1,1],"uv":[5,34]}]}]}]}