{"format_version":"1.12.0","minecraft:geometry":[{"description":{"identifier":"geometry.hive.wars.treasure.present","texture_width":64,"texture_height":64,"visible_bounds_width":2,"visible_bounds_height":2.5,"visible_bounds_offset":[0,0.75,0]},"bones":[{"name":"root","pivot":[0,0,0],"cubes":[{"origin":[-7,0,-7],"size":[14,14,14],"uv":[0,36]},{"origin":[-1,0,-7.5],"size":[2,14,1],"uv":[0,2]},{"origin":[6.5,0,-1],"size":[1,14,2],"uv":[56,48]},{"origin":[-7.5,13.5,-1],"size":[15,1,2],"uv":[0,17]},{"origin":[-1,13.5,-7.5],"size":[2,1,15],"uv":[0,20]},{"origin":[-1,14.5,1],"size":[2,1,1],"uv":[56,40]},{"origin":[-1,14.5,-0.5],"size":[2,2,1],"uv":[56,42]},{"origin":[-1,16.5,0.5],"size":[2,1,2],"uv":[56,45]},{"origin":[-1,0,6.5],"size":[2,14,1],"uv":[0,2]},{"origin":[-7.5,0,-1],"size":[1,14,2],"uv":[56,48]},{"origin":[-1,15.5,2],"size":[2,1,1],"uv":[56,40]},{"origin":[-1,16.5,-2.5],"size":[2,1,2],"uv":[56,45]},{"origin":[-1,15.5,-3],"size":[2,1,1],"uv":[56,40]},{"origin":[-1,14.5,-2],"size":[2,1,1],"uv":[56,40]}]}]}]}