{"format_version":"1.12.0","minecraft:geometry":[{"description":{"identifier":"geometry.hive.wars.treasure.recycling","texture_width":64,"texture_height":64,"visible_bounds_width":2,"visible_bounds_height":2,"visible_bounds_offset":[0,1,0]},"bones":[{"name":"root","pivot":[0,0,0]},{"name":"mass","parent":"root","pivot":[0,24,0],"cubes":[{"origin":[-5.5,0,1],"size":[1,3,3],"uv":[10,58]},{"origin":[4.5,0,1],"size":[1,3,3],"uv":[19,58]},{"origin":[-4.5,1,-4.5],"size":[9,12,9],"uv":[0,0]},{"origin":[-4,0,-4],"size":[8,1,8],"uv":[0,23]},{"origin":[-6,13,-6],"size":[12,3,12],"uv":[0,32]},{"origin":[-5,16,-5],"size":[10,1,10],"uv":[0,47]},{"origin":[-4,13.5,5],"size":[2,3,2],"uv":[0,59]},{"origin":[2,13.5,5],"size":[2,3,2],"uv":[0,59]}]}]}]}