{"format_version":"1.12.0","minecraft:geometry":[{"description":{"identifier":"geometry.hive.wars.treasure.robot","texture_width":64,"texture_height":64,"visible_bounds_width":2,"visible_bounds_height":2,"visible_bounds_offset":[0,1,0]},"bones":[{"name":"root","pivot":[0,0,0]},{"name":"mass","parent":"root","pivot":[0,24,0],"cubes":[{"origin":[-5,0,-5],"size":[10,10,10],"uv":[0,0]},{"origin":[-7,2,-3],"size":[2,6,6],"uv":[41,8]},{"origin":[5,2,-3],"size":[2,6,6],"uv":[41,8]},{"origin":[-3,10,-3],"size":[6,2,6],"uv":[0,31]},{"origin":[-0.5,12,-0.5],"size":[1,3,1],"uv":[0,44]},{"origin":[-1,15,-1],"size":[2,2,2],"uv":[0,40]},{"origin":[-5,-0.5,-6],"size":[10,3,1],"uv":[0,20]},{"origin":[-3,0,5],"size":[6,6,1],"uv":[0,24]},{"origin":[-5,4,-5.5],"size":[4,4,1],"uv":[0,48]},{"origin":[1,4,-5.5],"size":[4,4,1],"uv":[11,48]}]}]}]}