{"format_version":"1.12.0","minecraft:geometry":[{"description":{"identifier":"geometry.hive.wars.treasure.rocket.ship","texture_width":64,"texture_height":64,"visible_bounds_width":2,"visible_bounds_height":2,"visible_bounds_offset":[0,1,0]},"bones":[{"name":"root","pivot":[0,0,0]},{"name":"mass","parent":"root","pivot":[0,24,0],"cubes":[{"origin":[-4,5,-4],"size":[8,9,8],"uv":[0,0]},{"origin":[-3,1,-3],"size":[6,2,6],"uv":[0,44]},{"origin":[-3,14,-3],"size":[6,1,6],"uv":[0,17]},{"origin":[-2,15,-2],"size":[4,1,4],"uv":[0,24]},{"origin":[-1,16,-1],"size":[2,1,2],"uv":[0,29]},{"origin":[-2,3,-2],"size":[4,1,4],"uv":[0,39]},{"origin":[-3,4,-3],"size":[6,1,6],"uv":[0,32]},{"origin":[3,3,-0.5],"size":[2,4,1],"uv":[33,12]},{"origin":[4,1,-0.5],"size":[2,4,1],"uv":[40,12]},{"origin":[5,0,-0.5],"size":[1,1,1],"uv":[47,15]},{"origin":[-5,3,-0.5],"size":[2,4,1],"uv":[33,12],"mirror":true},{"origin":[-6,1,-0.5],"size":[2,4,1],"uv":[40,12],"mirror":true},{"origin":[-6,0,-0.5],"size":[1,1,1],"uv":[47,15],"mirror":true},{"origin":[-0.5,3,-5],"size":[1,4,2],"uv":[33,5],"mirror":true},{"origin":[-0.5,1,-6],"size":[1,4,2],"uv":[40,5],"mirror":true},{"origin":[-0.5,0,-6],"size":[1,1,1],"uv":[47,15],"mirror":true},{"origin":[-0.5,3,3],"size":[1,4,2],"uv":[47,5],"mirror":true},{"origin":[-0.5,1,4],"size":[1,4,2],"uv":[54,5],"mirror":true},{"origin":[-0.5,0,5],"size":[1,1,1],"uv":[47,15],"mirror":true},{"origin":[-2.5,7.5,-5],"size":[5,5,1],"uv":[25,18]}]}]}]}