{"format_version":"1.12.0","minecraft:geometry":[{"description":{"identifier":"geometry.hive.wars.treasure.skeleton","texture_width":64,"texture_height":64,"visible_bounds_width":2,"visible_bounds_height":2.5,"visible_bounds_offset":[0,0.75,0]},"bones":[{"name":"root","pivot":[0,0,0],"cubes":[{"origin":[-7.5,0,-6],"size":[15,8,12],"uv":[0,44]},{"origin":[-8,8,-6.5],"size":[16,3,13],"uv":[0,28]},{"origin":[0,11,-5.5],"size":[8,2,11],"uv":[0,15]},{"origin":[0,13,-4],"size":[8,1,8],"uv":[28,6]},{"origin":[-8,13,-4],"size":[8,1,8],"uv":[28,6]},{"origin":[-3.5,10.5,-7.5],"size":[7,4,7],"uv":[0,4]},{"origin":[-8,11,-5.5],"size":[8,2,11],"uv":[0,15]},{"origin":[-2.5,14.5,-6.5],"size":[5,1,5],"uv":[38,22]},{"origin":[-2.5,8.5,-7],"size":[5,2,1],"uv":[38,19]},{"origin":[1,7.5,-7],"size":[1,1,1],"uv":[54,62]},{"origin":[-0.5,7.5,-7],"size":[1,1,1],"uv":[54,62]},{"origin":[-2,7.5,-7],"size":[1,1,1],"uv":[54,62]},{"origin":[6.5,13.5,1],"size":[1,1,1],"uv":[54,62]},{"origin":[6.5,13.5,-2],"size":[1,1,1],"uv":[54,62]},{"origin":[6.5,12.5,-6],"size":[1,1,1],"uv":[54,62]},{"origin":[6.5,12.5,5],"size":[1,1,1],"uv":[54,62]},{"origin":[6.5,9.5,6],"size":[1,1,1],"uv":[54,62]},{"origin":[6.5,9.5,-7],"size":[1,1,1],"uv":[54,62]},{"origin":[-7.5,9.5,-7],"size":[1,1,1],"uv":[54,62]},{"origin":[-7.5,12.5,-6],"size":[1,1,1],"uv":[54,62]},{"origin":[-7.5,13.5,-2],"size":[1,1,1],"uv":[54,62]},{"origin":[-7.5,13.5,1],"size":[1,1,1],"uv":[54,62]},{"origin":[-7.5,12.5,5],"size":[1,1,1],"uv":[54,62]},{"origin":[-7.5,9.5,6],"size":[1,1,1],"uv":[54,62]}]}]}]}