{"format_version":"1.12.0","minecraft:geometry":[{"description":{"identifier":"geometry.hive.wars.treasure.snowglobe","texture_width":64,"texture_height":64,"visible_bounds_width":3,"visible_bounds_height":3,"visible_bounds_offset":[0,0.5,0]},"bones":[{"name":"root","pivot":[0,0,0],"cubes":[{"origin":[-7,3,-7],"size":[14,14,14],"uv":[0,0]},{"origin":[-6,0,-6],"size":[12,3,12],"uv":[0,28]},{"origin":[-7.5,4,0.5],"size":[14,11,0],"pivot":[-0.5,9.5,0],"rotation":[0,-45,0],"uv":[36,28]},{"origin":[-7,4,0],"size":[14,11,0],"pivot":[-0.5,9.5,0],"rotation":[0,45,0],"uv":[36,28]},{"origin":[0.75,3,-2],"size":[3,3,4],"uv":[0,0]},{"origin":[0.75,6,-2],"size":[2,1,4],"uv":[0,28]},{"origin":[-2.25,10,-3],"size":[2,1,6],"uv":[0,43]},{"origin":[-3.25,3,-3],"size":[4,7,6],"uv":[42,42]},{"origin":[-1.25,11,-3.5],"size":[4,1,7],"pivot":[-1.25,12,-0.5],"rotation":[0,0,40],"uv":[42,0],"mirror":true},{"origin":[0.75,6.75,-2.5],"size":[4,1,5],"pivot":[0.75,7.75,-1.5],"rotation":[0,0,20],"uv":[42,8]},{"origin":[-5.25,11,-3.5],"size":[4,1,7],"pivot":[-1.25,12,-0.5],"rotation":[0,0,-40],"uv":[42,0]},{"origin":[-4.31418,7.42885,-3.5],"size":[0,2,6],"uv":[0,4]},{"origin":[1.81518,6.42885,-3.5],"size":[0,3,7],"uv":[0,0]}]}]}]}