{"format_version":"1.12.0","minecraft:geometry":[{"description":{"identifier":"geometry.hive.wars.treasure.snowman","texture_width":64,"texture_height":64,"visible_bounds_width":2,"visible_bounds_height":3,"visible_bounds_offset":[0,0.5,0]},"bones":[{"name":"root","pivot":[0,0,0],"cubes":[{"origin":[-4,0,-4],"size":[8,5,8],"pivot":[0,0,0],"rotation":[0,5,0],"uv":[0,36]},{"origin":[-3,5,-3],"size":[6,5,6],"uv":[0,24]},{"origin":[-2,10,-2],"size":[4,6,4],"pivot":[0,10,0],"rotation":[-5,0,7.5],"uv":[0,13]},{"origin":[-3.5,14,-3.5],"size":[7,0,7],"pivot":[0,10,0],"rotation":[-5,0,7.5],"uv":[0,3]},{"origin":[-3,4,0],"size":[1,5,1],"pivot":[-3,9,0],"rotation":[0,0,50],"uv":[26,29]},{"origin":[2,4,-1],"size":[1,5,1],"pivot":[3,9,-1],"rotation":[0,0,-35],"uv":[26,29],"mirror":true},{"origin":[-3,3,-0.5],"size":[0,1,2],"pivot":[-3,9,0],"rotation":[0,0,50],"uv":[26,34]},{"origin":[3,3,-1.5],"size":[0,1,2],"pivot":[3,9,-1],"rotation":[0,0,-35],"uv":[26,34],"mirror":true},{"origin":[-7,0.1,-7],"size":[14,0,14],"uv":[0,50]},{"origin":[-0.5,11,-4],"size":[1,1,2],"pivot":[0,10,0],"rotation":[-5,0,7.5],"uv":[17,20]}]}]}]}