{"format_version":"1.12.0","minecraft:geometry":[{"description":{"identifier":"geometry.hive.wars.treasure.sonic.ring","texture_width":64,"texture_height":64,"visible_bounds_width":3,"visible_bounds_height":3,"visible_bounds_offset":[0,0.5,0]},"bones":[{"name":"root","pivot":[0,0,0],"cubes":[{"origin":[4,3,-1],"size":[2,10,2],"uv":[11,10],"mirror":true},{"origin":[-5,2,-1],"size":[10,2,2],"uv":[0,5]},{"origin":[-5,12,-1],"size":[10,2,2],"uv":[0,0]},{"origin":[-4,11,-1],"size":[1,1,2],"uv":[0,23]},{"origin":[-4,4,-1],"size":[1,1,2],"uv":[8,23]},{"origin":[3,11,-1],"size":[1,1,2],"uv":[0,23]},{"origin":[3,4,-1],"size":[1,1,2],"uv":[8,23]},{"origin":[-6,3,-1],"size":[2,10,2],"uv":[0,10]}]}]}]}