{"format_version":"1.12.0","minecraft:geometry":[{"description":{"identifier":"geometry.hive.wars.treasure.sonic.dark.chao","texture_width":64,"texture_height":64,"visible_bounds_width":3,"visible_bounds_height":4,"visible_bounds_offset":[0,1,0]},"bones":[{"name":"root","pivot":[0,0,0],"cubes":[{"origin":[-5,7,-4.5],"size":[10,8,9],"pivot":[0,7,0],"rotation":[-5,0,0],"uv":[0,0]},{"origin":[4.21833,1.01909,-2],"size":[3,3,4],"pivot":[0,0,0],"rotation":[0,0,-15],"uv":[17,26]},{"origin":[-7.21833,1.01909,-2],"size":[3,3,4],"pivot":[0,0,0],"rotation":[0,0,15],"uv":[30,0],"mirror":true},{"origin":[4.21833,4.01909,-1],"size":[2,3,2],"pivot":[0,0,0],"rotation":[0,0,-15],"uv":[0,0],"mirror":true},{"origin":[-6.21833,4.01909,-1],"size":[2,3,2],"pivot":[0,0,0],"rotation":[0,0,15],"uv":[0,0]},{"origin":[-8,2,2],"size":[6,5,0],"pivot":[-2,6,2],"rotation":[0,30,-7.5],"uv":[21,37],"mirror":true},{"origin":[2,2,2],"size":[6,5,0],"pivot":[2,6,2],"rotation":[0,-30,7.5],"uv":[21,37]},{"origin":[-3,2,-2],"size":[6,5,4],"uv":[0,29]},{"origin":[-2.97721,0,-4.26047],"size":[3,2,5],"pivot":[0,0,0],"rotation":[0,10,0],"uv":[21,29],"mirror":true},{"origin":[-0.02279,0,-4.26047],"size":[3,2,5],"pivot":[0,0,0],"rotation":[0,-10,0],"uv":[21,29]},{"origin":[-3,14.24038,5.33494],"size":[7,0,10],"pivot":[0,0,0],"rotation":[25,0,0],"uv":[0,18]},{"origin":[-2,22.46367,4.33217],"size":[4,4,0],"pivot":[0,0,0],"rotation":[5,0,0],"uv":[0,18]},{"origin":[-1,23.46367,3.33217],"size":[2,2,2],"pivot":[0,0,0],"rotation":[5,0,0],"uv":[0,23]},{"origin":[4.21833,1.01909,-2],"size":[3,3,4],"pivot":[0,0,0],"rotation":[0,0,-15],"uv":[30,0]},{"origin":[-5,2.50885,1.30602],"size":[7,0,6],"pivot":[0,0,0],"rotation":[-17.5,0,0],"uv":[25,18]}]}]}]}