{"format_version":"1.12.0","minecraft:geometry":[{"description":{"identifier":"geometry.hive.wars.treasure.sonic.chao","texture_width":64,"texture_height":64,"visible_bounds_width":3,"visible_bounds_height":3,"visible_bounds_offset":[0,0.5,0]},"bones":[{"name":"root","pivot":[0,0,0],"cubes":[{"origin":[-1,19.46367,-0.66783],"size":[2,2,2],"pivot":[0,0,0],"rotation":[5,0,0],"uv":[12,26]},{"origin":[-4,14.81219,-2.80163],"size":[8,2,5],"pivot":[0,0,0],"rotation":[-5,0,0],"uv":[0,18]},{"origin":[-2,16.06604,0.16236],"size":[4,2,3],"pivot":[0,0,0],"rotation":[5,0,0],"uv":[14,32]},{"origin":[-5,7,-4.5],"size":[10,8,9],"pivot":[0,7,0],"rotation":[-5,0,0],"uv":[0,0]},{"origin":[4.21833,1.01909,-2],"size":[3,3,4],"pivot":[0,0,0],"rotation":[0,0,-15],"uv":[30,0]},{"origin":[-7.21833,1.01909,-2],"size":[3,3,4],"pivot":[0,0,0],"rotation":[0,0,15],"uv":[30,0],"mirror":true},{"origin":[4.21833,4.01909,-1],"size":[2,3,2],"pivot":[0,0,0],"rotation":[0,0,-15],"uv":[0,0],"mirror":true},{"origin":[-6.21833,4.01909,-1],"size":[2,3,2],"pivot":[0,0,0],"rotation":[0,0,15],"uv":[0,0]},{"origin":[-8,2,2],"size":[6,5,0],"pivot":[-2,6,2],"rotation":[0,30,-7.5],"uv":[0,34]},{"origin":[2,2,2],"size":[6,5,0],"pivot":[2,6,2],"rotation":[0,-30,7.5],"uv":[19,38],"mirror":true},{"origin":[-1.5,1,1],"size":[3,3,3],"uv":[29,32]},{"origin":[-3,2,-2],"size":[6,5,4],"uv":[23,22]},{"origin":[-2.97721,0,-4.26047],"size":[3,2,5],"pivot":[0,0,0],"rotation":[0,10,0],"uv":[0,26],"mirror":true},{"origin":[-0.02279,0,-4.26047],"size":[3,2,5],"pivot":[0,0,0],"rotation":[0,-10,0],"uv":[0,26]}]}]}]}