{"format_version":"1.12.0","minecraft:geometry":[{"description":{"identifier":"geometry.hive.wars.treasure.special.delivery","texture_width":64,"texture_height":64,"visible_bounds_width":3,"visible_bounds_height":2,"visible_bounds_offset":[0,1,0]},"bones":[{"name":"root","pivot":[0,0,0],"cubes":[{"origin":[-6,0,-6],"size":[12,4,12],"uv":[0,48]},{"origin":[-7,4,-7],"size":[14,3,14],"uv":[0,31]},{"origin":[-4,7,-3],"size":[8,3,6],"uv":[0,22]},{"origin":[-9,7,-1.5],"size":[5,3,3],"uv":[44,37]},{"origin":[4,7,-1.5],"size":[5,3,3],"uv":[44,37],"mirror":true},{"origin":[-3,10,-3],"size":[6,4,6],"uv":[29,21]},{"origin":[-3,8,-4],"size":[6,3,1],"uv":[29,19]},{"origin":[-2,7,-4],"size":[4,1,1],"uv":[29,23]},{"origin":[-3.5,14,-3.5],"size":[7,2,7],"uv":[0,12]},{"origin":[-3,16,-3],"size":[6,1,6],"uv":[0,4]},{"origin":[-1.5,16,-2],"size":[6,2,4],"uv":[25,5]},{"origin":[3.5,15,-1],"size":[2,2,2],"uv":[46,7]},{"origin":[-1,10,-5],"size":[2,2,2],"uv":[54,27]}]}]}]}