{"format_version":"1.12.0","minecraft:geometry":[{"description":{"identifier":"geometry.hive.wars.treasure.teddy.bear","texture_width":64,"texture_height":64,"visible_bounds_width":2,"visible_bounds_height":3,"visible_bounds_offset":[0,0.5,0]},"bones":[{"name":"root","pivot":[0,0,0],"cubes":[{"origin":[-3,0,-3],"size":[6,7,6],"uv":[0,35]},{"origin":[-1,0,3],"size":[2,2,2],"uv":[21,36]},{"origin":[-3,0,-5],"size":[3,3,4],"pivot":[-3,2,-1],"rotation":[0,37.5,0],"uv":[0,49]},{"origin":[0,0,-5],"size":[3,3,4],"pivot":[3,2,-1],"rotation":[0,-37.5,0],"uv":[0,49],"mirror":true},{"origin":[-3,2,-1.5],"size":[3,5,3],"pivot":[-3,7,0.5],"rotation":[0,0,60],"uv":[26,40]},{"origin":[0,2,-1.5],"size":[3,5,3],"pivot":[3,7,0.5],"rotation":[0,0,-60],"uv":[26,40],"mirror":true},{"origin":[-4,7,-4],"size":[8,5,8],"uv":[0,22]},{"origin":[-7,12,-2],"size":[3,3,1],"pivot":[-4,12,-1.5],"rotation":[0,0,15],"uv":[33,6]},{"origin":[4,12,-2],"size":[3,3,1],"pivot":[4,12,-1.5],"rotation":[0,0,-15],"uv":[33,6],"mirror":true},{"origin":[-5,12,-5],"size":[10,2,10],"uv":[0,10]},{"origin":[-4,14,-4],"size":[8,2,8],"pivot":[0,14,-4],"rotation":[-7.5,0,0],"uv":[0,0]},{"origin":[-1,16,0],"size":[2,2,2],"pivot":[0,14,-4],"rotation":[-7.5,0,0],"uv":[0,0]},{"origin":[-2,7,-6],"size":[4,3,2],"uv":[25,23]}]}]}]}