{"format_version":"1.12.0","minecraft:geometry":[{"description":{"identifier":"geometry.hive.wars.treasure.trick.or.treat","texture_width":128,"texture_height":128,"visible_bounds_width":3,"visible_bounds_height":3,"visible_bounds_offset":[0,0.5,0]},"bones":[{"name":"root","pivot":[0,0,0],"cubes":[{"origin":[-7,0,-7],"size":[14,11,14],"uv":[0,0]},{"origin":[-8,11,-8],"size":[16,3,3],"uv":[38,31]},{"origin":[5,11,-5],"size":[3,3,10],"uv":[0,42]},{"origin":[-8,11,-5],"size":[3,3,10],"uv":[34,38]},{"origin":[-10,21,-1],"size":[20,2,2],"pivot":[-9,12,0],"rotation":[-123.2,0,0],"uv":[0,38]},{"origin":[-10,11,-1],"size":[2,10,2],"pivot":[-9,12,0],"rotation":[-123.2,0,0],"uv":[0,0]},{"origin":[8,11,-1],"size":[2,10,2],"pivot":[-9,12,0],"rotation":[-123.2,0,0],"uv":[0,25]},{"origin":[-8,11,5],"size":[16,3,3],"uv":[38,25]},{"origin":[-7,12,-6],"size":[13,1,12],"pivot":[0,12,0],"rotation":[0,80,0],"uv":[0,25]},{"origin":[-1.57738,13,1.09369],"size":[5,2,2],"pivot":[2,14,3],"rotation":[0,25,0],"uv":[42,3]},{"origin":[-4,13,-1],"size":[3,2,3],"pivot":[-2.5,14,0.5],"rotation":[-12.5,0,-15],"uv":[31,42]},{"origin":[2.89783,12.82597,-3.90765],"size":[2,2,2],"pivot":[3.59833,14.63302,-3.09637],"rotation":[-5,122.5,12.5],"uv":[6,10]},{"origin":[-2.46145,12.8814,1.7835],"size":[2,3,2],"pivot":[-2.06665,14.25534,3.54795],"rotation":[-170,50,172.5],"uv":[42,7]},{"origin":[1.12325,13.5,2.5],"size":[3,1,2],"pivot":[3.59833,13.63302,3.90363],"rotation":[-47.5,-17.5,45],"uv":[0,42]},{"origin":[0.11349,12.64691,0.20284],"size":[3,3,1],"pivot":[0.5,14.5,1.5],"rotation":[-32.5,7.5,7.5],"uv":[0,45]},{"origin":[-3,13,-3],"size":[7,1,2],"pivot":[4,13,-2],"rotation":[0,10,25],"uv":[16,42]},{"origin":[-4.25857,13.92461,-4.27969],"size":[6,1,2],"pivot":[-1,13.5,-3],"rotation":[-40,-177.5,-17.5],"uv":[42,0]}]}]}]}