{"format_version":"1.12.0","minecraft:geometry":[{"description":{"identifier":"geometry.hive.wars.treasure.trophy","texture_width":64,"texture_height":64,"visible_bounds_width":3,"visible_bounds_height":2,"visible_bounds_offset":[0,1,0]},"bones":[{"name":"root","pivot":[0,0,0]},{"name":"mass","parent":"root","pivot":[0,24,0],"cubes":[{"origin":[-5,0,-6],"size":[10,2,12],"uv":[0,0]},{"origin":[-4,2,-4],"size":[8,1,8],"uv":[0,14]},{"origin":[5,0,-5],"size":[1,2,10],"uv":[35,11]},{"origin":[-6,0,-5],"size":[1,2,10],"uv":[35,11]},{"origin":[-2,3,-2],"size":[4,4,4],"uv":[33,2]},{"origin":[-4,7,-4],"size":[8,1,8],"uv":[0,23]},{"origin":[-4,8,-5],"size":[8,9,1],"uv":[0,32]},{"origin":[-4,8,4],"size":[8,9,1],"uv":[0,32]},{"origin":[-5,8,-4],"size":[1,9,8],"uv":[25,25]},{"origin":[4,8,-4],"size":[1,9,8],"uv":[25,25]},{"origin":[-6,9,-1],"size":[1,6,2],"uv":[44,25]},{"origin":[-8,14,-1],"size":[2,1,2],"uv":[51,25]},{"origin":[-9,11,-1],"size":[1,4,2],"uv":[44,34]},{"origin":[-8,10,-1],"size":[1,2,2],"uv":[51,34]},{"origin":[-7,10,-1],"size":[1,1,2],"uv":[51,39]},{"origin":[5,9,-1],"size":[1,6,2],"uv":[44,25]},{"origin":[6,14,-1],"size":[2,1,2],"uv":[51,28]},{"origin":[8,11,-1],"size":[1,4,2],"uv":[44,34]},{"origin":[7,10,-1],"size":[1,2,2],"uv":[51,34]},{"origin":[6,10,-1],"size":[1,1,2],"uv":[51,39]},{"origin":[-4,15,-6],"size":[8,2,1],"uv":[0,43]},{"origin":[-4,15,5],"size":[8,2,1],"uv":[0,43]},{"origin":[5,15,-4],"size":[1,2,8],"uv":[0,47]},{"origin":[-6,15,-4],"size":[1,2,8],"uv":[0,47]}]}]}]}