{"format_version":"1.12.0","minecraft:geometry":[{"description":{"identifier":"geometry.hive.wars.treasure.tv","texture_width":64,"texture_height":64,"visible_bounds_width":2,"visible_bounds_height":2.5,"visible_bounds_offset":[0,0.75,0]},"bones":[{"name":"root","pivot":[0,0,0],"cubes":[{"origin":[0,0,-3],"size":[7,1,8],"uv":[0,0]},{"origin":[-7,2,-3.5],"size":[12,10,1],"uv":[0,9]},{"origin":[-7,12,-4],"size":[12,1,10],"uv":[0,31]},{"origin":[-8,1,-4],"size":[1,12,10],"uv":[26,42]},{"origin":[5,1,-4],"size":[3,12,10],"uv":[0,42]},{"origin":[3.5,13,0],"size":[1,5,1],"uv":[48,58]},{"origin":[5.5,2.5,-5],"size":[2,2,1],"uv":[52,61]},{"origin":[-7,1,-4],"size":[12,1,10],"uv":[0,20]},{"origin":[5.5,6.5,-5],"size":[2,2,1],"uv":[52,61]},{"origin":[6,13,0],"size":[1,5,1],"uv":[48,58]},{"origin":[-7,0,-3],"size":[7,1,8],"uv":[0,0]},{"origin":[-7,2,5],"size":[12,10,1],"uv":[26,9]}]}]}]}