{"format_version":"1.12.0","minecraft:geometry":[{"description":{"identifier":"geometry.hive.wars.treasure.ufo","texture_width":64,"texture_height":64,"visible_bounds_width":2,"visible_bounds_height":2,"visible_bounds_offset":[0,1,0]},"bones":[{"name":"root","pivot":[0,0,0]},{"name":"mass","parent":"root","pivot":[0,24,0],"cubes":[{"origin":[-8,7,-8],"size":[16,3,16],"uv":[0,19]},{"origin":[-5,10,-5],"size":[10,1,10],"uv":[24,3]},{"origin":[-4,11,-4],"size":[8,4,8],"uv":[0,7]},{"origin":[-3,15,-3],"size":[6,1,6],"uv":[0,0]},{"origin":[-6,6,-6],"size":[12,1,12],"uv":[0,38]},{"origin":[-4,5,-4],"size":[8,1,8],"uv":[0,51]},{"origin":[-4,3.5,-4],"size":[8,0,8],"uv":[30,39]},{"origin":[-5,0.5,-5],"size":[10,0,10],"uv":[24,54]}]}]}]}