{"format_version":"1.8.0","minecraft:client_entity":{"description":{"identifier":"hive:crate_marker","materials":{"default":"hive_alpha"},"textures":{"default":"textures/hive/crate_marker"},"geometry":{"default":"geometry.hive.sg.crate_marker"},"particle_effects":{"marker":"hive:crate_marker"},"animations":{"base_pose":"animation.hive.sg.base_pose"},"animation_controllers":[{"general":"controller.animation.hive.sg.crate_marker"}],"render_controllers":["controller.render.hive.sg.crate_marker"]}}}