{"format_version":"1.8.0","minecraft:client_entity":{"description":{"identifier":"hive:helicopter","materials":{"default":"hive_entity"},"textures":{"default":"textures/hive/helicopter"},"geometry":{"default":"geometry.hive.sg.helicopter"},"particle_effects":{"smoke_puff":"hive:smoke"},"animations":{"spin":"animation.hive.sg.helicopter.spin","spin_fast":"animation.hive.sg.helicopter.spin_fast"},"animation_controllers":[{"general":"controller.animation.hive.sg.helicopter"}],"render_controllers":["controller.render.hive.sg.helicopter"]}}}