{"format_version":"1.8.0","minecraft:client_entity":{"description":{"identifier":"hive:vertical_launchpad","materials":{"default":"hive_alpha"},"textures":{"medieval":"textures/hive/launchpad/vertical/medieval","futuristic":"textures/hive/launchpad/vertical/futuristic"},"geometry":{"default":"geometry.hive.sg.launchpad_vertical"},"animations":{"base_pose":"animation.hive.sg.base_pose","launch":"animation.hive.sg.launchpad_vertical.yeet"},"animation_controllers":[{"general":"controller.animation.hive.sg.launchpad_vertical"}],"render_controllers":["controller.render.hive.sg.launchpad"]}}}