{"format_version":"1.8.0","minecraft:client_entity":{"description":{"identifier":"hivepets:cubee","materials":{"default":"entity_alphatest","faded":"slime_outer"},"textures":{"default":"textures/entity/hive/pets/cubee/cubee","faded":"textures/entity/hive/pets/cubee/faded"},"geometry":{"default":"geometry.hive.pets.cubee"},"scripts":{"pre_animation":["variable.idleTimer \u003d math.random_integer(0, 1000);"]},"animations":{"idle_fly":"animation.hive.pets.cubee.idle.fly","idle_wing":"animation.hive.pets.cubee.idle.wings","face_blink":"animation.hive.pets.cubee.face.blink","face_look_left":"animation.hive.pets.cubee.face.look.left","face_look_right":"animation.hive.pets.cubee.face.look.right","body_flip":"animation.hive.pets.cubee.body.flip","body_spin":"animation.hive.pets.cubee.body.spin","body_dance":"animation.hive.pets.cubee.body.dance","state_change":"animation.hive.pets.cubee.statechange"},"animation_controllers":[{"idle":"controller.animation.hive.pets.cubee.idle"},{"face":"controller.animation.hive.pets.cubee.face"},{"body":"controller.animation.hive.pets.cubee.body"},{"state":"controller.animation.hive.pets.cubee.state"}],"render_controllers":["controller.render.hive.pets.phasedpet"]}}}