{"format_version":"1.8.0","minecraft:client_entity":{"description":{"identifier":"hivepets:pirate_parrot","materials":{"default":"entity_alphatest","faded":"slime_outer"},"textures":{"default":"textures/entity/hive/pets/pirate_parrot/pirate_parrot","faded":"textures/entity/hive/pets/pirate_parrot/faded"},"geometry":{"default":"geometry.hive.pets.pirate.parrot"},"animations":{"props":"animation.hive.pets.pirate.parrot.props","idle_head":"animation.hive.pets.pirate.parrot.idle.head","idle_face":"animation.hive.pets.pirate.parrot.idle.face","idle_flap":"animation.hive.pets.pirate.parrot.idle.flap","idle_float":"animation.hive.pets.pirate.parrot.idle.float","move_forward":"animation.hive.pets.pirate.parrot.move.forward","action_spyglass":"animation.hive.pets.pirate.parrot.action.spyglass","action_plank":"animation.hive.pets.pirate.parrot.action.plank","action_cracker":"animation.hive.pets.pirate.parrot.action.cracker"},"particle_effects":{"crumb":"hivepets:pirate_parrot_crumbs","sploosh":"hivepets:pirate_parrot_sploosh"},"animation_controllers":[{"base":"controller.animation.hive.pets.pirate.parrot.base"},{"idle":"controller.animation.hive.pets.pirate.parrot.idle"},{"action":"controller.animation.hive.pets.pirate.parrot.action"}],"render_controllers":["controller.render.hive.pets.phasedpet"]}}}