{"format_version":"1.8.0","minecraft:client_entity":{"description":{"identifier":"hivepets:rock","materials":{"default":"entity_alphatest"},"textures":{"default":"textures/entity/hive/pets/rock"},"geometry":{"default":"geometry.hive.pets.rock"},"scripts":{"pre_animation":["variable.idleTimer \u003d math.random_integer(0, 1000);"]},"animations":{"idle":"animation.hive.pets.rock.idle","spawn":"animation.hive.pets.rock.spawn","blink1":"animation.hive.pets.rock.blink1","blink2":"animation.hive.pets.rock.blink2"},"animation_controllers":[{"blink":"controller.animation.hive.pets.rock.blink"},{"idle":"controller.animation.hive.pets.rock.idle"}],"render_controllers":["controller.render.default"]}}}