{"format_version":"1.8.0","minecraft:client_entity":{"description":{"identifier":"hivepets:witch_cat","materials":{"default":"entity_alphatest","faded":"slime_outer"},"textures":{"default":"textures/entity/hive/pets/witch_cat/purple","default_faded":"textures/entity/hive/pets/witch_cat/purple_faded","green":"textures/entity/hive/pets/witch_cat/green","green_faded":"textures/entity/hive/pets/witch_cat/green_faded","red":"textures/entity/hive/pets/witch_cat/red","red_faded":"textures/entity/hive/pets/witch_cat/red_faded"},"geometry":{"default":"geometry.hive.pets.witch.cat"},"animations":{"variant":"animation.hive.pets.witch.cat.variant","idle":"animation.hive.pets.witch.cat.idle","idle2":"animation.hive.pets.witch.cat.idle2","idle_face":"animation.hive.pets.witch.cat.idle.face","action_lick":"animation.hive.pets.witch.cat.action.lick","action_scared":"animation.hive.pets.witch.cat.action.scared","action_look_around":"animation.hive.pets.witch.cat.action.look.around","move_forward":"animation.hive.pets.witch.cat.move.forward","state_change":"animation.hive.pets.witch.cat.statechange"},"particle_effects":{"idle_purple":"hivepets:witch_cat_purple","idle_green":"hivepets:witch_cat_green","idle_red":"hivepets:witch_cat_red"},"animation_controllers":[{"idle":"controller.animation.hive.pets.witch.cat.idle"},{"particle":"controller.animation.hive.pets.witch.cat.particle"},{"action":"controller.animation.hive.pets.witch.cat.action"},{"state":"controller.animation.hive.pets.babydragon.state"}],"render_controllers":["controller.render.hive.pets.witch.cat"]}}}