{"minecraft:geometry":[{"description":{"identifier":"geometry.hive.replay.props.light.standing.emissive","texture_width":64,"texture_height":64,"visible_bounds_width":4,"visible_bounds_height":5,"visible_bounds_offset":[0,1.5,0]},"bones":[{"name":"root","pivot":[0,0,0]},{"name":"bone","parent":"root","pivot":[0,0,0]},{"name":"light","parent":"bone","pivot":[0,32,0],"cubes":[{"origin":[-3,33,-6],"size":[6,6,0],"uv":{"north":{"uv":[0,0],"uv_size":[6,6]}}}]},{"name":"lightSource","parent":"light","pivot":[0,36,-6],"cubes":[{"origin":[-3,33,-34],"size":[6,6,28],"uv":{"east":{"uv":[0,63],"uv_size":[64,1]},"west":{"uv":[64,63],"uv_size":[-64,1]},"up":{"uv":[64,0],"uv_size":[-1,63]},"down":{"uv":[64,63],"uv_size":[-1,-63]}}}]},{"name":"stand","parent":"bone","pivot":[0,2,0],"rotation":[0,-45,0]}]}],"format_version":"1.12.0"}