{"minecraft:geometry":[{"description":{"identifier":"geometry.hive.replay.props.light.standing.light","texture_width":64,"texture_height":64,"visible_bounds_width":4,"visible_bounds_height":5,"visible_bounds_offset":[0,1.5,0]},"bones":[{"name":"root","pivot":[0,0,0]},{"name":"bone","parent":"root","pivot":[0,0,0],"cubes":[{"origin":[-1,0,-1],"size":[2,28,2],"uv":{"north":{"uv":[2,23],"uv_size":[2,28]},"east":{"uv":[0,23],"uv_size":[2,28]},"south":{"uv":[6,23],"uv_size":[2,28]},"west":{"uv":[4,23],"uv_size":[2,28]},"up":{"uv":[2,21],"uv_size":[2,2]},"down":{"uv":[4,23],"uv_size":[2,-2]}}},{"origin":[-6,28,-2],"size":[12,8,4],"uv":{"north":{"uv":[34,4],"uv_size":[12,8]},"east":{"uv":[30,4],"uv_size":[4,8]},"south":{"uv":[50,4],"uv_size":[12,8]},"west":{"uv":[46,4],"uv_size":[4,8]},"up":{"uv":[34,0],"uv_size":[12,4]},"down":{"uv":[46,4],"uv_size":[12,-4]}}}]},{"name":"light","parent":"bone","pivot":[0,32,0],"cubes":[{"origin":[-4,32,-6],"size":[8,8,13],"uv":{"north":{"uv":[13,13],"uv_size":[8,8]},"east":{"uv":[0,13],"uv_size":[13,8]},"south":{"uv":[34,13],"uv_size":[8,8]},"west":{"uv":[21,13],"uv_size":[13,8]},"up":{"uv":[13,0],"uv_size":[8,13]},"down":{"uv":[21,13],"uv_size":[8,-13]}}},{"origin":[-6,40,-6],"size":[12,7,0],"pivot":[0,40,-6],"rotation":[25,0,0],"uv":{"north":{"uv":[9,32],"uv_size":[12,7]},"east":{"uv":[9,32],"uv_size":[0,7]},"south":{"uv":[21,32],"uv_size":[12,7]},"west":{"uv":[21,32],"uv_size":[0,7]},"up":{"uv":[9,32],"uv_size":[12,0]},"down":{"uv":[21,32],"uv_size":[12,0]}}},{"origin":[4,30,-6],"size":[7,12,0],"pivot":[4,36,-6],"rotation":[0,25,0],"uv":{"north":{"uv":[16,40],"uv_size":[-7,12]},"east":{"uv":[16,40],"uv_size":[0,12]},"south":{"uv":[23,40],"uv_size":[-7,12]},"west":{"uv":[9,40],"uv_size":[0,12]},"up":{"uv":[16,40],"uv_size":[-7,0]},"down":{"uv":[23,40],"uv_size":[-7,0]}}},{"origin":[-6,25,-6],"size":[12,7,0],"pivot":[0,32,-6],"rotation":[-25,0,0],"uv":{"north":{"uv":[39,32],"uv_size":[12,7]},"east":{"uv":[40,32],"uv_size":[0,7]},"south":{"uv":[51,32],"uv_size":[12,7]},"west":{"uv":[52,32],"uv_size":[0,7]},"up":{"uv":[40,32],"uv_size":[12,0]},"down":{"uv":[52,32],"uv_size":[12,0]}}},{"origin":[-11,30,-6],"size":[7,12,0],"pivot":[-4,36,-6],"rotation":[0,-25,0],"uv":{"north":{"uv":[9,40],"uv_size":[7,12]},"east":{"uv":[9,40],"uv_size":[0,12]},"south":{"uv":[16,40],"uv_size":[7,12]},"west":{"uv":[16,40],"uv_size":[0,12]},"up":{"uv":[9,40],"uv_size":[7,0]},"down":{"uv":[16,40],"uv_size":[7,0]}}}]},{"name":"lightSource","parent":"light","pivot":[0,36,-6]},{"name":"stand","parent":"bone","pivot":[0,2,0],"rotation":[0,-45,0],"cubes":[{"origin":[-4,9,-4],"size":[8,2,8],"uv":{"north":{"uv":[17,30],"uv_size":[8,2]},"east":{"uv":[9,30],"uv_size":[8,2]},"south":{"uv":[33,30],"uv_size":[8,2]},"west":{"uv":[25,30],"uv_size":[8,2]},"up":{"uv":[17,22],"uv_size":[8,8]},"down":{"uv":[25,30],"uv_size":[8,-8]}}},{"origin":[-1,-2,-4],"size":[2,13,2],"pivot":[0,11,-4],"rotation":[-30,0,0],"uv":{"north":{"uv":[55,15],"uv_size":[2,13]},"east":{"uv":[53,15],"uv_size":[2,13]},"south":{"uv":[59,15],"uv_size":[2,13]},"west":{"uv":[57,15],"uv_size":[2,13]},"up":{"uv":[55,13],"uv_size":[2,2]},"down":{"uv":[57,15],"uv_size":[2,-2]}}},{"origin":[-1,-2,2],"size":[2,13,2],"pivot":[0,11,4],"rotation":[30,0,0],"uv":{"north":{"uv":[55,50],"uv_size":[2,13]},"east":{"uv":[53,50],"uv_size":[2,13]},"south":{"uv":[59,50],"uv_size":[2,13]},"west":{"uv":[57,50],"uv_size":[2,13]},"up":{"uv":[55,48],"uv_size":[2,2]},"down":{"uv":[57,50],"uv_size":[2,-2]}}},{"origin":[-4,-2,-1],"size":[2,13,2],"pivot":[-4,11,0],"rotation":[0,0,30],"uv":{"north":{"uv":[45,15],"uv_size":[2,13]},"east":{"uv":[43,15],"uv_size":[2,13]},"south":{"uv":[49,15],"uv_size":[2,13]},"west":{"uv":[47,15],"uv_size":[2,13]},"up":{"uv":[45,13],"uv_size":[2,2]},"down":{"uv":[47,15],"uv_size":[2,-2]}}},{"origin":[2,-2,-1],"size":[2,13,2],"pivot":[4,11,0],"rotation":[0,0,-30],"uv":{"north":{"uv":[47,15],"uv_size":[-2,13]},"east":{"uv":[49,15],"uv_size":[-2,13]},"south":{"uv":[51,15],"uv_size":[-2,13]},"west":{"uv":[45,15],"uv_size":[-2,13]},"up":{"uv":[47,13],"uv_size":[-2,2]},"down":{"uv":[49,15],"uv_size":[-2,-2]}}},{"origin":[-8,0,0],"size":[7,9,0],"uv":{"north":{"uv":[0,52],"uv_size":[7,9]},"east":{"uv":[0,52],"uv_size":[0,9]},"south":{"uv":[7,52],"uv_size":[7,9]},"west":{"uv":[7,52],"uv_size":[0,9]},"up":{"uv":[0,52],"uv_size":[7,0]},"down":{"uv":[7,52],"uv_size":[7,0]}}},{"origin":[1,0,0],"size":[7,9,0],"uv":{"north":{"uv":[7,52],"uv_size":[-7,9]},"east":{"uv":[7,52],"uv_size":[0,9]},"south":{"uv":[14,52],"uv_size":[-7,9]},"west":{"uv":[0,52],"uv_size":[0,9]},"up":{"uv":[7,52],"uv_size":[-7,0]},"down":{"uv":[14,52],"uv_size":[-7,0]}}},{"origin":[0,0,-8],"size":[0,9,7],"uv":{"north":{"uv":[24,52],"uv_size":[0,9]},"east":{"uv":[17,52],"uv_size":[7,9]},"south":{"uv":[31,52],"uv_size":[0,9]},"west":{"uv":[24,52],"uv_size":[7,9]},"up":{"uv":[24,45],"uv_size":[0,7]},"down":{"uv":[24,52],"uv_size":[0,-7]}}},{"origin":[0,0,1],"size":[0,9,7],"uv":{"north":{"uv":[7,52],"uv_size":[0,9]},"east":{"uv":[0,52],"uv_size":[7,9]},"south":{"uv":[14,52],"uv_size":[0,9]},"west":{"uv":[7,52],"uv_size":[7,9]},"up":{"uv":[7,45],"uv_size":[0,7]},"down":{"uv":[7,52],"uv_size":[0,-7]}}}]}]}],"format_version":"1.12.0"}