{"format_version":"1.12.0","minecraft:geometry":[{"description":{"identifier":"geometry.hive.common.boombox.default","texture_width":64,"texture_height":64,"visible_bounds_width":2,"visible_bounds_height":2,"visible_bounds_offset":[0,1,0]},"bones":[{"name":"root","pivot":[0,0,0],"cubes":[{"origin":[-7,0,-7],"size":[14,14,14],"uv":[0,0]},{"origin":[-8,0,-8],"size":[4,15,4],"uv":[0,28]},{"origin":[-8,0,4],"size":[4,15,4],"uv":[17,28]},{"origin":[4,0,-8],"size":[4,15,4],"uv":[0,28],"mirror":true},{"origin":[4,0,4],"size":[4,15,4],"uv":[17,28],"mirror":true},{"origin":[-2,14,-2],"size":[4,2,4],"uv":[0,48]},{"origin":[-0.5,16,0],"size":[1,2,0],"uv":[18,52]}]}]}]}