{"format_version":"1.10.0","particle_effect":{"description":{"identifier":"hivepets:witch_cat_green","basic_render_parameters":{"material":"particles_alpha","texture":"textures/particle/particles"}},"components":{"minecraft:emitter_rate_steady":{"spawn_rate":5,"max_particles":100},"minecraft:emitter_lifetime_looping":{"active_time":1},"minecraft:emitter_shape_disc":{"radius":0.3,"surface_only":true,"direction":["math.random(-1,1)",2,1]},"minecraft:particle_lifetime_expression":{"max_lifetime":1},"minecraft:particle_initial_speed":1,"minecraft:particle_motion_dynamic":{"linear_acceleration":[0,0.5,0]},"minecraft:particle_appearance_billboard":{"size":["variable.particle_age \u003c 0.25 ? variable.particle_age*0.1 : (variable.particle_age \u003c 0.75 ? 0.05 : (1-(variable.particle_age/variable.particle_lifetime))*0.2)","variable.particle_age \u003c 0.25 ? variable.particle_age*0.1 : (variable.particle_age \u003c 0.75 ? 0.05 : (1-(variable.particle_age/variable.particle_lifetime))*0.2)"],"facing_camera_mode":"rotate_xyz","uv":{"texture_width":128,"texture_height":128,"flipbook":{"base_UV":[16,0],"size_UV":[8,8],"step_UV":[8,0],"frames_per_second":8,"max_frame":6}}},"minecraft:particle_appearance_tinting":{"color":{"interpolant":"variable.particle_age","gradient":{"0.0":"#FF46C16F","1.5":"#FF247F64"}}}}}}