{"format_version":"1.12.0","minecraft:geometry":[{"description":{"identifier":"geometry.hive.replay.logo","texture_width":64,"texture_height":64,"visible_bounds_width":4,"visible_bounds_height":5,"visible_bounds_offset":[0,1.5,0]},"bones":[{"name":"root","pivot":[0,0,0]},{"name":"pos1","parent":"root","pivot":[-2,0,7.25]},{"name":"bone","parent":"pos1","pivot":[-2,3,6.25]},{"name":"clapper","parent":"bone","pivot":[-1,0,6.25],"cubes":[{"origin":[-6,0,5.25],"size":[8,5,2],"uv":{"north":{"uv":[10,28],"uv_size":[-8,5]},"east":{"uv":[12,28],"uv_size":[-2,5]},"south":{"uv":[20,28],"uv_size":[-8,5]},"west":{"uv":[2,28],"uv_size":[-2,5]},"up":{"uv":[10,26],"uv_size":[-8,2]},"down":{"uv":[18,28],"uv_size":[-8,-2]}}}]},{"name":"top","parent":"clapper","pivot":[2,5,6.25],"rotation":[0,0,17.5],"cubes":[{"origin":[-6,5,5.25],"size":[8,2,2],"uv":{"north":{"uv":[2,24],"uv_size":[8,2]},"east":{"uv":[0,24],"uv_size":[2,2]},"south":{"uv":[12,24],"uv_size":[8,2]},"west":{"uv":[10,24],"uv_size":[2,2]},"up":{"uv":[2,22],"uv_size":[8,2]},"down":{"uv":[10,24],"uv_size":[8,-2]}}}]},{"name":"text","parent":"root","pivot":[0,0,0]},{"name":"cinema","parent":"text","pivot":[0,0,0],"cubes":[{"origin":[19,4,-4],"size":[1,2,3],"uv":{"north":{"uv":[42,15],"uv_size":[1,2]},"east":{"uv":[51,11],"uv_size":[3,2]},"south":{"uv":[51,11],"uv_size":[1,2]},"west":{"uv":[51,11],"uv_size":[3,2]},"up":{"uv":[51,11],"uv_size":[1,3]},"down":{"uv":[51,14],"uv_size":[1,-3]}}},{"origin":[-23,0,-4],"size":[3,10,3],"uv":{"north":{"uv":[0,11],"uv_size":[3,10]},"east":{"uv":[51,11],"uv_size":[3,10]},"south":{"uv":[51,11],"uv_size":[3,10]},"west":{"uv":[51,11],"uv_size":[3,10]},"up":{"uv":[51,11],"uv_size":[3,3]},"down":{"uv":[51,14],"uv_size":[3,-3]}}},{"origin":[-12,0,-4],"size":[3,10,3],"uv":{"north":{"uv":[11,11],"uv_size":[3,10]},"east":{"uv":[51,11],"uv_size":[3,10]},"south":{"uv":[51,11],"uv_size":[3,10]},"west":{"uv":[51,11],"uv_size":[3,10]},"up":{"uv":[51,11],"uv_size":[3,3]},"down":{"uv":[51,14],"uv_size":[3,-3]}}},{"origin":[-7,0,-4],"size":[3,10,3],"uv":{"north":{"uv":[16,11],"uv_size":[3,10]},"east":{"uv":[51,11],"uv_size":[3,10]},"south":{"uv":[51,11],"uv_size":[3,10]},"west":{"uv":[51,11],"uv_size":[3,10]},"up":{"uv":[51,11],"uv_size":[3,3]},"down":{"uv":[51,14],"uv_size":[3,-3]}}},{"origin":[-9,4,-4],"size":[1,4,3],"uv":{"north":{"uv":[14,13],"uv_size":[1,4]},"east":{"uv":[51,11],"uv_size":[3,4]},"south":{"uv":[51,11],"uv_size":[1,4]},"west":{"uv":[51,11],"uv_size":[3,4]},"up":{"uv":[51,11],"uv_size":[1,3]},"down":{"uv":[51,14],"uv_size":[1,-3]}}},{"origin":[8,4,-4],"size":[1,4,3],"uv":{"north":{"uv":[31,13],"uv_size":[1,4]},"east":{"uv":[51,11],"uv_size":[3,4]},"south":{"uv":[51,11],"uv_size":[1,4]},"west":{"uv":[51,11],"uv_size":[3,4]},"up":{"uv":[51,11],"uv_size":[1,3]},"down":{"uv":[51,14],"uv_size":[1,-3]}}},{"origin":[11,4,-4],"size":[1,4,3],"uv":{"north":{"uv":[34,13],"uv_size":[1,4]},"east":{"uv":[51,11],"uv_size":[3,4]},"south":{"uv":[51,11],"uv_size":[1,4]},"west":{"uv":[51,11],"uv_size":[3,4]},"up":{"uv":[51,11],"uv_size":[1,3]},"down":{"uv":[51,14],"uv_size":[1,-3]}}},{"origin":[-8,2,-4],"size":[1,4,3],"uv":{"north":{"uv":[15,15],"uv_size":[1,4]},"east":{"uv":[51,11],"uv_size":[3,4]},"south":{"uv":[51,11],"uv_size":[1,4]},"west":{"uv":[51,11],"uv_size":[3,4]},"up":{"uv":[51,11],"uv_size":[1,3]},"down":{"uv":[51,14],"uv_size":[1,-3]}}},{"origin":[-16,0,-4],"size":[3,10,3],"uv":{"north":{"uv":[7,11],"uv_size":[3,10]},"east":{"uv":[51,11],"uv_size":[3,10]},"south":{"uv":[51,11],"uv_size":[3,10]},"west":{"uv":[51,11],"uv_size":[3,10]},"up":{"uv":[51,11],"uv_size":[3,3]},"down":{"uv":[51,14],"uv_size":[3,-3]}}},{"origin":[9,2,-4],"size":[2,4,3],"uv":{"north":{"uv":[32,15],"uv_size":[2,4]},"east":{"uv":[51,11],"uv_size":[3,4]},"south":{"uv":[51,11],"uv_size":[2,4]},"west":{"uv":[51,11],"uv_size":[3,4]},"up":{"uv":[51,11],"uv_size":[2,3]},"down":{"uv":[51,14],"uv_size":[2,-3]}}},{"origin":[0,0,-4],"size":[4,2,3],"uv":{"north":{"uv":[23,19],"uv_size":[4,2]},"east":{"uv":[51,11],"uv_size":[3,2]},"south":{"uv":[51,11],"uv_size":[4,2]},"west":{"uv":[51,11],"uv_size":[3,2]},"up":{"uv":[51,11],"uv_size":[4,3]},"down":{"uv":[51,14],"uv_size":[4,-3]}}},{"origin":[-3,0,-4],"size":[3,10,3],"uv":{"north":{"uv":[20,11],"uv_size":[3,10]},"east":{"uv":[51,11],"uv_size":[3,10]},"south":{"uv":[51,11],"uv_size":[3,10]},"west":{"uv":[51,11],"uv_size":[3,10]},"up":{"uv":[51,11],"uv_size":[3,3]},"down":{"uv":[51,14],"uv_size":[3,-3]}}},{"origin":[5,0,-4],"size":[3,10,3],"uv":{"north":{"uv":[28,11],"uv_size":[3,10]},"east":{"uv":[51,11],"uv_size":[3,10]},"south":{"uv":[51,11],"uv_size":[3,10]},"west":{"uv":[51,11],"uv_size":[3,10]},"up":{"uv":[51,11],"uv_size":[3,3]},"down":{"uv":[51,14],"uv_size":[3,-3]}}},{"origin":[12,0,-4],"size":[3,10,3],"uv":{"north":{"uv":[35,11],"uv_size":[3,10]},"east":{"uv":[51,11],"uv_size":[3,10]},"south":{"uv":[51,11],"uv_size":[3,10]},"west":{"uv":[51,11],"uv_size":[3,10]},"up":{"uv":[51,11],"uv_size":[3,3]},"down":{"uv":[51,14],"uv_size":[3,-3]}}},{"origin":[0,8,-4],"size":[4,2,3],"uv":{"north":{"uv":[23,11],"uv_size":[4,2]},"east":{"uv":[51,11],"uv_size":[3,2]},"south":{"uv":[51,11],"uv_size":[4,2]},"west":{"uv":[51,11],"uv_size":[3,2]},"up":{"uv":[51,11],"uv_size":[4,3]},"down":{"uv":[51,14],"uv_size":[4,-3]}}},{"origin":[0,4,-4],"size":[3,2,3],"uv":{"north":{"uv":[23,15],"uv_size":[3,2]},"east":{"uv":[51,11],"uv_size":[3,2]},"south":{"uv":[51,11],"uv_size":[3,2]},"west":{"uv":[51,11],"uv_size":[3,2]},"up":{"uv":[51,11],"uv_size":[3,3]},"down":{"uv":[51,14],"uv_size":[3,-3]}}},{"origin":[-20,8,-4],"size":[3,2,3],"uv":{"north":{"uv":[3,11],"uv_size":[3,2]},"east":{"uv":[51,11],"uv_size":[3,2]},"south":{"uv":[51,11],"uv_size":[3,2]},"west":{"uv":[51,11],"uv_size":[3,2]},"up":{"uv":[51,11],"uv_size":[3,3]},"down":{"uv":[51,14],"uv_size":[3,-3]}}},{"origin":[-20,0,-4],"size":[3,2,3],"uv":{"north":{"uv":[3,19],"uv_size":[3,2]},"east":{"uv":[51,11],"uv_size":[3,2]},"south":{"uv":[51,11],"uv_size":[3,2]},"west":{"uv":[51,11],"uv_size":[3,2]},"up":{"uv":[51,11],"uv_size":[3,3]},"down":{"uv":[51,14],"uv_size":[3,-3]}}},{"origin":[16,0,-4],"size":[3,10,3],"uv":{"north":{"uv":[39,11],"uv_size":[3,10]},"east":{"uv":[51,11],"uv_size":[3,10]},"south":{"uv":[51,11],"uv_size":[3,10]},"west":{"uv":[51,11],"uv_size":[3,10]},"up":{"uv":[51,11],"uv_size":[3,3]},"down":{"uv":[51,14],"uv_size":[3,-3]}}},{"origin":[20,0,-4],"size":[3,10,3],"uv":{"north":{"uv":[43,11],"uv_size":[3,10]},"east":{"uv":[51,11],"uv_size":[3,10]},"south":{"uv":[51,11],"uv_size":[3,10]},"west":{"uv":[51,11],"uv_size":[3,10]},"up":{"uv":[51,11],"uv_size":[3,3]},"down":{"uv":[51,14],"uv_size":[3,-3]}}},{"origin":[19,8,-4],"size":[1,2,3],"uv":{"north":{"uv":[42,11],"uv_size":[1,2]},"east":{"uv":[51,11],"uv_size":[3,2]},"south":{"uv":[51,11],"uv_size":[1,2]},"west":{"uv":[51,11],"uv_size":[3,2]},"up":{"uv":[51,11],"uv_size":[1,3]},"down":{"uv":[51,14],"uv_size":[1,-3]}}}]},{"name":"replay","parent":"text","pivot":[0,11,0],"cubes":[{"origin":[18,11,-4],"size":[3,5,3],"uv":{"north":{"uv":[41,5],"uv_size":[3,5]},"east":{"uv":[51,0],"uv_size":[3,5]},"south":{"uv":[51,0],"uv_size":[3,5]},"west":{"uv":[51,0],"uv_size":[3,5]},"up":{"uv":[51,0],"uv_size":[3,3]},"down":{"uv":[51,3],"uv_size":[3,-3]}}},{"origin":[20,16,-4],"size":[3,5,3],"uv":{"north":{"uv":[43,0],"uv_size":[3,5]},"east":{"uv":[51,0],"uv_size":[3,5]},"south":{"uv":[51,0],"uv_size":[3,5]},"west":{"uv":[51,0],"uv_size":[3,5]},"up":{"uv":[51,0],"uv_size":[3,3]},"down":{"uv":[51,3],"uv_size":[3,-3]}}},{"origin":[16,16,-4],"size":[3,5,3],"uv":{"north":{"uv":[39,0],"uv_size":[3,5]},"east":{"uv":[51,0],"uv_size":[3,5]},"south":{"uv":[51,0],"uv_size":[3,5]},"west":{"uv":[51,0],"uv_size":[3,5]},"up":{"uv":[51,0],"uv_size":[3,3]},"down":{"uv":[51,3],"uv_size":[3,-3]}}},{"origin":[19,16,-4],"size":[1,2,3],"uv":{"north":{"uv":[42,3],"uv_size":[1,2]},"east":{"uv":[51,0],"uv_size":[3,2]},"south":{"uv":[51,0],"uv_size":[1,2]},"west":{"uv":[51,0],"uv_size":[3,2]},"up":{"uv":[51,0],"uv_size":[1,3]},"down":{"uv":[51,3],"uv_size":[1,-3]}}},{"origin":[12,11,-4],"size":[3,10,3],"uv":{"north":{"uv":[35,0],"uv_size":[3,10]},"east":{"uv":[51,0],"uv_size":[3,10]},"south":{"uv":[51,0],"uv_size":[3,10]},"west":{"uv":[51,0],"uv_size":[3,10]},"up":{"uv":[51,0],"uv_size":[3,3]},"down":{"uv":[51,3],"uv_size":[3,-3]}}},{"origin":[11,19,-4],"size":[1,2,3],"uv":{"north":{"uv":[34,0],"uv_size":[1,2]},"east":{"uv":[51,0],"uv_size":[3,2]},"south":{"uv":[51,0],"uv_size":[1,2]},"west":{"uv":[51,0],"uv_size":[3,2]},"up":{"uv":[51,0],"uv_size":[1,3]},"down":{"uv":[51,3],"uv_size":[1,-3]}}},{"origin":[8,11,-4],"size":[3,10,3],"uv":{"north":{"uv":[31,0],"uv_size":[3,10]},"east":{"uv":[51,0],"uv_size":[3,10]},"south":{"uv":[51,0],"uv_size":[3,10]},"west":{"uv":[51,0],"uv_size":[3,10]},"up":{"uv":[51,0],"uv_size":[3,3]},"down":{"uv":[51,3],"uv_size":[3,-3]}}},{"origin":[11,15,-4],"size":[1,2,3],"uv":{"north":{"uv":[34,4],"uv_size":[1,2]},"east":{"uv":[51,0],"uv_size":[3,2]},"south":{"uv":[51,0],"uv_size":[1,2]},"west":{"uv":[51,0],"uv_size":[3,2]},"up":{"uv":[51,0],"uv_size":[1,3]},"down":{"uv":[51,3],"uv_size":[1,-3]}}},{"origin":[4,11,-4],"size":[3,2,3],"uv":{"north":{"uv":[27,8],"uv_size":[3,2]},"east":{"uv":[51,0],"uv_size":[3,2]},"south":{"uv":[51,0],"uv_size":[3,2]},"west":{"uv":[51,0],"uv_size":[3,2]},"up":{"uv":[51,0],"uv_size":[3,3]},"down":{"uv":[51,3],"uv_size":[3,-3]}}},{"origin":[1,11,-4],"size":[3,10,3],"uv":{"north":{"uv":[24,0],"uv_size":[3,10]},"east":{"uv":[51,0],"uv_size":[3,10]},"south":{"uv":[51,0],"uv_size":[3,10]},"west":{"uv":[51,0],"uv_size":[3,10]},"up":{"uv":[51,0],"uv_size":[3,3]},"down":{"uv":[51,3],"uv_size":[3,-3]}}},{"origin":[-3,15,-4],"size":[3,6,3],"uv":{"north":{"uv":[20,0],"uv_size":[3,6]},"east":{"uv":[51,0],"uv_size":[3,6]},"south":{"uv":[51,0],"uv_size":[3,6]},"west":{"uv":[51,0],"uv_size":[3,6]},"up":{"uv":[51,0],"uv_size":[3,3]},"down":{"uv":[51,3],"uv_size":[3,-3]}}},{"origin":[-4,15,-4],"size":[1,2,3],"uv":{"north":{"uv":[19,4],"uv_size":[1,2]},"east":{"uv":[51,0],"uv_size":[3,2]},"south":{"uv":[51,0],"uv_size":[1,2]},"west":{"uv":[51,0],"uv_size":[3,2]},"up":{"uv":[51,0],"uv_size":[1,3]},"down":{"uv":[51,3],"uv_size":[1,-3]}}},{"origin":[-7,11,-4],"size":[3,10,3],"uv":{"north":{"uv":[16,0],"uv_size":[3,10]},"east":{"uv":[51,0],"uv_size":[3,10]},"south":{"uv":[51,0],"uv_size":[3,10]},"west":{"uv":[51,0],"uv_size":[3,10]},"up":{"uv":[51,0],"uv_size":[3,3]},"down":{"uv":[51,3],"uv_size":[3,-3]}}},{"origin":[-4,19,-4],"size":[1,2,3],"uv":{"north":{"uv":[19,0],"uv_size":[1,2]},"east":{"uv":[51,0],"uv_size":[3,2]},"south":{"uv":[51,0],"uv_size":[1,2]},"west":{"uv":[51,0],"uv_size":[3,2]},"up":{"uv":[51,0],"uv_size":[1,3]},"down":{"uv":[51,3],"uv_size":[1,-3]}}},{"origin":[-12,19,-4],"size":[4,2,3],"uv":{"north":{"uv":[11,0],"uv_size":[4,2]},"east":{"uv":[51,0],"uv_size":[3,2]},"south":{"uv":[51,0],"uv_size":[4,2]},"west":{"uv":[51,0],"uv_size":[3,2]},"up":{"uv":[51,0],"uv_size":[4,3]},"down":{"uv":[51,3],"uv_size":[4,-3]}}},{"origin":[-15,11,-4],"size":[3,10,3],"uv":{"north":{"uv":[8,0],"uv_size":[3,10]},"east":{"uv":[51,0],"uv_size":[3,10]},"south":{"uv":[51,0],"uv_size":[3,10]},"west":{"uv":[51,0],"uv_size":[3,10]},"up":{"uv":[51,0],"uv_size":[3,3]},"down":{"uv":[51,3],"uv_size":[3,-3]}}},{"origin":[-12,15,-4],"size":[3,2,3],"uv":{"north":{"uv":[11,4],"uv_size":[3,2]},"east":{"uv":[51,0],"uv_size":[3,2]},"south":{"uv":[51,0],"uv_size":[3,2]},"west":{"uv":[51,0],"uv_size":[3,2]},"up":{"uv":[51,0],"uv_size":[3,3]},"down":{"uv":[51,3],"uv_size":[3,-3]}}},{"origin":[-12,11,-4],"size":[4,2,3],"uv":{"north":{"uv":[11,8],"uv_size":[4,2]},"east":{"uv":[51,0],"uv_size":[3,2]},"south":{"uv":[51,0],"uv_size":[4,2]},"west":{"uv":[51,0],"uv_size":[3,2]},"up":{"uv":[51,0],"uv_size":[4,3]},"down":{"uv":[51,3],"uv_size":[4,-3]}}},{"origin":[-19,11,-4],"size":[3,5,3],"uv":{"north":{"uv":[4,5],"uv_size":[3,5]},"east":{"uv":[51,0],"uv_size":[3,5]},"south":{"uv":[51,0],"uv_size":[3,5]},"west":{"uv":[51,0],"uv_size":[3,5]},"up":{"uv":[51,0],"uv_size":[3,3]},"down":{"uv":[51,3],"uv_size":[3,-3]}}},{"origin":[-19,17,-4],"size":[3,4,3],"uv":{"north":{"uv":[4,0],"uv_size":[3,4]},"east":{"uv":[51,0],"uv_size":[3,4]},"south":{"uv":[51,0],"uv_size":[3,4]},"west":{"uv":[51,0],"uv_size":[3,4]},"up":{"uv":[51,0],"uv_size":[3,3]},"down":{"uv":[51,3],"uv_size":[3,-3]}}},{"origin":[-19,16,-4],"size":[2,1,3],"uv":{"north":{"uv":[4,4],"uv_size":[2,1]},"east":{"uv":[51,0],"uv_size":[3,1]},"south":{"uv":[51,0],"uv_size":[2,1]},"west":{"uv":[51,0],"uv_size":[3,1]},"up":{"uv":[51,0],"uv_size":[2,3]},"down":{"uv":[51,3],"uv_size":[2,-3]}}},{"origin":[-20,15,-4],"size":[1,2,3],"uv":{"north":{"uv":[3,4],"uv_size":[1,2]},"south":{"uv":[51,0],"uv_size":[1,2]},"up":{"uv":[51,0],"uv_size":[1,3]},"down":{"uv":[51,3],"uv_size":[1,-3]}}},{"origin":[-23,11,-4],"size":[3,10,3],"uv":{"north":{"uv":[0,0],"uv_size":[3,10]},"east":{"uv":[51,0],"uv_size":[3,10]},"south":{"uv":[51,0],"uv_size":[3,10]},"west":{"uv":[51,0],"uv_size":[3,10]},"up":{"uv":[51,0],"uv_size":[3,3]},"down":{"uv":[51,3],"uv_size":[3,-3]}}},{"origin":[-20,19,-4],"size":[1,2,3],"uv":{"north":{"uv":[3,0],"uv_size":[1,2]},"east":{"uv":[51,0],"uv_size":[3,2]},"south":{"uv":[51,0],"uv_size":[1,2]},"west":{"uv":[51,0],"uv_size":[3,2]},"up":{"uv":[51,0],"uv_size":[1,3]},"down":{"uv":[51,0],"uv_size":[1,3]}}}]}]}]}