{"format_version":"1.10.0","animation_controllers":{"controller.animation.hive.ctf.flag.idle":{"states":{"default":{"animations":["idle"],"transitions":[{"curse":"query.is_tamed"}]},"curse":{"animations":["idle"],"particle_effects":[{"effect":"curse"}],"transitions":[{"default":"!query.is_tamed"}]}}},"controller.animation.hive.ctf.flag.spawn":{"states":{"default":{"animations":["spawn_wait"],"transitions":[{"none":"query.mark_variant \u003d\u003d 0"},{"base":"query.mark_variant \u003d\u003d 1"},{"up":"query.mark_variant \u003d\u003d 2"}]},"base":{"animations":["spawn_base"]},"up":{"animations":["spawn_up"]},"none":{}}}}}