{"format_version":"1.10.0","animation_controllers":{"controller.animation.hive.ctf.icon.idle":{"states":{"default":{"animations":["pulse","face"]}}},"controller.animation.hive.ctf.icon.normal":{"states":{"default":{"animations":["spawn"]}}},"controller.animation.hive.ctf.icon.distance":{"states":{"default":{"transitions":[{"visible":"query.distance_from_camera \u003e 10"},{"hidden_hold":"query.distance_from_camera \u003c\u003d 10"}]},"visible":{"animations":["spawn"],"transitions":[{"hidden":"query.distance_from_camera \u003c\u003d 10"}]},"hidden":{"animations":["despawn"],"transitions":[{"hidden_hold":"query.all_animations_finished"}]},"hidden_hold":{"animations":["despawn_hold"],"transitions":[{"visible":"query.distance_from_camera \u003e 10"}]}}}}}