{"format_version":"1.10.0","animation_controllers":{"controller.animation.hive.ctf.item.station.idle":{"states":{"default":{"animations":["spawn","idle"]}}},"controller.animation.hive.ctf.item.station.proximity":{"states":{"default":{"transitions":[{"enter_hold":"query.distance_from_camera \u003c\u003d 16"},{"leave_hold":"query.distance_from_camera \u003e 16"}]},"enter_hold":{"animations":["proximity_enter_hold"],"transitions":[{"leave":"query.distance_from_camera \u003e 16"}]},"leave":{"animations":["proximity_leave"],"transitions":[{"leave_hold":"query.all_animations_finished"}]},"leave_hold":{"animations":["proximity_leave_hold"],"transitions":[{"enter":"query.distance_from_camera \u003c\u003d 16"}]},"enter":{"animations":["proximity_enter"],"transitions":[{"enter_hold":"query.all_animations_finished"}]}}},"controller.animation.hive.ctf.item.station.interact":{"states":{"default":{"transitions":[{"interact":"query.is_tamed"}]},"interact":{"animations":["interact"],"transitions":[{"default":"query.all_animations_finished"}]}}},"controller.animation.hive.ctf.item.station.use":{"states":{"default":{"transitions":[{"use":"query.is_baby"}]},"use":{"animations":["use2"],"transitions":[{"default":"query.all_animations_finished"}]}}}}}