{"format_version":"1.10.0","animation_controllers":{"controller.animation.hive.ctf.launchpad.launch":{"states":{"default":{"transitions":[{"launch":"query.is_tamed"}]},"launch":{"animations":["launch"],"transitions":[{"default":"query.all_animations_finished"}]}}},"controller.animation.hive.ctf.launchpad.launch.particles":{"states":{"default":{"transitions":[{"launch":"query.is_tamed"}]},"launch":{"animations":["launch"],"particle_effects":[{"effect":"launch"}],"transitions":[{"default":"query.all_animations_finished"}]}}}}}