{"format_version":"1.10.0","animation_controllers":{"controller.animation.hive.ctf.spring.activate":{"states":{"default":{"transitions":[{"activate":"query.is_tamed"}]},"activate":{"animations":["activate"],"transitions":[{"default":"query.all_animations_finished"}]}}},"controller.animation.hive.ctf.spring.activate.particles":{"states":{"default":{"transitions":[{"activate":"query.is_tamed"}]},"activate":{"animations":["activate"],"particle_effects":[{"effect":"activate"}],"transitions":[{"default":"query.all_animations_finished"}]}}}}}