{"format_version":"1.12.0","minecraft:geometry":[{"description":{"identifier":"geometry.hive.mounts.cruiser","texture_width":176,"texture_height":128,"visible_bounds_width":10,"visible_bounds_height":5,"visible_bounds_offset":[0,1.5,0]},"bones":[{"name":"root","pivot":[0,13,0]},{"name":"seats","parent":"root","pivot":[0,12,0],"cubes":[{"origin":[-16,13,-10],"size":[13,3,12],"uv":{"north":{"uv":[140,66],"uv_size":[13,3]},"east":{"uv":[140,63],"uv_size":[12,3]},"south":{"uv":[153,66],"uv_size":[13,3]},"west":{"uv":[152,63],"uv_size":[12,3]},"up":{"uv":[158,35],"uv_size":[13,12]}}},{"origin":[-16,16,-1],"size":[13,15,3],"pivot":[-8,16,-1],"rotation":[-5,0,0],"uv":{"north":{"uv":[45,3],"uv_size":[13,15]},"east":{"uv":[42,3],"uv_size":[3,15]},"south":{"uv":[61,3],"uv_size":[13,15]},"west":{"uv":[58,3],"uv_size":[3,15]},"up":{"uv":[45,0],"uv_size":[13,3]}}},{"origin":[-16,13,9],"size":[16,3,12],"uv":{"north":{"uv":[152,32],"uv_size":[16,3]},"east":{"uv":[140,32],"uv_size":[12,3]},"south":{"uv":[156,20],"uv_size":[16,3]},"up":{"uv":[140,20],"uv_size":[16,12]}}},{"origin":[-16,16,18],"size":[16,15,3],"pivot":[-8,16,18],"rotation":[-5,0,0],"uv":{"north":{"uv":[143,72],"uv_size":[16,15]},"east":{"uv":[140,72],"uv_size":[3,15]},"south":{"uv":[159,69],"uv_size":[16,15]},"up":{"uv":[143,69],"uv_size":[16,3]}}},{"origin":[0,16,18],"size":[16,15,3],"pivot":[8,16,18],"rotation":[-5,0,0],"uv":{"north":{"uv":[159,72],"uv_size":[-16,15]},"south":{"uv":[175,69],"uv_size":[-16,15]},"west":{"uv":[143,72],"uv_size":[-3,15]},"up":{"uv":[159,69],"uv_size":[-16,3]}}},{"origin":[3,13,-10],"size":[13,3,12],"uv":{"north":{"uv":[153,66],"uv_size":[-13,3]},"east":{"uv":[164,63],"uv_size":[-12,3]},"south":{"uv":[166,66],"uv_size":[-13,3]},"west":{"uv":[152,63],"uv_size":[-12,3]},"up":{"uv":[171,35],"uv_size":[-13,12]}}},{"origin":[3,16,-1],"size":[13,15,3],"pivot":[8,16,-1],"rotation":[-5,0,0],"uv":{"north":{"uv":[58,3],"uv_size":[-13,15]},"east":{"uv":[61,3],"uv_size":[-3,15]},"south":{"uv":[74,3],"uv_size":[-13,15]},"west":{"uv":[45,3],"uv_size":[-3,15]},"up":{"uv":[58,0],"uv_size":[-13,3]}}},{"origin":[0,13,9],"size":[16,3,12],"uv":{"north":{"uv":[168,32],"uv_size":[-16,3]},"south":{"uv":[172,20],"uv_size":[-16,3]},"west":{"uv":[152,32],"uv_size":[-12,3]},"up":{"uv":[156,20],"uv_size":[-16,12]}}}]},{"name":"car","parent":"root","pivot":[0,12,0],"cubes":[{"origin":[-20,12,-44],"size":[20,10,22],"uv":{"north":{"uv":[22,22],"uv_size":[20,10]},"east":{"uv":[0,22],"uv_size":[22,10]},"up":{"uv":[22,0],"uv_size":[20,22]}}},{"origin":[-15,12,29],"size":[15,9,19],"uv":{"south":{"uv":[0,65],"uv_size":[15,9]},"up":{"uv":[0,82],"uv_size":[15,19]}}},{"origin":[-18,12,23],"size":[18,14,7],"uv":{"north":{"uv":[140,35],"uv_size":[18,14]},"south":{"uv":[131,105],"uv_size":[18,14]},"up":{"uv":[156,23],"uv_size":[18,7]}}},{"origin":[-22,12,-22],"size":[22,14,3],"uv":{"north":{"uv":[74,39],"uv_size":[22,14]},"east":{"uv":[87,21],"uv_size":[3,14]},"south":{"uv":[74,53],"uv_size":[22,14]},"up":{"uv":[42,43],"uv_size":[22,3]}}},{"origin":[-22,12,-19],"size":[4,14,7],"uv":{"east":{"uv":[24,32],"uv_size":[7,14]},"south":{"uv":[38,32],"uv_size":[4,14]},"west":{"uv":[31,32],"uv_size":[7,14]},"up":{"uv":[14,10],"uv_size":[4,7]}}},{"origin":[-25,12,12],"size":[7,14,18],"uv":{"north":{"uv":[79,102],"uv_size":[7,14]},"east":{"uv":[15,110],"uv_size":[18,14]},"west":{"uv":[33,110],"uv_size":[18,14]},"up":{"uv":[65,102],"uv_size":[7,18]},"down":{"uv":[72,120],"uv_size":[7,-18]}}},{"origin":[-25,26,30],"size":[0,5,20],"uv":{"east":{"uv":[136,100],"uv_size":[20,5]}}},{"origin":[-18,20,-19],"size":[18,6,4],"uv":{"south":{"uv":[118,96],"uv_size":[18,6]},"up":{"uv":[140,92],"uv_size":[18,4]},"down":{"uv":[140,100],"uv_size":[18,-4]}}},{"origin":[-22,7,-46],"size":[22,5,96],"uv":{"north":{"uv":[96,96],"uv_size":[22,5]},"east":{"uv":[0,77],"uv_size":[96,5]},"south":{"uv":[140,87],"uv_size":[22,5]},"up":{"uv":[96,0],"uv_size":[22,96]},"down":{"uv":[118,96],"uv_size":[22,-96]}}},{"origin":[-13,7,-48],"size":[4,7,4],"uv":{"north":{"uv":[78,14],"uv_size":[4,7]},"east":{"uv":[74,14],"uv_size":[4,7]},"south":{"uv":[86,14],"uv_size":[4,7]},"west":{"uv":[82,14],"uv_size":[4,7]},"up":{"uv":[78,10],"uv_size":[4,4]},"down":{"uv":[82,14],"uv_size":[4,-4]}}},{"origin":[-13,7,48],"size":[4,7,4],"uv":{"north":{"uv":[12,36],"uv_size":[4,7]},"east":{"uv":[8,36],"uv_size":[4,7]},"south":{"uv":[20,36],"uv_size":[4,7]},"west":{"uv":[16,36],"uv_size":[4,7]},"up":{"uv":[12,32],"uv_size":[4,4]},"down":{"uv":[16,36],"uv_size":[4,-4]}}},{"origin":[-20,26,-20],"size":[20,14,5],"pivot":[0,26,-20],"rotation":[-17.5,0,0],"uv":{"north":{"uv":[145,49],"uv_size":[20,14]},"east":{"uv":[140,49],"uv_size":[5,14]}}},{"origin":[-18,36,-20.1],"size":[5,2,0],"pivot":[0,26,-20],"rotation":[-17.5,0,0],"uv":{"north":{"uv":[52,111],"uv_size":[5,2]},"east":{"uv":[140,49],"uv_size":[5,14]}}},{"origin":[0,26,-20],"size":[20,14,5],"pivot":[0,26,-20],"rotation":[-17.5,0,0],"uv":{"north":{"uv":[165,49],"uv_size":[-20,14]},"west":{"uv":[145,49],"uv_size":[-5,14]}}},{"origin":[0,12,-44],"size":[20,10,22],"uv":{"north":{"uv":[42,22],"uv_size":[-20,10]},"west":{"uv":[22,22],"uv_size":[-22,10]},"up":{"uv":[42,0],"uv_size":[-20,22]}}},{"origin":[0,12,29],"size":[15,9,19],"uv":{"south":{"uv":[15,65],"uv_size":[-15,9]},"up":{"uv":[15,82],"uv_size":[-15,19]}}},{"origin":[0,12,23],"size":[18,14,7],"uv":{"north":{"uv":[158,35],"uv_size":[-18,14]},"south":{"uv":[149,105],"uv_size":[-18,14]},"up":{"uv":[174,23],"uv_size":[-18,7]}}},{"origin":[0,12,-22],"size":[22,14,3],"uv":{"north":{"uv":[96,39],"uv_size":[-22,14]},"south":{"uv":[96,53],"uv_size":[-22,14]},"west":{"uv":[90,21],"uv_size":[-3,14]},"up":{"uv":[64,43],"uv_size":[-22,3]}}},{"origin":[18,12,-19],"size":[4,14,7],"uv":{"east":{"uv":[38,32],"uv_size":[-7,14]},"south":{"uv":[42,32],"uv_size":[-4,14]},"west":{"uv":[31,32],"uv_size":[-7,14]},"up":{"uv":[18,10],"uv_size":[-4,7]}}},{"origin":[18,12,12],"size":[7,14,18],"uv":{"north":{"uv":[86,102],"uv_size":[-7,14]},"east":{"uv":[51,110],"uv_size":[-18,14]},"west":{"uv":[33,110],"uv_size":[-18,14]},"up":{"uv":[72,102],"uv_size":[-7,18]},"down":{"uv":[79,120],"uv_size":[-7,-18]}}},{"origin":[25,26,30],"size":[0,5,20],"uv":{"west":{"uv":[156,100],"uv_size":[-20,5]}}},{"origin":[0,20,-19],"size":[18,6,4],"uv":{"south":{"uv":[131,114],"uv_size":[-18,6]},"up":{"uv":[158,92],"uv_size":[-18,4]},"down":{"uv":[158,100],"uv_size":[-18,-4]}}},{"origin":[0,7,-46],"size":[22,5,96],"uv":{"north":{"uv":[118,96],"uv_size":[-22,5]},"south":{"uv":[162,87],"uv_size":[-22,5]},"west":{"uv":[96,77],"uv_size":[-96,5]},"up":{"uv":[118,0],"uv_size":[-22,96]},"down":{"uv":[140,96],"uv_size":[-22,-96]}}},{"origin":[9,7,-48],"size":[4,7,4],"uv":{"north":{"uv":[82,14],"uv_size":[-4,7]},"east":{"uv":[86,14],"uv_size":[-4,7]},"south":{"uv":[90,14],"uv_size":[-4,7]},"west":{"uv":[78,14],"uv_size":[-4,7]},"up":{"uv":[82,10],"uv_size":[-4,4]},"down":{"uv":[86,14],"uv_size":[-4,-4]}}},{"origin":[9,7,48],"size":[4,7,4],"uv":{"north":{"uv":[16,36],"uv_size":[-4,7]},"east":{"uv":[20,36],"uv_size":[-4,7]},"south":{"uv":[24,36],"uv_size":[-4,7]},"west":{"uv":[12,36],"uv_size":[-4,7]},"up":{"uv":[16,32],"uv_size":[-4,4]},"down":{"uv":[20,36],"uv_size":[-4,-4]}}},{"origin":[-8,16,54],"size":[16,5,3],"uv":{"east":{"uv":[93,106],"uv_size":[3,5]},"west":{"uv":[96,106],"uv_size":[-3,5]},"up":{"uv":[96,113],"uv_size":[16,3]}}}]},{"name":"lights","parent":"car","pivot":[0,0,0],"cubes":[{"origin":[-25,12,30],"size":[10,14,20],"uv":{"east":{"uv":[15,96],"uv_size":[20,14]},"south":{"uv":[55,96],"uv_size":[10,14]},"west":{"uv":[35,96],"uv_size":[20,14]},"up":{"uv":[68,82],"uv_size":[10,20]},"down":{"uv":[78,102],"uv_size":[10,-20]}}},{"origin":[15,12,30],"size":[10,14,20],"uv":{"east":{"uv":[55,96],"uv_size":[-20,14]},"south":{"uv":[65,96],"uv_size":[-10,14]},"west":{"uv":[35,96],"uv_size":[-20,14]},"up":{"uv":[78,82],"uv_size":[-10,20]},"down":{"uv":[88,102],"uv_size":[-10,-20]}}},{"origin":[12,17,-47],"size":[10,9,25],"uv":{"north":{"uv":[74,39],"uv_size":[-10,9]},"east":{"uv":[87,30],"uv_size":[-25,9]},"west":{"uv":[87,21],"uv_size":[-25,9]},"up":{"uv":[52,18],"uv_size":[-10,25]},"down":{"uv":[62,43],"uv_size":[-10,-25]}}},{"origin":[-22,17,-47],"size":[10,9,25],"uv":{"north":{"uv":[64,39],"uv_size":[10,9]},"east":{"uv":[62,21],"uv_size":[25,9]},"west":{"uv":[62,30],"uv_size":[25,9]},"up":{"uv":[42,18],"uv_size":[10,25]},"down":{"uv":[52,43],"uv_size":[10,-25]}}},{"origin":[-8,12,48],"size":[16,9,6],"uv":{"east":{"uv":[65,110],"uv_size":[-6,9]},"south":{"uv":[22,49],"uv_size":[16,9]},"west":{"uv":[59,110],"uv_size":[6,9]},"up":{"uv":[96,101],"uv_size":[16,6]},"down":{"uv":[96,113],"uv_size":[16,-6]}}}]},{"name":"screen","parent":"car","pivot":[0,26,-15],"rotation":[5,0,0],"cubes":[{"origin":[-3,20,-16],"size":[6,7,2],"uv":{"north":{"uv":[57,113],"uv_size":[1,7]},"east":{"uv":[59,113],"uv_size":[-2,7]},"south":{"uv":[51,113],"uv_size":[6,7]},"west":{"uv":[57,113],"uv_size":[2,7]},"up":{"uv":[57,122],"uv_size":[-6,-2]},"down":{"uv":[57,124],"uv_size":[-6,-2]}}}]},{"name":"screenGraphic","parent":"screen","pivot":[0,25,-14.9],"cubes":[{"origin":[-2,21,-13.9],"size":[4,5,0],"uv":{"east":{"uv":[0,0],"uv_size":[0,5]},"south":{"uv":[60,120],"uv_size":[4,5]},"west":{"uv":[0,0],"uv_size":[0,5]},"up":{"uv":[4,0],"uv_size":[-4,0]},"down":{"uv":[4,0],"uv_size":[-4,0]}}}]},{"name":"bonnet","parent":"car","pivot":[0,25,-22],"rotation":[-1.5,0,0],"cubes":[{"origin":[-11,22,-41],"size":[11,3,19],"pivot":[0,25,-22],"rotation":[5,0,0],"uv":{"north":{"uv":[19,62],"uv_size":[11,3]},"east":{"uv":[0,62],"uv_size":[19,3]},"south":{"uv":[27,46],"uv_size":[11,3]},"up":{"uv":[0,43],"uv_size":[11,19]},"down":{"uv":[11,62],"uv_size":[11,-19]}}},{"origin":[0,22,-41],"size":[11,3,19],"pivot":[0,25,-22],"rotation":[5,0,0],"uv":{"north":{"uv":[30,62],"uv_size":[-11,3]},"south":{"uv":[38,46],"uv_size":[-11,3]},"west":{"uv":[19,62],"uv_size":[-19,3]},"up":{"uv":[11,43],"uv_size":[-11,19]},"down":{"uv":[22,62],"uv_size":[-11,-19]}}}]},{"name":"trunk","parent":"car","pivot":[0,26,30],"rotation":[-1,0,0],"cubes":[{"origin":[-13,21,30],"size":[13,5,15],"pivot":[0,26,30],"rotation":[-7.5,0,0],"uv":{"north":{"uv":[155,15],"uv_size":[13,5]},"east":{"uv":[140,15],"uv_size":[15,5]},"south":{"uv":[149,105],"uv_size":[13,5]},"up":{"uv":[140,0],"uv_size":[13,15]},"down":{"uv":[153,15],"uv_size":[13,-15]}}},{"origin":[0,21,30],"size":[13,5,15],"pivot":[0,26,30],"rotation":[-7.5,0,0],"uv":{"north":{"uv":[168,15],"uv_size":[-13,5]},"south":{"uv":[162,105],"uv_size":[-13,5]},"west":{"uv":[155,15],"uv_size":[-15,5]},"up":{"uv":[153,0],"uv_size":[-13,15]},"down":{"uv":[166,15],"uv_size":[-13,-15]}}}]},{"name":"gearStick","parent":"car","pivot":[0,17,-19],"rotation":[-7.5,0,0],"cubes":[{"origin":[-3,12,-19],"size":[6,5,16],"uv":{"east":{"uv":[74,0],"uv_size":[16,5]},"south":{"uv":[84,5],"uv_size":[6,5]},"west":{"uv":[74,0],"uv_size":[16,5]},"up":{"uv":[90,0],"uv_size":[6,16]}}},{"origin":[-2,17,-11],"size":[4,1,4],"uv":{"north":{"uv":[11,8],"uv_size":[4,1]},"east":{"uv":[11,8],"uv_size":[4,1]},"south":{"uv":[15,8],"uv_size":[4,1]},"west":{"uv":[15,8],"uv_size":[4,1]},"up":{"uv":[11,4],"uv_size":[4,4]},"down":{"uv":[15,8],"uv_size":[4,-4]}}}]},{"name":"gearStick1","parent":"gearStick","pivot":[0,18,-9],"cubes":[{"origin":[-0.5,17,-9.5],"size":[1,4,1],"uv":{"north":{"uv":[19,9],"uv_size":[1,4]},"east":{"uv":[18,9],"uv_size":[1,4]},"south":{"uv":[21,9],"uv_size":[1,4]},"west":{"uv":[20,9],"uv_size":[1,4]},"up":{"uv":[19,8],"uv_size":[1,1]},"down":{"uv":[20,9],"uv_size":[1,-1]}}},{"origin":[-1,21,-10],"size":[2,2,2],"uv":{"north":{"uv":[14,2],"uv_size":[2,2]},"east":{"uv":[14,2],"uv_size":[2,2]},"south":{"uv":[14,2],"uv_size":[2,2]},"west":{"uv":[14,2],"uv_size":[2,2]},"up":{"uv":[14,0],"uv_size":[2,2]},"down":{"uv":[16,4],"uv_size":[2,-2]}}}]},{"name":"wheel","parent":"car","pivot":[-9.5,21,-15],"rotation":[20,0,0],"cubes":[{"origin":[-10.5,21,-15],"size":[2,2,5],"uv":{"north":{"uv":[81,5],"uv_size":[2,2]},"east":{"uv":[78,5],"uv_size":[5,2]},"south":{"uv":[76,5],"uv_size":[2,2]},"west":{"uv":[78,7],"uv_size":[5,2]},"up":{"uv":[74,5],"uv_size":[2,5]},"down":{"uv":[76,10],"uv_size":[2,-5]}}}]},{"name":"steerWheel","parent":"wheel","pivot":[-9.5,22,-12],"cubes":[{"origin":[-14.5,17,-11],"size":[10,10,0],"uv":{"south":{"uv":[0,0],"uv_size":[10,10]}}}]},{"name":"leftFrontHover","parent":"car","pivot":[19,13,-25],"cubes":[{"origin":[10,4,-34],"size":[18,10,18],"uv":{"north":{"uv":[56,67],"uv_size":[-18,10]},"east":{"uv":[74,67],"uv_size":[-18,10]},"south":{"uv":[92,67],"uv_size":[-18,10]},"west":{"uv":[38,67],"uv_size":[-18,10]},"up":{"uv":[56,49],"uv_size":[-18,18]}}},{"origin":[28,14,-34],"size":[0,4,18],"uv":{"west":{"uv":[130,102],"uv_size":[-18,4]}}}]},{"name":"leftFrontHoverGlow","parent":"leftFrontHover","pivot":[0,0,0],"cubes":[{"origin":[10,4,-34],"size":[18,0,18],"uv":{"down":{"uv":[74,67],"uv_size":[-18,-18]}}}]},{"name":"rightFrontHover","parent":"car","pivot":[-19,13,-25],"cubes":[{"origin":[-28,4,-34],"size":[18,10,18],"uv":{"north":{"uv":[38,67],"uv_size":[18,10]},"east":{"uv":[20,67],"uv_size":[18,10]},"south":{"uv":[74,67],"uv_size":[18,10]},"west":{"uv":[56,67],"uv_size":[18,10]},"up":{"uv":[38,49],"uv_size":[18,18]}}},{"origin":[-28,14,-34],"size":[0,4,18],"uv":{"east":{"uv":[112,102],"uv_size":[18,4]}}}]},{"name":"rightFrontHoverGlow","parent":"rightFrontHover","pivot":[0,0,0],"cubes":[{"origin":[-28,4,-34],"size":[18,0,18],"uv":{"down":{"uv":[56,67],"uv_size":[18,-18]}}}]},{"name":"leftBackHover","parent":"car","pivot":[22,13,30],"cubes":[{"origin":[13,4,21],"size":[18,10,18],"uv":{"north":{"uv":[74,67],"uv_size":[18,10]},"east":{"uv":[56,67],"uv_size":[18,10]},"south":{"uv":[38,67],"uv_size":[18,10]},"west":{"uv":[20,67],"uv_size":[18,10]},"up":{"uv":[56,67],"uv_size":[-18,-18]}}},{"origin":[31,14,21],"size":[0,4,18],"uv":{"west":{"uv":[112,102],"uv_size":[18,4]}}}]},{"name":"leftBackHoverGlow","parent":"leftBackHover","pivot":[0,0,0],"cubes":[{"origin":[13,4,21],"size":[18,0,18],"uv":{"down":{"uv":[74,49],"uv_size":[-18,18]}}}]},{"name":"rightBackHover","parent":"car","pivot":[-22,13,30],"cubes":[{"origin":[-31,4,21],"size":[18,10,18],"uv":{"north":{"uv":[92,67],"uv_size":[-18,10]},"east":{"uv":[38,67],"uv_size":[-18,10]},"south":{"uv":[56,67],"uv_size":[-18,10]},"west":{"uv":[74,67],"uv_size":[-18,10]},"up":{"uv":[38,67],"uv_size":[18,-18]}}},{"origin":[-31,14,21],"size":[0,4,18],"uv":{"east":{"uv":[130,102],"uv_size":[-18,4]}}}]},{"name":"rightBackHoverGlow","parent":"rightBackHover","pivot":[0,0,0],"cubes":[{"origin":[-31,4,21],"size":[18,0,18],"uv":{"down":{"uv":[56,49],"uv_size":[18,18]}}}]},{"name":"rightDoor","parent":"car","pivot":[-22,12,-12],"cubes":[{"origin":[-22,12,-12],"size":[4,14,24],"uv":{"north":{"uv":[67,82],"uv_size":[-4,14]},"east":{"uv":[15,82],"uv_size":[24,14]},"south":{"uv":[63,82],"uv_size":[4,14]},"west":{"uv":[39,82],"uv_size":[24,14]},"up":{"uv":[88,82],"uv_size":[4,24]},"down":{"uv":[92,106],"uv_size":[4,-24]}}}]},{"name":"leftDoor","parent":"car","pivot":[22,12,-12],"cubes":[{"origin":[18,12,-12],"size":[4,14,24],"uv":{"north":{"uv":[63,82],"uv_size":[4,14]},"east":{"uv":[63,82],"uv_size":[-24,14]},"south":{"uv":[67,82],"uv_size":[-4,14]},"west":{"uv":[39,82],"uv_size":[-24,14]},"up":{"uv":[92,82],"uv_size":[-4,24]},"down":{"uv":[96,106],"uv_size":[-4,-24]}}}]},{"name":"rightWingMirror","parent":"car","pivot":[-22,30,-19],"cubes":[{"origin":[-28,27,-19],"size":[5,5,2],"pivot":[-23,30,-18],"rotation":[0,25,0],"uv":{"north":{"uv":[2,12],"uv_size":[5,5]},"east":{"uv":[0,12],"uv_size":[2,5]},"south":{"uv":[9,12],"uv_size":[5,5]},"west":{"uv":[7,12],"uv_size":[2,5]},"up":{"uv":[2,10],"uv_size":[5,2]},"down":{"uv":[7,12],"uv_size":[5,-2]}}},{"origin":[-23,28,-18],"size":[3,3,0],"pivot":[-21.5,29.5,-18],"rotation":[-17.5,0,0],"uv":{"north":{"uv":[11,0],"uv_size":[3,3]}}}]},{"name":"leftWingMirror","parent":"car","pivot":[22,30,-19],"cubes":[{"origin":[23,27,-19],"size":[5,5,2],"pivot":[23,30,-18],"rotation":[0,-25,0],"uv":{"north":{"uv":[7,12],"uv_size":[-5,5]},"east":{"uv":[9,12],"uv_size":[-2,5]},"south":{"uv":[14,12],"uv_size":[-5,5]},"west":{"uv":[2,12],"uv_size":[-2,5]},"up":{"uv":[7,10],"uv_size":[-5,2]},"down":{"uv":[12,12],"uv_size":[-5,-2]}}},{"origin":[20,28,-18],"size":[3,3,0],"pivot":[21.5,29.5,-18],"rotation":[-17.5,0,0],"uv":{"north":{"uv":[14,0],"uv_size":[-3,3]}}}]},{"name":"rearViewMirror","parent":"car","pivot":[0,26,-20],"rotation":[-17.5,0,0],"cubes":[{"origin":[-1,38,-19.95],"size":[2,2,1],"uv":{"north":{"uv":[87,112],"uv_size":[2,2]},"east":{"uv":[88,112],"uv_size":[1,2]},"south":{"uv":[87,112],"uv_size":[2,2]},"west":{"uv":[88,112],"uv_size":[1,2]},"up":{"uv":[89,113],"uv_size":[-2,-1]},"down":{"uv":[89,114],"uv_size":[-2,-1]}}},{"origin":[0,38,-18.95],"size":[0,2,1],"uv":{"north":{"uv":[0,0],"uv_size":[0,2]},"south":{"uv":[0,0],"uv_size":[0,2]},"west":{"uv":[118,118],"uv_size":[1,2]},"up":{"uv":[0,1],"uv_size":[0,-1]},"down":{"uv":[0,1],"uv_size":[0,-1]}}}]},{"name":"mirror","parent":"rearViewMirror","pivot":[0,38,-18],"rotation":[15,0,0],"cubes":[{"origin":[-3,37,-18],"size":[6,2,1],"uv":{"north":{"uv":[87,109],"uv_size":[6,2]},"east":{"uv":[87,109],"uv_size":[1,2]},"south":{"uv":[87,107],"uv_size":[6,2]},"west":{"uv":[87,109],"uv_size":[1,2]},"up":{"uv":[93,110],"uv_size":[-6,-1]},"down":{"uv":[93,112],"uv_size":[-6,-1]}}}]},{"name":"freshener","parent":"car","pivot":[0,36,-14.5],"cubes":[{"origin":[-0.15,34,-14.5],"size":[0.3,2,0],"uv":{"east":{"uv":[0,0],"uv_size":[0,2]},"south":{"uv":[91,115],"uv_size":[1,2]},"west":{"uv":[0,0],"uv_size":[0,2]},"up":{"uv":[1,0],"uv_size":[-1,0]},"down":{"uv":[1,0],"uv_size":[-1,0]}}}]},{"name":"freshenerIcon","parent":"freshener","pivot":[0,34,-14.5],"cubes":[{"origin":[-2.5,29,-14.5],"size":[5,5,0],"uv":{"east":{"uv":[0,0],"uv_size":[0,5]},"south":{"uv":[86,115],"uv_size":[5,5]},"west":{"uv":[0,0],"uv_size":[0,5]},"up":{"uv":[3,0],"uv_size":[-3,0]},"down":{"uv":[3,0],"uv_size":[-3,0]}}}]},{"name":"bobblehead","parent":"car","pivot":[7,26,-18]},{"name":"bone","parent":"bobblehead","pivot":[9,26,-16],"cubes":[{"origin":[7,26,-18],"size":[2,3,2],"uv":{"north":{"uv":[89,120],"uv_size":[2,3]},"east":{"uv":[89,120],"uv_size":[-2,3]},"south":{"uv":[85,120],"uv_size":[2,3]},"west":{"uv":[87,120],"uv_size":[2,3]},"up":{"uv":[87,125],"uv_size":[-2,-2]},"down":{"uv":[89,125],"uv_size":[-2,-2]}}}]},{"name":"head","parent":"bone","pivot":[8,29,-17],"cubes":[{"origin":[6,29,-19],"size":[4,4,4],"uv":{"north":{"uv":[72,120],"uv_size":[4,4]},"east":{"uv":[72,120],"uv_size":[-4,4]},"south":{"uv":[64,120],"uv_size":[4,4]},"west":{"uv":[68,120],"uv_size":[4,4]},"up":{"uv":[84,124],"uv_size":[-4,-4]},"down":{"uv":[80,124],"uv_size":[-4,-4]}}}]},{"name":"rightArm","parent":"bone","pivot":[7,29,-16.5],"rotation":[0,0,35],"cubes":[{"origin":[7,27,-17.5],"size":[1,2,1],"uv":{"north":{"uv":[93,120],"uv_size":[1,2]},"east":{"uv":[92,120],"uv_size":[1,2]},"south":{"uv":[91,120],"uv_size":[1,2]},"west":{"uv":[94,120],"uv_size":[1,2]},"up":{"uv":[2,1],"uv_size":[-1,-1]},"down":{"uv":[92,124],"uv_size":[-1,-1]}}}]},{"name":"leftArm","parent":"bone","pivot":[9,29,-16.5],"rotation":[0,0,-35],"cubes":[{"origin":[8,27,-17.5],"size":[1,2,1],"uv":{"north":{"uv":[94,120],"uv_size":[-1,2]},"east":{"uv":[95,120],"uv_size":[-1,2]},"south":{"uv":[92,120],"uv_size":[-1,2]},"west":{"uv":[93,120],"uv_size":[-1,2]},"up":{"uv":[1,1],"uv_size":[1,-1]},"down":{"uv":[91,124],"uv_size":[1,-1]}}}]}]}]}