{"format_version":"1.12.0","minecraft:geometry":[{"description":{"identifier":"geometry.hive.mounts.cruiser.thrusters","texture_width":176,"texture_height":128,"visible_bounds_width":10,"visible_bounds_height":4,"visible_bounds_offset":[0,1,0]},"bones":[{"name":"root","pivot":[0,13,0]},{"name":"car","parent":"root","pivot":[0,12,0]},{"name":"backThruster","parent":"car","pivot":[0,16,41],"cubes":[{"origin":[-7,13,41],"size":[14,7,13],"uv":{"east":{"uv":[113,107],"uv_size":[18,7]},"west":{"uv":[131,107],"uv_size":[-18,7]},"up":{"uv":[0,119],"uv_size":[14,-18]},"down":{"uv":[14,101],"uv_size":[-14,18]}}}]},{"name":"leftFrontHover","parent":"car","pivot":[19,13,-25]},{"name":"energyRing3","parent":"leftFrontHover","pivot":[19,4,-25],"cubes":[{"origin":[13,4,-31],"size":[12,1,12],"uv":{"north":{"uv":[151,110],"uv_size":[10,1]},"east":{"uv":[151,110],"uv_size":[10,1]},"south":{"uv":[151,110],"uv_size":[10,1]},"west":{"uv":[151,110],"uv_size":[10,1]}}}]},{"name":"rightFrontHover","parent":"car","pivot":[-19,13,-25]},{"name":"energyRing6","parent":"rightFrontHover","pivot":[-19,4,-25],"cubes":[{"origin":[-25,4,-31],"size":[12,1,12],"uv":{"north":{"uv":[151,110],"uv_size":[10,1]},"east":{"uv":[151,110],"uv_size":[10,1]},"south":{"uv":[151,110],"uv_size":[10,1]},"west":{"uv":[151,110],"uv_size":[10,1]}}}]},{"name":"leftBackHover","parent":"car","pivot":[22,13,30]},{"name":"energyRing","parent":"leftBackHover","pivot":[22,4,30],"cubes":[{"origin":[16,4,24],"size":[12,1,12],"uv":{"north":{"uv":[151,110],"uv_size":[10,1]},"east":{"uv":[151,110],"uv_size":[10,1]},"south":{"uv":[151,110],"uv_size":[10,1]},"west":{"uv":[151,110],"uv_size":[10,1]}}}]},{"name":"rightBackHover","parent":"car","pivot":[-22,13,30]},{"name":"energyRing7","parent":"rightBackHover","pivot":[-22,4,30],"cubes":[{"origin":[-28,4,24],"size":[12,1,12],"uv":{"north":{"uv":[151,110],"uv_size":[10,1]},"east":{"uv":[151,110],"uv_size":[10,1]},"south":{"uv":[151,110],"uv_size":[10,1]},"west":{"uv":[151,110],"uv_size":[10,1]}}}]}]}]}