{"format_version":"1.10.0","particle_effect":{"description":{"identifier":"hivehub:game_snow","basic_render_parameters":{"material":"particles_alpha","texture":"textures/particle/particles"}},"components":{"minecraft:emitter_rate_steady":{"spawn_rate":6,"max_particles":30},"minecraft:emitter_lifetime_expression":{"activation_expression":1},"minecraft:emitter_shape_disc":{"offset":[0,0.1,0],"radius":1,"direction":"outwards"},"minecraft:particle_lifetime_expression":{"max_lifetime":2},"minecraft:particle_initial_spin":{"rotation_rate":"math.random(-90,90)"},"minecraft:particle_initial_speed":1,"minecraft:particle_motion_dynamic":{"linear_acceleration":[0,1,0],"linear_drag_coefficient":1},"minecraft:particle_appearance_billboard":{"size":["(1-(variable.particle_age/variable.particle_lifetime))*(variable.particle_random_1*0.3)","(1-(variable.particle_age/variable.particle_lifetime))*(variable.particle_random_1*0.3)"],"facing_camera_mode":"rotate_xyz","uv":{"texture_width":128,"texture_height":128,"flipbook":{"base_UV":[0,96],"size_UV":[8,8],"step_UV":[8,0],"frames_per_second":4,"max_frame":7,"loop":true}}},"minecraft:particle_appearance_tinting":{"color":{"interpolant":"variable.particle_age","gradient":{"0.0":"#FFE1E1E1","0.8400000000000001":"#FF76E9F6","1.5":"#FFFFFFFF"}}}}}}