{"format_version":"1.12.0","minecraft:geometry":[{"description":{"identifier":"geometry.hive.sg.launchpad_vertical","texture_width":128,"texture_height":128,"visible_bounds_width":6,"visible_bounds_height":6,"visible_bounds_offset":[0,1,0]},"bones":[{"name":"root","pivot":[0,0.875,0],"cubes":[{"origin":[-16,0,-16],"size":[32,2,5],"uv":[0,60]},{"origin":[-16,0,11],"size":[32,2,5],"uv":[0,52]},{"origin":[11,0,-11],"size":[5,2,7],"uv":[70,53],"mirror":true},{"origin":[-16,0,-11],"size":[5,2,7],"uv":[70,53]},{"origin":[11,0,4],"size":[5,2,7],"uv":[21,68],"mirror":true},{"origin":[-16,0,4],"size":[5,2,7],"uv":[21,68]},{"origin":[-11,0,-11],"size":[22,0,22],"uv":[0,29]}]},{"name":"machine","parent":"root","pivot":[0,1,0]},{"name":"circuitry","parent":"machine","pivot":[-8,54,-8],"cubes":[{"origin":[11.75,3,-1],"size":[2,5,2],"pivot":[11.75,3,-1],"rotation":[0,0,30],"uv":[0,0],"mirror":true},{"origin":[-13.75,3,-1],"size":[2,5,2],"pivot":[-11.75,3,-1],"rotation":[0,0,-30],"uv":[0,0]},{"origin":[10,0,-4],"size":[6,3,8],"uv":[67,67],"mirror":true},{"origin":[-16,0,-4],"size":[6,3,8],"uv":[67,67]}]},{"name":"piston","parent":"machine","pivot":[0,1,0]},{"name":"lowerarm","parent":"piston","pivot":[0,-1.75,0],"cubes":[{"origin":[-3.5,-9,-3.5],"size":[7,9,7],"uv":[67,29]}]},{"name":"upperarm","parent":"lowerarm","pivot":[0,-4.5,0],"cubes":[{"origin":[-2.5,-22,-2.5],"size":[5,22,5],"uv":[0,68]},{"origin":[-12,0,-12],"size":[24,4,24],"uv":[0,0]}]}]}]}