{"format_version":"1.12.0","minecraft:geometry":[{"description":{"identifier":"geometry.hive.sg.launchpad","texture_width":128,"texture_height":128,"visible_bounds_width":5,"visible_bounds_height":5,"visible_bounds_offset":[0,1.5,0]},"bones":[{"name":"root","pivot":[0,0,0],"cubes":[{"origin":[-15,0,-15],"size":[30,8,30],"uv":[0,0]}]},{"name":"machine","parent":"root","pivot":[0,0,0],"cubes":[{"origin":[-10,8,-10],"size":[20,3,20],"uv":[0,39]},{"origin":[-10,11,-3],"size":[2,9,6],"uv":[0,39],"mirror":true},{"origin":[8,11,-3],"size":[2,9,6],"uv":[0,39]},{"origin":[9.93578,13.01903,-1],"size":[3,5,2],"uv":[61,39]}]},{"name":"exhaust","parent":"machine","pivot":[-10,8,-7],"rotation":[0,0,-35],"cubes":[{"origin":[-11,16,4],"size":[6,2,6],"uv":[91,13]},{"origin":[-10,8,5],"size":[4,8,4],"uv":[0,94]},{"origin":[-11,16,-3],"size":[6,2,6],"uv":[91,13]},{"origin":[-10,8,-2],"size":[4,8,4],"uv":[0,94]},{"origin":[-11,16,-10],"size":[6,2,6],"uv":[91,13]},{"origin":[-10,8,-9],"size":[4,8,4],"uv":[0,94]}],"locators":{"exhaust1":[-8.18982,17.94232,-7],"exhaust2":[-8.18982,17.94232,0],"exhaust3":[-8.18982,17.94232,7]}},{"name":"sensor","parent":"machine","pivot":[12.75,15.5,1],"rotation":[0,0,5],"cubes":[{"origin":[12.58083,9.97078,-2],"size":[8,17,4],"uv":[0,0]},{"origin":[13.58083,26.97078,2],"size":[2,4,0],"uv":[25,0]},{"origin":[20.58083,17.97078,-1],"size":[1,3,2],"uv":[11,39]}]},{"name":"piston","parent":"machine","pivot":[0,17.5,0],"rotation":[-7.5,0,0],"cubes":[{"origin":[-8,9.99572,-7.06526],"size":[16,16,14],"uv":[0,63]},{"origin":[-5,12.99572,6.93474],"size":[10,10,2],"uv":[91,0]},{"origin":[-3,22.99572,6.93474],"size":[6,3,1],"uv":[81,58]},{"origin":[-3,20.99572,-8.06526],"size":[6,6,1],"uv":[17,94]},{"origin":[-3,25.99572,3.93474],"size":[6,1,4],"uv":[91,22]},{"origin":[-3,25.99572,-7.06526],"size":[6,1,4],"uv":[0,22]}]},{"name":"circuitry","parent":"piston","pivot":[3,27.99572,-0.06526],"cubes":[{"origin":[-4,26.99572,-2.06526],"size":[2,5,2],"pivot":[-3,27.99572,-2.06526],"rotation":[-10,0,0],"uv":[21,22]},{"origin":[2,25.99572,-0.06526],"size":[2,5,2],"pivot":[3,27.99572,-0.06526],"rotation":[-10,0,0],"uv":[21,22]},{"origin":[-6,25.99572,-4.06526],"size":[12,2,8],"uv":[61,84]}]},{"name":"head","parent":"piston","pivot":[0,17.99572,-3.31526],"cubes":[{"origin":[-3,14.99572,-10.06526],"size":[6,6,7],"uv":[84,39]}]},{"name":"upperarm","parent":"head","pivot":[0,17.99572,-3.31526],"cubes":[{"origin":[-2,15.99572,-13.06526],"size":[4,4,14],"uv":[61,39]},{"origin":[-8,9.99572,-17.06526],"size":[16,16,4],"uv":[61,63]}]}]}]}