{"minecraft:geometry":[{"description":{"identifier":"geometry.hive.sg.teleporter","texture_width":64,"texture_height":64,"visible_bounds_width":5,"visible_bounds_height":5,"visible_bounds_offset":[0,1.5,0]},"bones":[{"name":"root","pivot":[0,0,0],"cubes":[{"origin":[-8,0,-8],"size":[16,3,16],"uv":[0,0]}],"locators":{"portal":[0,2,0]}},{"name":"emitters","parent":"root","pivot":[0,7.5,0],"cubes":[{"origin":[4.5,6,6],"size":[4,4,4],"pivot":[6.5,5.5,6.5],"rotation":[-25,45,0],"uv":[34,42]},{"origin":[-8.5,5,6],"size":[4,4,4],"pivot":[-6.5,4.5,6.5],"rotation":[-25,-45,0],"uv":[34,34]},{"origin":[-8.5,6,-7],"size":[4,4,4],"pivot":[-6.5,5.5,-6.5],"rotation":[-25,-135,0],"uv":[34,50]},{"origin":[4.5,5,-7],"size":[4,4,4],"pivot":[6.5,4.5,-6.5],"rotation":[-25,135,0],"uv":[34,34]}]}]}],"format_version":"1.12.0"}