{"format_version":"1.8.0","minecraft:client_entity":{"description":{"identifier":"hivedr:death_marker","materials":{"default":"entity_alphatest"},"textures":{"aggressive_laugh":"textures/entity/hive/dr/death_marker/aggressive_laugh","alien":"textures/entity/hive/dr/death_marker/alien","angel":"textures/entity/hive/dr/death_marker/angel","angry":"textures/entity/hive/dr/death_marker/angry","clown":"textures/entity/hive/dr/death_marker/clown","cry":"textures/entity/hive/dr/death_marker/cry","flushed":"textures/entity/hive/dr/death_marker/flushed","gg":"textures/entity/hive/dr/death_marker/gg","grumpy_cat":"textures/entity/hive/dr/death_marker/grumpy_cat","hammer":"textures/entity/hive/dr/death_marker/hammer","heart":"textures/entity/hive/dr/death_marker/heart","kekw":"textures/entity/hive/dr/death_marker/kekw","pin":"textures/entity/hive/dr/death_marker/pin","present":"textures/entity/hive/dr/death_marker/present","rip":"textures/entity/hive/dr/death_marker/rip","shocked":"textures/entity/hive/dr/death_marker/shocked","skull":"textures/entity/hive/dr/death_marker/skull","sonic_red_ring":"textures/entity/hive/dr/death_marker/sonic_red_ring","sonic_sign_post":"textures/entity/hive/dr/death_marker/sonic_sign_post","sun":"textures/entity/hive/dr/death_marker/sun","swords":"textures/entity/hive/dr/death_marker/swords","water_bottle":"textures/entity/hive/dr/death_marker/water_bottle","zombie":"textures/entity/hive/dr/death_marker/zombie"},"geometry":{"aggressive_laugh":"geometry.hive.dr.death.marker.aggressive.laugh","alien":"geometry.hive.dr.death.marker.alien","angel":"geometry.hive.dr.death.marker.angel","angry":"geometry.hive.dr.death.marker.angry","clown":"geometry.hive.dr.death.marker.clown","cry":"geometry.hive.dr.death.marker.cry","flushed":"geometry.hive.dr.death.marker.flushed","gg":"geometry.hive.dr.death.marker.gg","grumpy_cat":"geometry.hive.dr.death.marker.grumpy.cat","hammer":"geometry.hive.dr.death.marker.hammer","heart":"geometry.hive.dr.death.marker.heart","kekw":"geometry.hive.dr.death.marker.kekw","pin":"geometry.hive.dr.death.marker.pin","present":"geometry.hive.dr.death.marker.present","rip":"geometry.hive.dr.death.marker.rip","shocked":"geometry.hive.dr.death.marker.shocked","skull":"geometry.hive.dr.death.marker.skull","sonic_red_ring":"geometry.hive.dr.death.marker.sonic.red.ring","sonic_sign_post":"geometry.hive.dr.death.marker.sonic.sign.post","sun":"geometry.hive.dr.death.marker.sun","swords":"geometry.hive.dr.death.marker.swords","water_bottle":"geometry.hive.dr.death.marker.water.bottle","zombie":"geometry.hive.dr.death.marker.zombie"},"animations":{"spin":"animation.hive.dr.death.marker.spin","spawn":"animation.hive.dr.death.marker.spawn"},"animation_controllers":[{"death_marker":"controller.animation.hive.dr.death.marker"}],"render_controllers":["controller.render.hive.dr.death.marker"]}}}