{"format_version":"1.8.0","minecraft:client_entity":{"description":{"identifier":"hivewars:bridge_builder","materials":{"default":"entity_alphatest"},"textures":{"beaver":"textures/entity/hive/wars/bridgebuilder/beaver","biplane":"textures/entity/hive/wars/bridgebuilder/biplane","bulldozer":"textures/entity/hive/wars/bridgebuilder/bulldozer","grumpus":"textures/entity/hive/wars/bridgebuilder/grumpus","mailbot_delivery_drone":"textures/entity/hive/wars/bridgebuilder/mailbot_delivery_drone","penguin":"textures/entity/hive/wars/bridgebuilder/penguin","pigeon":"textures/entity/hive/wars/bridgebuilder/pigeon","robin":"textures/entity/hive/wars/bridgebuilder/robin","robot":"textures/entity/hive/wars/bridgebuilder/robot","rocket":"textures/entity/hive/wars/bridgebuilder/rocket","sonic_motobug":"textures/entity/hive/wars/bridgebuilder/sonic_motobug","chompy":"textures/entity/hive/wars/bridgebuilder/chompy","invader":"textures/entity/hive/wars/bridgebuilder/invader","tiny_sleigh":"textures/entity/hive/wars/bridgebuilder/tiny_sleigh"},"geometry":{"beaver":"geometry.hive.wars.bridge.builder.beaver","biplane":"geometry.hive.wars.bridge.builder.biplane","bulldozer":"geometry.hive.wars.bridge.builder.bulldozer","grumpus":"geometry.hive.wars.bridge.builder.grumpus","mailbot_delivery_drone":"geometry.hive.wars.bridge.builder.mailbot.delivery.drone","penguin":"geometry.hive.wars.bridge.builder.penguin","pigeon":"geometry.hive.wars.bridge.builder.pigeon","robin":"geometry.hive.wars.bridge.builder.robin","robot":"geometry.hive.wars.bridge.builder.robot","rocket":"geometry.hive.wars.bridge.builder.rocket","sonic_motobug":"geometry.hive.wars.bridge.builder.motobug","chompy":"geometry.hive.wars.bridge.builder.chompy","invader":"geometry.hive.wars.bridge.builder.invader","tiny_sleigh":"geometry.hive.wars.bridge.builder.tiny.sleigh"},"scripts":{"pre_animation":["variable.tcos0 \u003d (math.cos(query.modified_distance_moved * 38.17) * query.modified_move_speed / variable.gliding_speed_value) * 57.3;"]},"animations":{"motobug_spin":"animation.hive.wars.bridge.builder.motobug.spin","grumpus":"animation.hive.wars.bridge.builder.grumpus.move","mailbot_arms":"animation.hive.wars.bridge.builder.mailbot.delivery.drone.move.arms","mailbot_wheel":"animation.hive.wars.bridge.builder.mailbot.delivery.drone.move.wheel","invader":"animation.hive.wars.bridge.builder.invader.idle"},"animation_controllers":[{"bridge_builder":"controller.animation.hive.wars.bridge.builder"}],"render_controllers":["controller.render.hive.wars.bridge.builder"]}}}