{"format_version":"1.8.0","minecraft:client_entity":{"description":{"identifier":"hivewars:status","materials":{"default":"entity_alphatest"},"textures":{"aqua":"textures/entity/hive/wars/status/aqua","blue":"textures/entity/hive/wars/status/blue","gold":"textures/entity/hive/wars/status/gold","gray":"textures/entity/hive/wars/status/gray","green":"textures/entity/hive/wars/status/green","magenta":"textures/entity/hive/wars/status/magenta","red":"textures/entity/hive/wars/status/red","yellow":"textures/entity/hive/wars/status/yellow"},"geometry":{"default":"geometry.hive.wars.status"},"animations":{"idle":"animation.hive.wars.status.idle","treasureless":"animation.hive.wars.status.treasureless","treasureless_hold":"animation.hive.wars.status.treasureless.hold"},"animation_controllers":[{"idle":"controller.animation.hive.wars.status.idle"},{"treasureless":"controller.animation.hive.wars.status.treasureless"}],"render_controllers":["controller.render.hive.wars.status"]}}}