{"format_version":"1.8.0","minecraft:client_entity":{"description":{"identifier":"hivewars:treasure","materials":{"default":"entity_alphatest"},"textures":{"beach_ball":"textures/entity/hive/wars/treasure/beach_ball","bed":"textures/entity/hive/wars/treasure/bed","beehive":"textures/entity/hive/wars/treasure/beehive","burger":"textures/entity/hive/wars/treasure/burger","cactus":"textures/entity/hive/wars/treasure/cactus","cake":"textures/entity/hive/wars/treasure/cake","campfire":"textures/entity/hive/wars/treasure/campfire","cauldron":"textures/entity/hive/wars/treasure/cauldron","championship_belt":"textures/entity/hive/wars/treasure/championship_belt","science_cube":"textures/entity/hive/wars/treasure/science_cube","computer":"textures/entity/hive/wars/treasure/computer","crystal":"textures/entity/hive/wars/treasure/crystal","dead_rising":"textures/entity/hive/wars/treasure/dead_rising","default":"textures/entity/hive/wars/treasure/default","doghouse":"textures/entity/hive/wars/treasure/doghouse","dragon_egg":"textures/entity/hive/wars/treasure/dragon_egg","earth":"textures/entity/hive/wars/treasure/earth","egg":"textures/entity/hive/wars/treasure/egg","emerald":"textures/entity/hive/wars/treasure/emerald","flamingo":"textures/entity/hive/wars/treasure/flamingo","gold_bars":"textures/entity/hive/wars/treasure/gold_bars","gold_chalice":"textures/entity/hive/wars/treasure/gold_chalice","golden_egg":"textures/entity/hive/wars/treasure/golden_egg","haunted_house":"textures/entity/hive/wars/treasure/haunted_house","ice_cream":"textures/entity/hive/wars/treasure/ice_cream","ice_creeper":"textures/entity/hive/wars/treasure/ice_creeper","king_villager":"textures/entity/hive/wars/treasure/king_villager","mini_creeper":"textures/entity/hive/wars/treasure/mini_creeper","moai":"textures/entity/hive/wars/treasure/moai","money":"textures/entity/hive/wars/treasure/money","parrot":"textures/entity/hive/wars/treasure/parrot","pickaxe":"textures/entity/hive/wars/treasure/pickaxe","pinata":"textures/entity/hive/wars/treasure/pinata","pirate_ship":"textures/entity/hive/wars/treasure/pirate_ship","pizza_stack":"textures/entity/hive/wars/treasure/pizza_stack","police_car":"textures/entity/hive/wars/treasure/police_car","portal":"textures/entity/hive/wars/treasure/portal","present":"textures/entity/hive/wars/treasure/present","recycling":"textures/entity/hive/wars/treasure/recycling","robot":"textures/entity/hive/wars/treasure/robot","rocket_ship":"textures/entity/hive/wars/treasure/rocket_ship","safe":"textures/entity/hive/wars/treasure/safe","sand_castle":"textures/entity/hive/wars/treasure/sand_castle","saturn":"textures/entity/hive/wars/treasure/saturn","skeleton":"textures/entity/hive/wars/treasure/skeleton","skull":"textures/entity/hive/wars/treasure/skull","snowglobe":"textures/entity/hive/wars/treasure/snowglobe","snowman":"textures/entity/hive/wars/treasure/snowman","sonic_chao":"textures/entity/hive/wars/treasure/sonic_chao","sonic_dark_chao":"textures/entity/hive/wars/treasure/sonic_dark_chao","sonic_hero_chao":"textures/entity/hive/wars/treasure/sonic_hero_chao","sonic_item_box":"textures/entity/hive/wars/treasure/sonic_item_box","sonic_ring":"textures/entity/hive/wars/treasure/sonic_ring","special_delivery":"textures/entity/hive/wars/treasure/special_delivery","sunflower":"textures/entity/hive/wars/treasure/sunflower","teddy_bear":"textures/entity/hive/wars/treasure/teddy_bear","traffic":"textures/entity/hive/wars/treasure/traffic","trick_or_treat":"textures/entity/hive/wars/treasure/trick_or_treat","trophy":"textures/entity/hive/wars/treasure/trophy","tv":"textures/entity/hive/wars/treasure/tv","ufo":"textures/entity/hive/wars/treasure/ufo","toy_robot":"textures/entity/hive/wars/treasure/toy_robot","gold_hoard":"textures/entity/hive/wars/treasure/gold_hoard","gingerbread":"textures/entity/hive/wars/treasure/gingerbread"},"geometry":{"beach_ball":"geometry.hive.wars.treasure.beach.ball","bed":"geometry.hive.wars.treasure.bed","beehive":"geometry.hive.wars.treasure.beehive","burger":"geometry.hive.wars.treasure.burger","cactus":"geometry.hive.wars.treasure.cactus","cake":"geometry.hive.wars.treasure.cake","campfire":"geometry.hive.wars.treasure.campfire","cauldron":"geometry.hive.wars.treasure.cauldron","championship_belt":"geometry.hive.wars.treasure.championship.belt","science_cube":"geometry.hive.wars.treasure.science.cube","computer":"geometry.hive.wars.treasure.computer","crystal":"geometry.hive.wars.treasure.crystal","dead_rising":"geometry.hive.wars.treasure.dead.rising","default":"geometry.hive.wars.treasure.default","doghouse":"geometry.hive.wars.treasure.doghouse","dragon_egg":"geometry.hive.wars.treasure.dragon.egg","earth":"geometry.hive.wars.treasure.earth","egg":"geometry.hive.wars.treasure.egg","emerald":"geometry.hive.wars.treasure.emerald","flamingo":"geometry.hive.wars.treasure.flamingo","gold_bars":"geometry.hive.wars.treasure.gold.bars","gold_chalice":"geometry.hive.wars.treasure.gold.chalice","golden_egg":"geometry.hive.wars.treasure.golden.egg","haunted_house":"geometry.hive.wars.treasure.haunted.house","ice_cream":"geometry.hive.wars.treasure.ice.cream","ice_creeper":"geometry.hive.wars.treasure.ice.creeper","king_villager":"geometry.hive.wars.treasure.king.villager","mini_creeper":"geometry.hive.wars.treasure.mini.creeper","moai":"geometry.hive.wars.treasure.moai","money":"geometry.hive.wars.treasure.money","parrot":"geometry.hive.wars.treasure.parrot","pickaxe":"geometry.hive.wars.treasure.pickaxe","pinata":"geometry.hive.wars.treasure.pinata","pirate_ship":"geometry.hive.wars.treasure.pirate.ship","pizza_stack":"geometry.hive.wars.treasure.pizza.stack","police_car":"geometry.hive.wars.treasure.police.car","portal":"geometry.hive.wars.treasure.portal","present":"geometry.hive.wars.treasure.present","recycling":"geometry.hive.wars.treasure.recycling","robot":"geometry.hive.wars.treasure.robot","rocket_ship":"geometry.hive.wars.treasure.rocket.ship","safe":"geometry.hive.wars.treasure.safe","sand_castle":"geometry.hive.wars.treasure.sand.castle","saturn":"geometry.hive.wars.treasure.saturn","skeleton":"geometry.hive.wars.treasure.skeleton","skull":"geometry.hive.wars.treasure.skull","snowglobe":"geometry.hive.wars.treasure.snowglobe","snowman":"geometry.hive.wars.treasure.snowman","sonic_chao":"geometry.hive.wars.treasure.sonic.chao","sonic_dark_chao":"geometry.hive.wars.treasure.sonic.dark.chao","sonic_hero_chao":"geometry.hive.wars.treasure.sonic.hero.chao","sonic_item_box":"geometry.hive.wars.treasure.sonic.item.box","sonic_ring":"geometry.hive.wars.treasure.sonic.ring","special_delivery":"geometry.hive.wars.treasure.special.delivery","sunflower":"geometry.hive.wars.treasure.sunflower","teddy_bear":"geometry.hive.wars.treasure.teddy.bear","traffic":"geometry.hive.wars.treasure.traffic","trick_or_treat":"geometry.hive.wars.treasure.trick.or.treat","trophy":"geometry.hive.wars.treasure.trophy","tv":"geometry.hive.wars.treasure.tv","ufo":"geometry.hive.wars.treasure.ufo","toy_robot":"geometry.hive.wars.treasure.toy.robot","gold_hoard":"geometry.hive.wars.treasure.gold.hoard","gingerbread":"geometry.hive.wars.treasure.gingerbread"},"render_controllers":["controller.render.hive.wars.treasure"]}}}