{"format_version":"1.12.0","minecraft:geometry":[{"description":{"identifier":"geometry.hive.dr.death.marker.alien","texture_width":64,"texture_height":64,"visible_bounds_width":2,"visible_bounds_height":2,"visible_bounds_offset":[0,1,0]},"bones":[{"name":"root","pivot":[0,7.875,0],"cubes":[{"origin":[-4,15,-0.5],"size":[8,1,1],"uv":[0,0]},{"origin":[-5,3,-0.5],"size":[10,12,1],"uv":[0,2]},{"origin":[-6,4,-0.5],"size":[1,10,1],"uv":[0,15]},{"origin":[5,4,-0.5],"size":[1,10,1],"uv":[0,15],"mirror":true},{"origin":[-7,6,-0.5],"size":[1,6,1],"uv":[5,15]},{"origin":[6,6,-0.5],"size":[1,6,1],"uv":[5,15],"mirror":true},{"origin":[-4,1,-0.5],"size":[8,2,1],"uv":[0,27]},{"origin":[-3,0,-0.5],"size":[6,1,1],"uv":[0,31]}]}]}]}