{"format_version":"1.12.0","minecraft:geometry":[{"description":{"identifier":"geometry.hive.dr.death.marker.angel","texture_width":64,"texture_height":64,"visible_bounds_width":2,"visible_bounds_height":2,"visible_bounds_offset":[0,1,0]},"bones":[{"name":"root","pivot":[0,8.04545,0],"cubes":[{"origin":[-7,5,-0.5],"size":[6,5,1],"uv":[0,10]},{"origin":[-8,10,-0.5],"size":[6,1,1],"uv":[0,8]},{"origin":[-8,11,-0.5],"size":[3,2,1],"uv":[0,5]},{"origin":[-5,11,-0.5],"size":[1,1,1],"uv":[0,0]},{"origin":[-8,13,-0.5],"size":[2,2,1],"uv":[0,2]},{"origin":[-8,15,-0.5],"size":[1,1,1],"uv":[0,0]},{"origin":[-8,6,-0.5],"size":[1,2,1],"uv":[0,16]},{"origin":[-8,3,-0.5],"size":[6,2,1],"uv":[0,19]},{"origin":[-8,2,-0.5],"size":[1,1,1],"uv":[0,0]},{"origin":[-5,2,-0.5],"size":[2,1,1],"uv":[0,22]},{"origin":[-6,1,-0.5],"size":[2,1,1],"uv":[0,22]},{"origin":[1,5,-0.5],"size":[6,5,1],"uv":[0,10],"mirror":true},{"origin":[2,10,-0.5],"size":[6,1,1],"uv":[0,8],"mirror":true},{"origin":[5,11,-0.5],"size":[3,2,1],"uv":[0,5],"mirror":true},{"origin":[4,11,-0.5],"size":[1,1,1],"uv":[0,0],"mirror":true},{"origin":[6,13,-0.5],"size":[2,2,1],"uv":[0,2],"mirror":true},{"origin":[7,15,-0.5],"size":[1,1,1],"uv":[0,0],"mirror":true},{"origin":[7,6,-0.5],"size":[1,2,1],"uv":[0,16],"mirror":true},{"origin":[2,3,-0.5],"size":[6,2,1],"uv":[0,19],"mirror":true},{"origin":[7,2,-0.5],"size":[1,1,1],"uv":[0,0],"mirror":true},{"origin":[3,2,-0.5],"size":[2,1,1],"uv":[0,22],"mirror":true},{"origin":[4,1,-0.5],"size":[2,1,1],"uv":[0,22],"mirror":true}]}]}]}