{"format_version":"1.12.0","minecraft:geometry":[{"description":{"identifier":"geometry.hive.dr.death.marker.cry","texture_width":64,"texture_height":64,"visible_bounds_width":2,"visible_bounds_height":2.5,"visible_bounds_offset":[0,0.75,0]},"bones":[{"name":"root","pivot":[0,5.91667,0],"cubes":[{"origin":[-5,0,-0.5],"size":[10,1,1],"uv":[0,19]},{"origin":[-5,2,-0.5],"size":[10,10,1],"uv":[0,21]},{"origin":[-4,1,-0.5],"size":[8,1,1],"uv":[0,17]},{"origin":[-4,12,-0.5],"size":[8,1,1],"uv":[0,15]},{"origin":[-6,3,-0.5],"size":[1,8,1],"uv":[22,23]},{"origin":[5,3,-0.5],"size":[1,8,1],"uv":[26,23]}]}]}]}