{"format_version":"1.12.0","minecraft:geometry":[{"description":{"identifier":"geometry.hive.dr.death.marker.gg","texture_width":64,"texture_height":64,"visible_bounds_width":2,"visible_bounds_height":2.5,"visible_bounds_offset":[0,0.75,0]},"bones":[{"name":"root","pivot":[-0.58333,5.41667,-0.00033],"cubes":[{"origin":[1.5,1.5,-0.501],"size":[4,2,1],"uv":[6,13]},{"origin":[4.5,2.5,-0.5],"size":[2,6,1],"uv":[0,9]},{"origin":[1.5,7.5,-0.501],"size":[4,2,1],"uv":[6,13]},{"origin":[0.5,6.5,-0.5],"size":[2,2,1],"uv":[0,6]},{"origin":[0.5,4.5,-0.5],"size":[3,1,1],"uv":[6,11]},{"origin":[0.5,2.5,-0.5],"size":[2,2,1],"uv":[0,6]},{"origin":[-6.5,4.5,-0.5],"size":[3,1,1],"uv":[6,11]},{"origin":[-6.5,2.5,-0.5],"size":[2,2,1],"uv":[0,6]},{"origin":[-5.5,1.5,-0.501],"size":[4,2,1],"uv":[6,13]},{"origin":[-2.5,2.5,-0.5],"size":[2,6,1],"uv":[0,9]},{"origin":[-5.5,7.5,-0.501],"size":[4,2,1],"uv":[6,13]},{"origin":[-6.5,6.5,-0.5],"size":[2,2,1],"uv":[0,6]}]}]}]}