{"format_version":"1.12.0","minecraft:geometry":[{"description":{"identifier":"geometry.hive.dr.death.marker.grumpy.cat","texture_width":64,"texture_height":64,"visible_bounds_width":2,"visible_bounds_height":2,"visible_bounds_offset":[0,1,0]},"bones":[{"name":"root","pivot":[0,9.25,0],"cubes":[{"origin":[-5,0,-0.5],"size":[10,1,1],"uv":[0,23]},{"origin":[-6,1,-0.5],"size":[12,1,1],"uv":[0,20]},{"origin":[-7,2,-0.5],"size":[14,2,1],"uv":[0,16]},{"origin":[-8,4,-0.5],"size":[16,10,1],"uv":[0,4]},{"origin":[-8,14,-0.5],"size":[4,1,1],"uv":[0,2]},{"origin":[-8,15,-0.5],"size":[2,1,1],"uv":[0,0]},{"origin":[4,14,-0.5],"size":[4,1,1],"uv":[0,2],"mirror":true},{"origin":[6,15,-0.5],"size":[2,1,1],"uv":[0,0],"mirror":true}]}]}]}