{"format_version":"1.12.0","minecraft:geometry":[{"description":{"identifier":"geometry.hive.dr.death.marker.heart","texture_width":64,"texture_height":64,"visible_bounds_width":2,"visible_bounds_height":2.5,"visible_bounds_offset":[0,0.75,0]},"bones":[{"name":"root","pivot":[0.1,6.2,0],"cubes":[{"origin":[-1,0,-0.5],"size":[2,1,1],"uv":[26,11]},{"origin":[-3,1,-0.5],"size":[6,2,1],"uv":[14,13]},{"origin":[2,3,-0.5],"size":[3,9,1],"uv":[0,0]},{"origin":[5,5,-0.5],"size":[2,5,1],"uv":[8,4]},{"origin":[5,10,-0.5],"size":[1,1,1],"uv":[28,14]},{"origin":[-5,3,-0.5],"size":[5,2,1],"uv":[14,10]},{"origin":[-7,5,-0.5],"size":[6,5,1],"uv":[0,10]},{"origin":[-1,7,-0.5],"size":[1,3,1],"uv":[8,0]},{"origin":[-5,10,-0.5],"size":[3,2,1],"uv":[14,7]},{"origin":[0,8,-0.5],"size":[1,1,1],"uv":[28,14]},{"origin":[1,10,-0.5],"size":[1,1,1],"uv":[28,14]},{"origin":[1,4,-0.5],"size":[1,3,1],"uv":[8,0]},{"origin":[0,3,-0.5],"size":[1,1,1],"uv":[28,14]},{"origin":[-2,10,-0.5],"size":[1,1,1],"uv":[28,14]},{"origin":[-6,10,-0.5],"size":[1,1,1],"uv":[28,14]}]}]}]}