{"format_version":"1.12.0","minecraft:geometry":[{"description":{"identifier":"geometry.hive.dr.death.marker.kekw","texture_width":16,"texture_height":16,"visible_bounds_width":2,"visible_bounds_height":2.5,"visible_bounds_offset":[0,0.75,0]},"bones":[{"name":"root","pivot":[0,10,0],"cubes":[{"origin":[-6,2,-1],"size":[12,16,2],"uv":{"north":{"uv":[2,0],"uv_size":[12,16]},"east":{"uv":[2,0],"uv_size":[1,16]},"south":{"uv":[2,0],"uv_size":[12,16]},"west":{"uv":[13,0],"uv_size":[1,16]},"up":{"uv":[2,0],"uv_size":[12,1]},"down":{"uv":[2,16],"uv_size":[12,-1]}}},{"origin":[-8,4,-1],"size":[2,12,2],"uv":{"north":{"uv":[0,2],"uv_size":[2,12]},"east":{"uv":[0,2],"uv_size":[1,12]},"south":{"uv":[14,2],"uv_size":[2,12]},"up":{"uv":[0,2],"uv_size":[1,1]},"down":{"uv":[0,14],"uv_size":[1,-1]}}},{"origin":[6,4,-1],"size":[2,12,2],"uv":{"north":{"uv":[14,2],"uv_size":[2,12]},"south":{"uv":[0,2],"uv_size":[2,12]},"west":{"uv":[16,2],"uv_size":[-1,12]},"up":{"uv":[16,2],"uv_size":[-1,1]},"down":{"uv":[16,14],"uv_size":[-1,-1]}}},{"origin":[-7,16,-1],"size":[1,1,2],"uv":{"north":{"uv":[1,1],"uv_size":[1,1]},"east":{"uv":[1,1],"uv_size":[1,1]},"south":{"uv":[1,1],"uv_size":[1,1]},"west":{"uv":[1,1],"uv_size":[1,1]},"up":{"uv":[1,1],"uv_size":[1,1]},"down":{"uv":[1,2],"uv_size":[1,-1]}}},{"origin":[6,16,-1],"size":[1,1,2],"uv":{"north":{"uv":[14,1],"uv_size":[1,1]},"east":{"uv":[14,1],"uv_size":[1,1]},"south":{"uv":[14,1],"uv_size":[1,1]},"west":{"uv":[14,1],"uv_size":[1,1]},"up":{"uv":[14,1],"uv_size":[1,1]},"down":{"uv":[14,2],"uv_size":[1,-1]}}},{"origin":[6,3,-1],"size":[1,1,2],"uv":{"north":{"uv":[14,15],"uv_size":[1,-1]},"east":{"uv":[14,15],"uv_size":[1,-1]},"south":{"uv":[14,15],"uv_size":[1,-1]},"west":{"uv":[14,15],"uv_size":[1,-1]},"up":{"uv":[14,14],"uv_size":[1,1]},"down":{"uv":[14,15],"uv_size":[1,-1]}}},{"origin":[-7,3,-1],"size":[1,1,2],"uv":{"north":{"uv":[1,15],"uv_size":[1,-1]},"east":{"uv":[1,15],"uv_size":[1,-1]},"south":{"uv":[1,15],"uv_size":[1,-1]},"west":{"uv":[1,15],"uv_size":[1,-1]},"up":{"uv":[1,14],"uv_size":[1,1]},"down":{"uv":[1,15],"uv_size":[1,-1]}}}]}]}]}