{"format_version":"1.12.0","minecraft:geometry":[{"description":{"identifier":"geometry.hive.dr.death.marker.pin","texture_width":64,"texture_height":64,"visible_bounds_width":2,"visible_bounds_height":2.5,"visible_bounds_offset":[0,0.75,0]},"bones":[{"name":"root","pivot":[0,6.8125,0],"cubes":[{"origin":[-0.5,1,-0.5],"size":[1,1,1],"uv":[28,30]},{"origin":[-4.5,10,-0.5],"size":[9,3,1],"uv":[0,28]},{"origin":[1.5,7,-0.5],"size":[3,3,1],"uv":[20,28]},{"origin":[-4.5,5,-0.5],"size":[9,2,1],"uv":[0,25]},{"origin":[-3.5,4,-0.5],"size":[7,1,1],"uv":[0,23]},{"origin":[-2.5,3,-0.5],"size":[5,1,1],"uv":[20,26]},{"origin":[-1.5,2,-0.5],"size":[3,1,1],"uv":[16,23]},{"origin":[-4.5,7,-0.5],"size":[3,3,1],"uv":[20,28]}]}]}]}