{"format_version":"1.12.0","minecraft:geometry":[{"description":{"identifier":"geometry.hive.dr.death.marker.present","texture_width":64,"texture_height":64,"visible_bounds_width":2,"visible_bounds_height":2,"visible_bounds_offset":[0,1,0]},"bones":[{"name":"root","pivot":[0,6.55556,0.5],"cubes":[{"origin":[-6,1,0],"size":[12,8,1],"uv":[0,0]},{"origin":[-7,9,0],"size":[14,3,1],"uv":[0,9]},{"origin":[-5,12,0],"size":[10,1,1],"uv":[0,13]},{"origin":[-5,13,0],"size":[1,2,1],"uv":[10,15]},{"origin":[4,13,0],"size":[1,2,1],"uv":[6,15]},{"origin":[-2,13,0],"size":[1,2,1],"uv":[6,15]},{"origin":[1,13,0],"size":[1,2,1],"uv":[10,15]},{"origin":[-4,14,0],"size":[2,1,1],"uv":[0,15]},{"origin":[2,14,0],"size":[2,1,1],"uv":[0,15]}]}]}]}