{"format_version":"1.12.0","minecraft:geometry":[{"description":{"identifier":"geometry.hive.dr.death.marker.skull","texture_width":64,"texture_height":64,"visible_bounds_width":2,"visible_bounds_height":2,"visible_bounds_offset":[0,1,0]},"bones":[{"name":"root","pivot":[0,8.1,0],"cubes":[{"origin":[-3,9,-0.5],"size":[6,7,1],"uv":[0,0]},{"origin":[-4,10,-0.5],"size":[1,5,1],"uv":[15,2]},{"origin":[3,10,-0.5],"size":[1,5,1],"uv":[15,2]},{"origin":[1,8,-0.5],"size":[2,1,1],"uv":[0,0]},{"origin":[-3,8,-0.5],"size":[2,1,1],"uv":[0,0]},{"origin":[-7,8,-0.5],"size":[2,1,1],"uv":[7,8]},{"origin":[-7,7,-0.5],"size":[4,1,1],"uv":[0,10]},{"origin":[-6,6,-0.5],"size":[5,1,1],"uv":[0,12]},{"origin":[1,6,-0.5],"size":[5,1,1],"uv":[0,12],"mirror":true},{"origin":[3,7,-0.5],"size":[4,1,1],"uv":[0,10],"mirror":true},{"origin":[5,8,-0.5],"size":[2,1,1],"uv":[7,8],"mirror":true},{"origin":[1,2,-0.5],"size":[5,1,1],"uv":[0,12],"mirror":true},{"origin":[3,1,-0.5],"size":[4,1,1],"uv":[0,10],"mirror":true},{"origin":[5,0,-0.5],"size":[2,1,1],"uv":[7,8],"mirror":true},{"origin":[-6,2,-0.5],"size":[5,1,1],"uv":[0,12]},{"origin":[-7,1,-0.5],"size":[4,1,1],"uv":[0,10]},{"origin":[-7,0,-0.5],"size":[2,1,1],"uv":[7,8]},{"origin":[-4,5,-0.5],"size":[8,1,1],"uv":[0,14]},{"origin":[-4,3,-0.5],"size":[8,1,1],"uv":[0,14]},{"origin":[-2,4,-0.5],"size":[4,1,1],"uv":[0,16]}]}]}]}