{"format_version":"1.12.0","minecraft:geometry":[{"description":{"identifier":"geometry.hive.dr.death.marker.sonic.sign.post","texture_width":64,"texture_height":64,"visible_bounds_width":3,"visible_bounds_height":3,"visible_bounds_offset":[0,0.5,0]},"bones":[{"name":"root","pivot":[0,9.7,-0.2],"cubes":[{"origin":[-1,0,-1],"size":[2,5,2],"uv":[0,16]},{"origin":[-1,15,-1],"size":[2,2,2],"uv":[0,12]},{"origin":[-8,5,-1],"size":[16,10,2],"uv":[0,0]},{"origin":[-6.5,4,-2.5],"size":[13,12,1],"inflate":-1,"uv":[2,23]},{"origin":[-8,3.5,0.5],"size":[16,13,1],"inflate":-1,"uv":[2,36]}]}]}]}