{"format_version":"1.12.0","minecraft:geometry":[{"description":{"identifier":"geometry.hive.dr.death.marker.sonic.red.ring","texture_width":64,"texture_height":64,"visible_bounds_width":3,"visible_bounds_height":3,"visible_bounds_offset":[0,0.5,0]},"bones":[{"name":"root","pivot":[0,8,-0.05556],"cubes":[{"origin":[-5,3,-1],"size":[10,10,1],"inflate":-1,"uv":[0,0]},{"origin":[-6,1,-1],"size":[12,2,2],"uv":[0,15]},{"origin":[-6,13,-1],"size":[12,2,2],"uv":[0,11]},{"origin":[-5,12,-1],"size":[1,1,2],"uv":[16,19]},{"origin":[-5,3,-1],"size":[1,1,2],"uv":[16,19],"mirror":true},{"origin":[4,12,-1],"size":[1,1,2],"uv":[16,19],"mirror":true},{"origin":[4,3,-1],"size":[1,1,2],"uv":[16,19]},{"origin":[-7,2,-1],"size":[2,12,2],"uv":[8,19]},{"origin":[5,2,-1],"size":[2,12,2],"uv":[0,19]}]}]}]}