{"format_version":"1.12.0","minecraft:geometry":[{"description":{"identifier":"geometry.hive.dr.death.marker.sun","texture_width":64,"texture_height":64,"visible_bounds_width":2,"visible_bounds_height":3,"visible_bounds_offset":[0,0.5,0]},"bones":[{"name":"root","pivot":[0,8.25,0],"cubes":[{"origin":[-3,3,-0.5],"size":[6,10,1],"uv":[0,17]},{"origin":[-3,6,-1.5],"size":[6,6,0],"uv":[16,18]},{"origin":[-3,6,1.5],"size":[6,6,0],"uv":[16,18],"mirror":true},{"origin":[3,4,-0.5],"size":[1,8,1],"uv":[15,26]},{"origin":[-4,4,-0.5],"size":[1,8,1],"uv":[15,26]},{"origin":[4,5,-0.5],"size":[1,6,1],"uv":[20,26]},{"origin":[-5,5,-0.5],"size":[1,6,1],"uv":[20,26]},{"origin":[-8,0,0],"size":[16,16,0],"uv":[0,0]}]}]}]}