{"format_version":"1.12.0","minecraft:geometry":[{"description":{"identifier":"geometry.hive.dr.death.marker.swords","texture_width":64,"texture_height":64,"visible_bounds_width":2,"visible_bounds_height":2,"visible_bounds_offset":[0,1,0]},"bones":[{"name":"root","pivot":[0,8.38462,0],"cubes":[{"origin":[-6,12,-0.5],"size":[3,3,1],"uv":[0,0]},{"origin":[-5,11,-0.5],"size":[3,3,1],"uv":[9,0]},{"origin":[-4,10,-0.5],"size":[3,3,1],"uv":[18,0]},{"origin":[3,12,-0.5],"size":[3,3,1],"uv":[27,0]},{"origin":[2,11,-0.5],"size":[3,3,1],"uv":[36,0]},{"origin":[1,10,-0.5],"size":[3,3,1],"uv":[45,0]},{"origin":[-3,6,-0.5],"size":[6,6,1],"uv":[0,5]},{"origin":[-5,4,-0.5],"size":[4,4,1],"uv":[15,7]},{"origin":[1,4,-0.5],"size":[4,4,1],"uv":[26,7]},{"origin":[-6,3,-0.5],"size":[2,2,1],"uv":[0,13]},{"origin":[4,3,-0.5],"size":[2,2,1],"uv":[7,13]},{"origin":[-8,1,-0.5],"size":[3,3,1],"uv":[0,17]},{"origin":[5,1,-0.5],"size":[3,3,1],"uv":[9,17]}]}]}]}