{"format_version":"1.8.0","animations":{"animation.hive.hub.arcade.monorail.carriage.idle":{"loop":"hold_on_last_frame","bones":{"cupAndStraw":{"scale":0.7},"sodaCan":{"scale":0.7}}},"animation.hive.hub.arcade.monorail.carriage.doors.open":{"loop":"hold_on_last_frame","animation_length":3.72,"bones":{"leftDoor3":{"position":{"0.84":[0,0,0],"0.96":[0,0,3.06],"1.08":[0,0,2.72],"1.36":[0,0,2.86],"1.64":[0,0,4.96],"3.04":[0,0,20.5],"3.2":[0,0,19.92],"3.32":[0,0,20],"3.44":[0,0,20]}},"leftDoor4":{"scale":{"1.92":[1,1,1],"2.6":[1,1,0]}},"rightDoor":{"position":{"0.92":[0,0,0],"1.04":[0,0,-3.06],"1.16":[0,0,-2.72],"1.44":[0,0,-2.86],"1.72":[0,0,-4.96],"3.12":[0,0,-20.5],"3.28":[0,0,-19.92],"3.4":[0,0,-20],"3.52":[0,0,-20]}},"rightDoor2":{"scale":{"2.16":[1,1,1],"2.72":[1,1,0]}},"rightRamp":{"position":{"0.8":[0,0,0],"1.36":[-11,0,0],"1.48":[-10.83,0,0],"1.6":[-11,0,0]},"scale":{"0.88":[1,0.1,1],"1.36":[1,1,1]}},"leftRamp":{"position":{"0.8":[0,0,0],"1.36":[11,0,0],"1.48":[10.83,0,0],"1.6":[11,0,0]},"scale":{"0.88":[1,0.1,1],"1.36":[1,1,1]}}}},"animation.hive.hub.arcade.monorail.carriage.doors.open.hold":{"loop":"hold_on_last_frame","bones":{"rightDoor":{"position":[0,0,-20]},"rightDoor2":{"scale":[1,1,0]},"leftDoor3":{"position":[0,0,20]},"leftDoor4":{"scale":[1,1,0]},"rightRamp":{"position":[-11,0,0]},"leftRamp":{"position":[11,0,0]}}},"animation.hive.hub.arcade.monorail.carriage.doors.close":{"loop":"hold_on_last_frame","animation_length":6.92,"bones":{"rightDoor":{"position":{"1.44":[0,0,-20],"1.52":[0,0,-19.91],"1.56":[0,0,-19.82],"1.68":[0,0,-18.86],"1.92":[0,0,-15.61],"2.84":[0,0,0],"2.88":[0,0,-0.11],"2.96":[0,0,-0.225],"3.04":[0,0,-0.18],"3.08":[0,0,-0.09],"3.16":[0,0,0],"3.24":[0,0,0]}},"rightDoor2":{"scale":{"1.44":[1,1,0],"1.92":[1,1,0],"2.32":[1,1,1]}},"leftDoor3":{"position":{"1.28":[0,0,20],"1.36":[0,0,19.91],"1.4":[0,0,19.82],"1.44":[0,0,19.58],"1.52":[0,0,18.86],"1.76":[0,0,15.61],"2.6":[0,0,0.11],"2.68":[0,0,0],"2.8":[0,0,0.225],"2.88":[0,0,0.18],"2.92":[0,0,0.09],"3.0":[0,0,0],"3.08":[0,0,0]}},"leftDoor4":{"scale":{"1.28":[1,1,0],"1.76":[1,1,0],"2.16":[1,1,1]}},"rightRamp":{"position":{"1.28":[-11,0,0],"1.36":[-10.9,0,0],"1.52":[-10.48,0,0],"2.96":[0,0,0]},"scale":{"2.52":[1,1,1],"2.8":[1,0,1]}},"leftRamp":{"position":{"1.28":[11,0,0],"1.36":[10.9,0,0],"1.52":[10.48,0,0],"2.8":[0,0,0]},"scale":{"2.4":[1,1,1],"2.68":[1,0,1]}},"root":{"rotation":{"4.32":[0,0,0],"4.56":[0,0,0.03058],"4.84":[0,0,-0.06116],"5.08":[0,0,0.06116],"5.36":[0,0,0],"5.6":[0,0,0.06116],"5.88":[0,0,-0.02752],"6.12":[0,0,0.02752],"6.4":[0,0,-0.01177],"6.64":[0,0,0.01177],"6.92":[0,0,-0.01177]}}}},"animation.hive.hub.arcade.monorail.carriage.travel":{"loop":true,"animation_length":5.2,"anim_time_update":"query.modified_distance_moved / 12","bones":{"monorail":{"rotation":{"0.0":[0,0,0],"0.32":[0,0,0.18],"0.6":[0,0,0.234],"0.8":[0,0,0.252],"0.96":[0,0,0.2646],"1.16":[0,0,0.2682],"1.32":[0,0,0.27],"1.44":[0,0,0.2682],"1.64":[0,0,0.2646],"1.8":[0,0,0.252],"2.0":[0,0,0.234],"2.24":[0,0,0.18],"2.6":[0,0,0],"2.96":[0,0,-0.18],"3.24":[0,0,-0.234],"3.4":[0,0,-0.252],"3.56":[0,0,-0.2646],"3.72":[0,0,-0.2682],"3.88":[0,0,-0.27],"4.08":[0,0,-0.2682],"4.24":[0,0,-0.2646],"4.4":[0,0,-0.252],"4.6":[0,0,-0.234],"4.88":[0,0,-0.18],"5.2":[0,0,0]},"position":{"0.0":[0,0,0],"0.2":[0,-0.03375,0],"0.44":[0,0.05906,0],"0.64":[0,0.03375,0],"0.88":[0,-0.02531,0],"1.08":[0,0.05063,0],"1.32":[0,0.04219,0],"1.52":[0,-0.03375,0],"1.76":[0,0.03375,0],"1.96":[0,0.03375,0],"2.16":[0,-0.03375,0],"2.4":[0,0.03375,0],"2.6":[0,0,0],"2.8":[0,-0.03375,0],"3.04":[0,0.05906,0],"3.24":[0,0.03375,0],"3.48":[0,-0.02531,0],"3.68":[0,0.05063,0],"3.92":[0,0.04219,0],"4.12":[0,-0.03375,0],"4.36":[0,0.03375,0],"4.56":[0,0.03375,0],"4.76":[0,-0.03375,0],"5.0":[0,0.03375,0],"5.2":[0,0,0]}},"cupAndStraw":{"rotation":{"0.0":[0,0,0],"0.16":[0,0,-0.18],"0.36":[0,0,-0.81],"0.48":[0,0,-0.6876],"0.64":[0,0,0.045],"0.76":[0,0,-0.36],"0.96":[0,0,0],"2.56":[0,0,0],"2.72":[0,0,0.18],"2.92":[0,0,0.81],"3.04":[0,0,0.6876],"3.2":[0,0,-0.045],"3.32":[0,0,0.36],"3.52":[0,0,0]}},"sodaCan":{"rotation":{"0.16":[0,0,0],"0.32":[0,0,-0.15],"0.52":[0,0,-0.675],"0.64":[0,0,-0.573],"0.8":[0,0,0.0375],"0.92":[0,0,-0.3],"1.12":[0,0,0],"2.72":[0,0,0],"2.88":[0,0,0.15],"3.08":[0,0,0.675],"3.2":[0,0,0.573],"3.36":[0,0,-0.0375],"3.48":[0,0,0.3],"3.68":[0,0,0]}},"straw":{"rotation":{"0.24":[0,0,0],"0.4":[0,0,-0.6],"0.6":[0,0,-2.7],"0.72":[0,0,-2.292],"0.88":[0,0,0.15],"1.0":[0,0,-1.2],"1.2":[0,0,0],"2.8":[0,0,0],"2.96":[0,0,0.6],"3.16":[0,0,2.7],"3.28":[0,0,2.292],"3.44":[0,0,-0.15],"3.56":[0,0,1.2],"3.76":[0,0,0]}}}}}}