{"minecraft:geometry":[{"description":{"identifier":"geometry.hive.hub.arcade.npc.alien1","texture_width":64,"texture_height":64,"visible_bounds_width":3,"visible_bounds_height":6,"visible_bounds_offset":[0,2,0]},"bones":[{"name":"root","pivot":[0,0,0]},{"name":"rightLeg","parent":"root","pivot":[-1.9,12,0],"cubes":[{"origin":[-3.9,0,-2],"size":[4,12,4],"uv":[48,16]},{"origin":[-4.899,5,-3],"size":[5,3,6],"uv":[42,43]},{"origin":[-3.9,0,-4],"size":[4,3,2],"uv":[48,32]}]},{"name":"leftLeg","parent":"root","pivot":[1.9,12,0],"cubes":[{"origin":[-0.1,0,-2],"size":[4,12,4],"uv":[48,16],"mirror":true},{"origin":[-0.101,5,-3],"size":[5,3,6],"uv":[42,43],"mirror":true},{"origin":[-0.1,0,-4],"size":[4,3,2],"uv":[48,32],"mirror":true}]},{"name":"waist","parent":"root","pivot":[0,12,0]},{"name":"body","parent":"waist","pivot":[0,24,0],"cubes":[{"origin":[-4,12,-2],"size":[8,12,4],"uv":[0,0]},{"origin":[-4,8,2],"size":[8,6,0],"pivot":[0,14,2],"rotation":[20,0,0],"uv":[24,7]},{"origin":[-2,13,-3],"size":[4,5,1],"uv":[24,0]}]},{"name":"head","parent":"body","pivot":[0,24,0],"cubes":[{"origin":[-4,24,-4],"size":[8,8,8],"uv":[0,16]},{"origin":[-3,30,-5],"size":[6,3,3],"uv":[0,56]},{"origin":[-4,20,4],"size":[8,4,0],"pivot":[0,24,4],"rotation":[15,0,0],"uv":[0,51]},{"origin":[-6,26,-4],"size":[2,3,0],"pivot":[-4,26.5,-4],"rotation":[0,55,0],"uv":[0,43]},{"origin":[4,26,-4],"size":[2,3,0],"pivot":[4,26.5,-4],"rotation":[0,-55,0],"uv":[0,43],"mirror":true},{"origin":[-6,30,1],"size":[5,5,5],"pivot":[-1,32,1],"rotation":[0,-12.5,0],"uv":[0,32]},{"origin":[1,30,1],"size":[5,5,5],"pivot":[1,32,1],"rotation":[0,12.5,0],"uv":[0,32],"mirror":true}]},{"name":"leftArm","parent":"body","pivot":[5,21.5,0],"cubes":[{"origin":[4,12,-2],"size":[3,12,4],"uv":[33,32],"mirror":true},{"origin":[4,18,-3],"size":[4,3,6],"uv":[0,42],"mirror":true}]},{"name":"rightArm","parent":"body","pivot":[-5,21.5,0],"cubes":[{"origin":[-7,12,-2],"size":[3,12,4],"uv":[33,16]},{"origin":[-8,18,-3],"size":[4,3,6],"uv":[0,42]}]}]}],"format_version":"1.12.0"}