{"minecraft:geometry":[{"description":{"identifier":"geometry.hive.hub.arcade.npc.alien2","texture_width":64,"texture_height":64,"visible_bounds_width":3,"visible_bounds_height":4,"visible_bounds_offset":[0,1,0]},"bones":[{"name":"root","pivot":[0,0,0]},{"name":"rightLeg","parent":"root","pivot":[-1.9,12,0],"cubes":[{"origin":[-3.9,0,-2],"size":[4,12,4],"uv":[48,16]},{"origin":[-4.899,2,-1],"size":[5,2,4],"pivot":[-2.4,3,0],"rotation":[15,0,0],"uv":[46,37]},{"origin":[-2.9,2.75,-2.5],"size":[2,2,1],"pivot":[-1.9,2.75,-2.5],"rotation":[12,0,0],"uv":[43,37]},{"origin":[-3.9,0,-4],"size":[4,3,2],"uv":[48,32]}]},{"name":"leftLeg","parent":"root","pivot":[1.9,12,0],"cubes":[{"origin":[-0.1,0,-2],"size":[4,12,4],"uv":[48,16],"mirror":true},{"origin":[-0.101,2,-1],"size":[5,2,4],"pivot":[2.4,3,0],"rotation":[15,0,0],"uv":[46,37],"mirror":true},{"origin":[0.9,2.75,-2.5],"size":[2,2,1],"pivot":[1.9,2.75,-2.5],"rotation":[12,0,0],"uv":[43,37],"mirror":true},{"origin":[-0.1,0,-4],"size":[4,3,2],"uv":[48,32],"mirror":true}]},{"name":"waist","parent":"root","pivot":[0,12,0]},{"name":"body","parent":"waist","pivot":[0,24,0],"cubes":[{"origin":[-4,12,-2],"size":[8,12,4],"uv":[0,0]},{"origin":[-4,19,-3],"size":[3,5,1],"pivot":[-2.5,24,-2],"rotation":[5,0,0],"uv":[24,13]},{"origin":[1,19,-3],"size":[3,5,1],"pivot":[2.5,24,-2],"rotation":[5,0,0],"uv":[24,13],"mirror":true},{"origin":[-2,12,-3],"size":[4,4,1],"pivot":[0,14,-2.5],"rotation":[0,0,-45],"uv":[15,32]}]},{"name":"head","parent":"body","pivot":[0,24,0],"cubes":[{"origin":[-4,24,-4],"size":[8,8,8],"uv":[0,16]},{"origin":[-3,30,-6],"size":[6,3,4],"pivot":[0,30,-4],"rotation":[-12.5,0,0],"uv":[0,44]},{"origin":[-3,33,-6],"size":[6,2,3],"pivot":[0,30,-4],"rotation":[-12.5,0,0],"uv":[0,51]},{"origin":[-5,23,0],"size":[10,4,6],"pivot":[0,24,0],"rotation":[7.5,0,0],"uv":[24,0]},{"origin":[-4,21,6],"size":[8,2,0],"pivot":[0,24,0],"rotation":[7.5,0,0],"uv":[24,10]}]},{"name":"rightArm","parent":"body","pivot":[-5,21.5,0],"cubes":[{"origin":[-7,12,-2],"size":[3,12,4],"uv":[32,16]},{"origin":[-8,17,-3],"size":[4,3,6],"uv":[0,32]}]},{"name":"leftArm","parent":"body","pivot":[5,21.5,0],"cubes":[{"origin":[4,12,-2],"size":[3,12,4],"uv":[32,16],"mirror":true},{"origin":[4,17,-3],"size":[4,3,6],"uv":[0,32],"mirror":true}]}]}],"format_version":"1.12.0"}