{"minecraft:geometry":[{"description":{"identifier":"geometry.hive.hub.arcade.npc.human1","texture_width":64,"texture_height":64,"visible_bounds_width":3,"visible_bounds_height":6,"visible_bounds_offset":[0,2,0]},"bones":[{"name":"root","pivot":[0,0,0]},{"name":"rightLeg","parent":"root","pivot":[-1.9,12,0],"cubes":[{"origin":[-3.9,0,-2],"size":[4,12,4],"uv":[48,16]},{"origin":[-4.899,2,-1],"size":[5,2,4],"pivot":[-2.4,3,0],"rotation":[15,0,0],"uv":[44,45]},{"origin":[-3.9,0,-4],"size":[4,3,2],"uv":[48,32]},{"origin":[-2.9,2.75,-2.5],"size":[2,2,1],"pivot":[-1.9,2.75,-2.5],"rotation":[12,0,0],"uv":[48,37]}]},{"name":"leftLeg","parent":"root","pivot":[1.9,12,0],"cubes":[{"origin":[-0.1,0,-2],"size":[4,12,4],"uv":[48,16],"mirror":true},{"origin":[-0.1,2,-1],"size":[5,2,4],"pivot":[2.4,3,0],"rotation":[15,0,0],"uv":[44,45],"mirror":true},{"origin":[-0.1,0,-4],"size":[4,3,2],"uv":[48,32],"mirror":true},{"origin":[0.9,2.75,-2.5],"size":[2,2,1],"pivot":[1.9,2.75,-2.5],"rotation":[12,0,0],"uv":[48,37],"mirror":true}]},{"name":"waist","parent":"root","pivot":[0,12,0]},{"name":"body","parent":"waist","pivot":[0,24,0],"cubes":[{"origin":[-4,12,-2],"size":[8,12,4],"uv":[0,0]},{"origin":[-4,20,-2.9],"size":[3,4,1],"pivot":[-3,20,-1.9],"rotation":[0,0,-10],"uv":[25,5]},{"origin":[-3,18,-2.9],"size":[2,2,1],"pivot":[-3,20,-1.9],"rotation":[0,0,-10],"uv":[25,10]},{"origin":[1,20,-2.9],"size":[3,4,1],"pivot":[3,20,-1.9],"rotation":[0,0,10],"uv":[25,5],"mirror":true},{"origin":[1,18,-2.9],"size":[2,2,1],"pivot":[3,20,-1.9],"rotation":[0,0,10],"uv":[25,10],"mirror":true},{"origin":[-3,12,-3],"size":[6,3,1],"uv":[21,0]}]},{"name":"head","parent":"body","pivot":[0,24,0],"cubes":[{"origin":[-4,24,-4],"size":[8,8,8],"uv":[0,16]},{"origin":[1.25,28.5,-4.25],"size":[3,4,0],"pivot":[2.25,31.5,-4.25],"rotation":[0,0,5],"uv":[25,45]},{"origin":[-4,24,4],"size":[8,4,0],"pivot":[0,24,4],"rotation":[-20,0,0],"uv":[0,49]},{"origin":[-4.5,30.5,-5],"size":[5,3,2],"pivot":[-0.5,32.5,-4],"rotation":[0,0,-9.5],"uv":[19,39]},{"origin":[-5.5,29.5,-5],"size":[3,3,0],"pivot":[-0.5,32.5,-4],"rotation":[0,0,-9.5],"uv":[17,45]},{"origin":[-2,31,2],"size":[4,4,4],"pivot":[0,33,4],"rotation":[0,-45,0],"uv":[0,41]},{"origin":[-4,24,-4],"size":[0,4,8],"pivot":[-4,24,0],"rotation":[0,0,-30],"uv":[15,25]},{"origin":[4,24,-4],"size":[0,4,8],"pivot":[4,24,0],"rotation":[0,0,30],"uv":[15,25],"mirror":true}]},{"name":"translucent","parent":"head","pivot":[0,0,0],"cubes":[{"origin":[-4,26,-4],"size":[8,2,4],"inflate":0.25,"uv":[0,54]}]},{"name":"leftArm","parent":"body","pivot":[5,21.5,0],"cubes":[{"origin":[4,12,-2],"size":[3,12,4],"uv":[33,32],"mirror":true},{"origin":[4,16,-3],"size":[4,3,6],"uv":[0,32],"mirror":true}]},{"name":"rightArm","parent":"body","pivot":[-5,21.5,0],"cubes":[{"origin":[-7,12,-2],"size":[3,12,4],"uv":[33,16]},{"origin":[-7.5,14,-1.5],"size":[0,3,3],"pivot":[-7.5,15.5,0],"rotation":[-45,0,0],"uv":[25,18]},{"origin":[-8,19,-3],"size":[4,3,6],"uv":[0,32]}]}]}],"format_version":"1.12.0"}