{"format_version":"1.12.0","minecraft:geometry":[{"description":{"identifier":"geometry.hive.hub.arcade.portal.frame","texture_width":160,"texture_height":192,"visible_bounds_width":11,"visible_bounds_height":8,"visible_bounds_offset":[0,2,0]},"bones":[{"name":"root","pivot":[0,0,0]},{"name":"portal","parent":"root","pivot":[0,0,-10],"rotation":[-2.5,0,0],"cubes":[{"origin":[-7.29357,61.29357,-11.95638],"size":[16,16,24],"pivot":[0,70,0],"rotation":[0,0,45],"uv":{"north":{"uv":[46,96],"uv_size":[16,16]},"east":{"uv":[46,56],"uv_size":[24,16]},"south":{"uv":[62,96],"uv_size":[-16,16]},"west":{"uv":[70,56],"uv_size":[24,16]},"up":{"uv":[46,72],"uv_size":[16,24]},"down":{"uv":[62,96],"uv_size":[16,-24]}}},{"origin":[-34,55,-8],"size":[68,12,16],"uv":{"north":{"uv":[111,32],"uv_size":[-68,12]},"east":{"uv":[116,104],"uv_size":[-16,12]},"south":{"uv":[111,32],"uv_size":[-68,12]},"west":{"uv":[116,104],"uv_size":[-16,12]},"up":{"uv":[111,0],"uv_size":[-68,16]},"down":{"uv":[111,32],"uv_size":[-68,-16]}}},{"origin":[-25.74143,61.03499,-5.95638],"size":[22,9,12],"pivot":[-5,71,0],"rotation":[0,0,15],"uv":{"north":{"uv":[20,101],"uv_size":[22,9]},"east":{"uv":[112,12],"uv_size":[12,9]},"south":{"uv":[42,101],"uv_size":[-22,9]},"up":{"uv":[78,92],"uv_size":[22,12]}}},{"origin":[3.74143,61.03499,-5.95638],"size":[22,9,12],"pivot":[5,71,0],"rotation":[0,0,-15],"uv":{"north":{"uv":[42,101],"uv_size":[-22,9]},"south":{"uv":[20,101],"uv_size":[22,9]},"west":{"uv":[124,12],"uv_size":[-12,9]},"up":{"uv":[100,92],"uv_size":[-22,12]}}},{"origin":[-35,0,-10],"size":[14,12,20],"uv":{"north":{"uv":[106,80],"uv_size":[14,12]},"east":{"uv":[100,92],"uv_size":[20,12]},"south":{"uv":[106,80],"uv_size":[14,12]},"west":{"uv":[0,101],"uv_size":[20,12]},"up":{"uv":[78,72],"uv_size":[14,20]}}},{"origin":[-32,11,-6],"size":[11,45,12],"pivot":[-22,12,0],"rotation":[0,0,5],"uv":{"north":{"uv":[35,56],"uv_size":[11,45]},"east":{"uv":[0,56],"uv_size":[12,45]},"south":{"uv":[24,56],"uv_size":[11,45]},"west":{"uv":[12,56],"uv_size":[12,45]}}},{"origin":[21,0,-10],"size":[14,12,20],"uv":{"north":{"uv":[120,80],"uv_size":[-14,12]},"east":{"uv":[20,101],"uv_size":[-20,12]},"south":{"uv":[120,80],"uv_size":[-14,12]},"west":{"uv":[120,92],"uv_size":[-20,12]},"up":{"uv":[92,72],"uv_size":[-14,20]}}},{"origin":[21,11,-6],"size":[11,45,12],"pivot":[22,12,0],"rotation":[0,0,-5],"uv":{"north":{"uv":[35,56],"uv_size":[-11,45]},"east":{"uv":[24,56],"uv_size":[-12,45]},"south":{"uv":[46,56],"uv_size":[-11,45]},"west":{"uv":[12,56],"uv_size":[-12,45]}}},{"origin":[-21,0,5],"size":[42,56,0],"uv":{"north":{"uv":[0,0],"uv_size":[42,56]},"east":{"uv":[0,0],"uv_size":[0,56]},"south":{"uv":[42,43],"uv_size":[1,1]},"west":{"uv":[0,0],"uv_size":[0,56]},"up":{"uv":[0,0],"uv_size":[43,0]},"down":{"uv":[0,0],"uv_size":[43,0]}}}]},{"name":"vine2","parent":"portal","pivot":[22,55,-8],"cubes":[{"origin":[16,46,-8],"size":[11,9,0],"uv":{"north":{"uv":[132,91],"uv_size":[11,9]},"east":{"uv":[274,101],"uv_size":[0,9]},"south":{"uv":[143,91],"uv_size":[11,9]},"west":{"uv":[285,101],"uv_size":[0,9]},"up":{"uv":[274,101],"uv_size":[11,0]},"down":{"uv":[285,101],"uv_size":[11,0]}}}]},{"name":"bone3","parent":"vine2","pivot":[21,47,-8],"cubes":[{"origin":[16,37,-8],"size":[11,10,0],"uv":{"north":{"uv":[143,101],"uv_size":[-11,10]},"east":{"uv":[274,101],"uv_size":[0,9]},"south":{"uv":[143,91],"uv_size":[11,9]},"west":{"uv":[285,101],"uv_size":[0,9]},"up":{"uv":[274,101],"uv_size":[11,0]},"down":{"uv":[285,101],"uv_size":[11,0]}}}]},{"name":"vine4","parent":"portal","pivot":[-22,55,8],"cubes":[{"origin":[-27,46,8],"size":[11,9,0],"uv":{"north":{"uv":[143,91],"uv_size":[11,9]},"east":{"uv":[285,101],"uv_size":[0,9]},"south":{"uv":[132,91],"uv_size":[11,9]},"west":{"uv":[274,101],"uv_size":[0,9]},"up":{"uv":[285,101],"uv_size":[-11,0]},"down":{"uv":[296,101],"uv_size":[-11,0]}}}]},{"name":"bone2","parent":"vine4","pivot":[-21,47,8],"cubes":[{"origin":[-27,37,8],"size":[11,10,0],"uv":{"north":{"uv":[143,91],"uv_size":[11,9]},"east":{"uv":[285,101],"uv_size":[0,9]},"south":{"uv":[143,101],"uv_size":[-11,10]},"west":{"uv":[274,101],"uv_size":[0,9]},"up":{"uv":[285,101],"uv_size":[-11,0]},"down":{"uv":[296,101],"uv_size":[-11,0]}}}]},{"name":"vine1","parent":"portal","pivot":[-21,55,-8],"cubes":[{"origin":[-27,45,-8],"size":[11,10,0],"uv":{"north":{"uv":[132,101],"uv_size":[11,10]},"east":{"uv":[285,101],"uv_size":[0,9]},"south":{"uv":[154,91],"uv_size":[-11,9]},"west":{"uv":[274,101],"uv_size":[0,9]},"up":{"uv":[285,101],"uv_size":[-11,0]},"down":{"uv":[296,101],"uv_size":[-11,0]}}}]},{"name":"vine3","parent":"portal","pivot":[21,55,8],"cubes":[{"origin":[16,45,8],"size":[11,10,0],"uv":{"north":{"uv":[154,91],"uv_size":[-11,9]},"east":{"uv":[274,101],"uv_size":[0,9]},"south":{"uv":[132,101],"uv_size":[11,10]},"west":{"uv":[285,101],"uv_size":[0,9]},"up":{"uv":[274,101],"uv_size":[11,0]},"down":{"uv":[285,101],"uv_size":[11,0]}}}]},{"name":"itemOffset","parent":"root","pivot":[0,0,30]},{"name":"gravity","parent":"itemOffset","pivot":[0,-16,-1],"rotation":[-90,0,0]},{"name":"itemRotation","parent":"gravity","pivot":[0,-16,-1],"rotation":[0,0,-90]},{"name":"hovercar","parent":"itemRotation","pivot":[0,-16.32415,-1.31297],"rotation":[90,0,90],"cubes":[{"origin":[-6,-20.32415,-15.31297],"size":[11,4,24],"uv":{"north":{"uv":[73,112],"uv_size":[11,4]},"east":{"uv":[97,116],"uv_size":[-24,4]},"south":{"uv":[73,108],"uv_size":[11,4]},"west":{"uv":[73,116],"uv_size":[24,4]},"up":{"uv":[73,120],"uv_size":[-11,-24]},"down":{"uv":[131,114],"uv_size":[-11,-24]}}},{"origin":[-8,-16.89773,7.50618],"size":[15,0,6],"pivot":[0,-16.32415,6.68703],"rotation":[35,0,0],"uv":{"north":{"uv":[185,81],"uv_size":[15,0]},"east":{"uv":[185,81],"uv_size":[6,0]},"south":{"uv":[185,81],"uv_size":[15,0]},"west":{"uv":[185,81],"uv_size":[6,0]},"up":{"uv":[49,136],"uv_size":[-15,-6]},"down":{"uv":[55,136],"uv_size":[-5,-6]}}},{"origin":[-3,-20.32415,8.68703],"size":[5,3,2],"uv":{"north":{"uv":[75,126],"uv_size":[5,3]},"east":{"uv":[67,120],"uv_size":[2,3]},"south":{"uv":[62,120],"uv_size":[5,3]},"west":{"uv":[67,120],"uv_size":[2,3]},"up":{"uv":[74,122],"uv_size":[-5,-2]},"down":{"uv":[74,122],"uv_size":[-5,-2]}}},{"origin":[-8,-21.32415,-12.31297],"size":[4,3,4],"uv":{"north":{"uv":[62,123],"uv_size":[4,3]},"east":{"uv":[62,123],"uv_size":[4,3]},"south":{"uv":[62,123],"uv_size":[4,3]},"west":{"uv":[62,123],"uv_size":[4,3]},"up":{"uv":[70,130],"uv_size":[-4,-4]},"down":{"uv":[62,126],"uv_size":[4,4]}}},{"origin":[3,-21.32415,-12.31297],"size":[4,3,4],"uv":{"north":{"uv":[62,123],"uv_size":[4,3]},"east":{"uv":[62,123],"uv_size":[4,3]},"south":{"uv":[62,123],"uv_size":[4,3]},"west":{"uv":[62,123],"uv_size":[4,3]},"up":{"uv":[70,130],"uv_size":[-4,-4]},"down":{"uv":[66,126],"uv_size":[-4,4]}}},{"origin":[3,-21.32415,1.68703],"size":[4,3,4],"uv":{"north":{"uv":[62,123],"uv_size":[4,3]},"east":{"uv":[62,123],"uv_size":[4,3]},"south":{"uv":[62,123],"uv_size":[4,3]},"west":{"uv":[62,123],"uv_size":[4,3]},"up":{"uv":[70,130],"uv_size":[-4,-4]},"down":{"uv":[66,130],"uv_size":[-4,-4]}}},{"origin":[-8,-21.32415,1.68703],"size":[4,3,4],"uv":{"north":{"uv":[62,123],"uv_size":[4,3]},"east":{"uv":[62,123],"uv_size":[4,3]},"south":{"uv":[62,123],"uv_size":[4,3]},"west":{"uv":[62,123],"uv_size":[4,3]},"up":{"uv":[70,130],"uv_size":[-4,-4]},"down":{"uv":[62,130],"uv_size":[4,-4]}}},{"origin":[-6,-16.32415,-6.31297],"size":[11,4,10],"uv":{"north":{"uv":[23,117],"uv_size":[11,4]},"east":{"uv":[22,113],"uv_size":[-10,4]},"south":{"uv":[23,117],"uv_size":[11,4]},"west":{"uv":[12,113],"uv_size":[10,4]},"up":{"uv":[23,127],"uv_size":[-11,-10]}}},{"origin":[5,-16.32415,-6.31297],"size":[3,2,0],"pivot":[5,-15.32415,-6.31297],"rotation":[0,-30,0],"uv":{"north":{"uv":[34,125],"uv_size":[3,2]},"east":{"uv":[22,113],"uv_size":[-10,4]},"south":{"uv":[36,127],"uv_size":[3,2]},"west":{"uv":[12,113],"uv_size":[10,4]},"up":{"uv":[23,127],"uv_size":[-11,-10]}}},{"origin":[-7.79423,-16.32415,-10.81297],"size":[3,2,0],"pivot":[3,-15.32415,-6.31297],"rotation":[0,30,0],"uv":{"north":{"uv":[37,125],"uv_size":[-3,2]},"east":{"uv":[22,113],"uv_size":[-10,4]},"south":{"uv":[39,127],"uv_size":[-3,2]},"west":{"uv":[12,113],"uv_size":[10,4]},"up":{"uv":[12,127],"uv_size":[11,-10]}}},{"origin":[-5,-18.32415,-6.31297],"size":[9,6,3],"pivot":[0,-12.32415,-6.31297],"rotation":[-45,0,0],"uv":{"north":{"uv":[22,110],"uv_size":[9,6]},"east":{"uv":[34,116],"uv_size":[-3,-6]},"west":{"uv":[31,116],"uv_size":[3,-6]}}},{"origin":[-5,-18.32415,0.68703],"size":[9,6,3],"pivot":[0,-12.32415,3.68703],"rotation":[37.5,0,0],"uv":{"north":{"uv":[84,104],"uv_size":[9,6]},"east":{"uv":[96,110],"uv_size":[-3,6]},"south":{"uv":[84,110],"uv_size":[9,6]},"west":{"uv":[93,110],"uv_size":[3,6]},"up":{"uv":[93,107],"uv_size":[-9,-3]},"down":{"uv":[93,107],"uv_size":[-9,-3]}}}]},{"name":"egg","parent":"itemRotation","pivot":[0,-16,-3],"rotation":[90,0,0],"cubes":[{"origin":[-2.5,-20,-5.5],"size":[5,1,5],"uv":{"north":{"uv":[97,61],"uv_size":[5,1]},"east":{"uv":[97,61],"uv_size":[5,1]},"south":{"uv":[97,61],"uv_size":[5,1]},"west":{"uv":[97,61],"uv_size":[5,1]},"up":{"uv":[5,20],"uv_size":[5,5]},"down":{"uv":[103,63],"uv_size":[5,-5]}}},{"origin":[-2.5,-13,-5.5],"size":[5,2,5],"uv":{"north":{"uv":[97,53],"uv_size":[5,2]},"east":{"uv":[97,53],"uv_size":[5,2]},"south":{"uv":[97,53],"uv_size":[5,2]},"west":{"uv":[97,53],"uv_size":[5,2]},"up":{"uv":[103,53],"uv_size":[5,5]},"down":{"uv":[103,58],"uv_size":[5,-5]}}},{"origin":[-3.5,-19,-6.5],"size":[7,6,7],"uv":{"north":{"uv":[96,55],"uv_size":[7,6]},"east":{"uv":[96,55],"uv_size":[7,6]},"south":{"uv":[96,55],"uv_size":[7,6]},"west":{"uv":[96,55],"uv_size":[7,6]},"up":{"uv":[96,62],"uv_size":[7,7]},"down":{"uv":[97,62],"uv_size":[5,-1]}}}]},{"name":"disc","parent":"itemRotation","pivot":[0,-17,0],"rotation":[0,0,-90],"cubes":[{"origin":[-4,-18,-6],"size":[8,2,12],"uv":{"north":{"uv":[94,84],"uv_size":[8,2]},"east":{"uv":[94,85],"uv_size":[7,-2]},"south":{"uv":[94,84],"uv_size":[8,2]},"west":{"uv":[94,84],"uv_size":[7,2]},"up":{"uv":[94,70],"uv_size":[8,12]},"down":{"uv":[94,82],"uv_size":[8,-12]}}},{"origin":[-6,-18,-4],"size":[2,2,8],"uv":{"north":{"uv":[97,84],"uv_size":[2,2]},"east":{"uv":[94,84],"uv_size":[8,2]},"south":{"uv":[98,84],"uv_size":[2,2]},"up":{"uv":[102,72],"uv_size":[2,8]},"down":{"uv":[102,80],"uv_size":[2,-8]}}},{"origin":[4,-18,-4],"size":[2,2,8],"uv":{"north":{"uv":[94,82],"uv_size":[2,2]},"south":{"uv":[95,84],"uv_size":[2,2]},"west":{"uv":[94,84],"uv_size":[8,2]},"up":{"uv":[104,72],"uv_size":[-2,8]},"down":{"uv":[104,80],"uv_size":[-2,-8]}}}]},{"name":"flag","parent":"itemRotation","pivot":[0,-17,-19],"rotation":[90,0,90],"cubes":[{"origin":[-1,-34,-20.5],"size":[3,28,3],"uv":{"north":{"uv":[3,116],"uv_size":[3,28]},"east":{"uv":[0,116],"uv_size":[3,28]},"south":{"uv":[9,116],"uv_size":[3,28]},"west":{"uv":[6,116],"uv_size":[3,28]},"up":{"uv":[3,113],"uv_size":[3,3]},"down":{"uv":[6,116],"uv_size":[3,-3]}}},{"origin":[-2,-6,-21.5],"size":[5,5,5],"uv":{"north":{"uv":[24,136],"uv_size":[5,5]},"east":{"uv":[19,136],"uv_size":[5,5]},"south":{"uv":[34,136],"uv_size":[5,5]},"west":{"uv":[29,136],"uv_size":[5,5]},"up":{"uv":[24,131],"uv_size":[5,5]},"down":{"uv":[29,136],"uv_size":[5,-5]}}},{"origin":[-7,-5,-19],"size":[5,3,0],"uv":{"north":{"uv":[19,155],"uv_size":[5,3]},"east":{"uv":[19,155],"uv_size":[0,3]},"south":{"uv":[24,155],"uv_size":[5,3]},"west":{"uv":[24,155],"uv_size":[0,3]},"up":{"uv":[19,155],"uv_size":[5,0]},"down":{"uv":[24,155],"uv_size":[5,0]}}},{"origin":[3,-5,-19],"size":[5,3,0],"uv":{"north":{"uv":[20,150],"uv_size":[5,3]},"east":{"uv":[20,150],"uv_size":[0,3]},"south":{"uv":[25,150],"uv_size":[5,3]},"west":{"uv":[25,150],"uv_size":[0,3]},"up":{"uv":[20,150],"uv_size":[5,0]},"down":{"uv":[25,150],"uv_size":[5,0]}}},{"origin":[-2,-1,-19],"size":[5,7,0],"uv":{"north":{"uv":[19,142],"uv_size":[5,7]},"east":{"uv":[19,142],"uv_size":[0,7]},"south":{"uv":[24,142],"uv_size":[5,7]},"west":{"uv":[24,142],"uv_size":[0,7]},"up":{"uv":[19,142],"uv_size":[5,0]},"down":{"uv":[24,142],"uv_size":[5,0]}}}]},{"name":"flagCloth","parent":"flag","pivot":[2,-14,-19],"cubes":[{"origin":[2,-20,-19],"size":[11,14,0],"uv":{"north":{"uv":[17,160],"uv_size":[11,14]},"east":{"uv":[17,160],"uv_size":[0,14]},"south":{"uv":[28,160],"uv_size":[11,14]},"west":{"uv":[28,160],"uv_size":[0,14]},"up":{"uv":[17,160],"uv_size":[11,0]},"down":{"uv":[28,160],"uv_size":[11,0]}}},{"origin":[13,-20,-19],"size":[11,14,0],"uv":{"north":{"uv":[17,175],"uv_size":[11,14]},"east":{"uv":[17,175],"uv_size":[0,14]},"south":{"uv":[28,175],"uv_size":[11,14]},"west":{"uv":[28,175],"uv_size":[0,14]},"up":{"uv":[17,175],"uv_size":[11,0]},"down":{"uv":[28,175],"uv_size":[11,0]}}}]},{"name":"burger","parent":"itemRotation","pivot":[0,-17,0],"cubes":[{"origin":[-3,-20,-3],"size":[6,1,6],"uv":{"north":{"uv":[139,174],"uv_size":[6,1]},"east":{"uv":[133,174],"uv_size":[6,1]},"south":{"uv":[151,174],"uv_size":[6,1]},"west":{"uv":[145,174],"uv_size":[6,1]},"up":{"uv":[139,168],"uv_size":[6,6]},"down":{"uv":[145,174],"uv_size":[6,-6]}}},{"origin":[-3,-16,-3],"size":[6,2,6],"uv":{"north":{"uv":[121,172],"uv_size":[6,2]},"east":{"uv":[115,172],"uv_size":[6,2]},"south":{"uv":[133,172],"uv_size":[6,2]},"west":{"uv":[127,172],"uv_size":[6,2]},"up":{"uv":[121,166],"uv_size":[6,6]},"down":{"uv":[127,172],"uv_size":[6,-6]}}},{"origin":[-3,-17,0],"size":[3,1,3],"pivot":[-1.5,-16.5,1.5],"rotation":[0,20,0],"uv":{"north":{"uv":[139,190],"uv_size":[3,1]},"east":{"uv":[136,190],"uv_size":[3,1]},"south":{"uv":[145,190],"uv_size":[3,1]},"west":{"uv":[142,190],"uv_size":[3,1]},"up":{"uv":[139,187],"uv_size":[3,3]},"down":{"uv":[142,190],"uv_size":[3,-3]}}},{"origin":[0,-17,-3],"size":[3,1,3],"pivot":[1.5,-16.5,-1.5],"rotation":[0,-20,0],"uv":{"north":{"uv":[136,178],"uv_size":[3,1]},"east":{"uv":[133,178],"uv_size":[3,1]},"south":{"uv":[142,178],"uv_size":[3,1]},"west":{"uv":[139,178],"uv_size":[3,1]},"up":{"uv":[136,175],"uv_size":[3,3]},"down":{"uv":[139,178],"uv_size":[3,-3]}}},{"origin":[-3,-17,-3],"size":[2,1,2],"pivot":[-2,-16.5,-2],"rotation":[0,-45,0],"uv":{"north":{"uv":[125,191],"uv_size":[2,1]},"east":{"uv":[123,191],"uv_size":[2,1]},"south":{"uv":[129,191],"uv_size":[2,1]},"west":{"uv":[127,191],"uv_size":[2,1]},"up":{"uv":[125,189],"uv_size":[2,2]},"down":{"uv":[127,191],"uv_size":[2,-2]}}},{"origin":[1,-17,1],"size":[2,1,2],"pivot":[2,-16.5,2],"rotation":[0,-45,0],"uv":{"north":{"uv":[117,191],"uv_size":[2,1]},"east":{"uv":[115,191],"uv_size":[2,1]},"south":{"uv":[121,191],"uv_size":[2,1]},"west":{"uv":[119,191],"uv_size":[2,1]},"up":{"uv":[117,189],"uv_size":[2,2]},"down":{"uv":[119,191],"uv_size":[2,-2]}}},{"origin":[-2.5,-19,-2.5],"size":[5,1,5],"pivot":[0,-18.5,0],"rotation":[0,-10,0],"uv":{"north":{"uv":[138,186],"uv_size":[5,1]},"east":{"uv":[133,186],"uv_size":[5,1]},"south":{"uv":[148,186],"uv_size":[5,1]},"west":{"uv":[143,186],"uv_size":[5,1]},"up":{"uv":[138,181],"uv_size":[5,5]},"down":{"uv":[143,186],"uv_size":[5,-5]}}},{"origin":[-3,-19,-3],"size":[6,1,6],"pivot":[0,-18.5,0],"rotation":[0,-15,0],"uv":{"north":{"uv":[121,180],"uv_size":[6,1]},"east":{"uv":[115,180],"uv_size":[6,1]},"south":{"uv":[133,180],"uv_size":[6,1]},"west":{"uv":[127,180],"uv_size":[6,1]},"up":{"uv":[121,174],"uv_size":[6,6]},"down":{"uv":[127,180],"uv_size":[6,-6]}}}]},{"name":"burgerLettuce","parent":"burger","pivot":[0,-17.3,0],"rotation":[0,15,0],"cubes":[{"origin":[-3,-17.999,-3],"size":[6,1,6],"uv":{"north":{"uv":[121,187],"uv_size":[6,1]},"east":{"uv":[115,187],"uv_size":[6,1]},"south":{"uv":[133,187],"uv_size":[6,1]},"west":{"uv":[127,187],"uv_size":[6,1]},"up":{"uv":[121,181],"uv_size":[6,6]},"down":{"uv":[127,187],"uv_size":[6,-6]}}},{"origin":[3,-18,-3],"size":[0,1,6],"pivot":[3,-17,0],"rotation":[0,0,-40],"uv":{"north":{"uv":[133,188],"uv_size":[0,1]},"east":{"uv":[127,188],"uv_size":[6,1]},"south":{"uv":[139,188],"uv_size":[0,1]},"west":{"uv":[133,188],"uv_size":[6,1]},"up":{"uv":[133,182],"uv_size":[0,6]},"down":{"uv":[133,188],"uv_size":[0,-6]}}},{"origin":[-3,-18,-3],"size":[0,1,6],"pivot":[-3,-17,0],"rotation":[0,0,40],"uv":{"north":{"uv":[121,188],"uv_size":[0,1]},"east":{"uv":[115,188],"uv_size":[6,1]},"south":{"uv":[127,188],"uv_size":[0,1]},"west":{"uv":[121,188],"uv_size":[6,1]},"up":{"uv":[121,182],"uv_size":[0,6]},"down":{"uv":[121,188],"uv_size":[0,-6]}}},{"origin":[-3,-17,-4],"size":[6,0,1],"pivot":[0,-17,-3],"rotation":[40,0,0],"uv":{"north":{"uv":[133,168],"uv_size":[6,0]},"east":{"uv":[132,168],"uv_size":[1,0]},"south":{"uv":[140,168],"uv_size":[6,0]},"west":{"uv":[139,168],"uv_size":[1,0]},"up":{"uv":[133,167],"uv_size":[6,1]},"down":{"uv":[139,168],"uv_size":[6,-1]}}},{"origin":[-3,-17,3],"size":[6,0,1],"pivot":[0,-17,3],"rotation":[-40,0,0],"uv":{"north":{"uv":[133,167],"uv_size":[6,0]},"east":{"uv":[132,167],"uv_size":[1,0]},"south":{"uv":[140,167],"uv_size":[6,0]},"west":{"uv":[139,167],"uv_size":[1,0]},"up":{"uv":[133,166],"uv_size":[6,1]},"down":{"uv":[139,167],"uv_size":[6,-1]}}}]},{"name":"donut","parent":"itemRotation","pivot":[0,-18,0],"rotation":[0,90,0],"cubes":[{"origin":[-6,-23,-3],"size":[12,4,6],"uv":{"north":{"uv":[126,76],"uv_size":[12,4]},"east":{"uv":[120,76],"uv_size":[6,4]},"south":{"uv":[144,76],"uv_size":[12,4]},"west":{"uv":[138,76],"uv_size":[6,4]},"up":{"uv":[126,70],"uv_size":[12,6]},"down":{"uv":[138,76],"uv_size":[12,-6]}}},{"origin":[-6,-15,-3],"size":[12,4,6],"uv":{"north":{"uv":[126,66],"uv_size":[12,4]},"east":{"uv":[120,66],"uv_size":[6,4]},"south":{"uv":[144,66],"uv_size":[12,4]},"west":{"uv":[138,66],"uv_size":[6,4]},"up":{"uv":[126,60],"uv_size":[12,6]},"down":{"uv":[138,66],"uv_size":[12,-6]}}},{"origin":[-6,-19,-3],"size":[4,4,6],"uv":{"north":{"uv":[126,86],"uv_size":[4,4]},"east":{"uv":[120,86],"uv_size":[6,4]},"south":{"uv":[136,86],"uv_size":[4,4]},"west":{"uv":[130,86],"uv_size":[6,4]},"up":{"uv":[126,80],"uv_size":[4,6]},"down":{"uv":[130,86],"uv_size":[4,-6]}}},{"origin":[2,-19,-3],"size":[4,4,6],"uv":{"north":{"uv":[146,86],"uv_size":[4,4]},"east":{"uv":[140,86],"uv_size":[6,4]},"south":{"uv":[156,86],"uv_size":[4,4]},"west":{"uv":[150,86],"uv_size":[6,4]},"up":{"uv":[146,80],"uv_size":[4,6]},"down":{"uv":[150,86],"uv_size":[4,-6]}}},{"origin":[-4.25,-13,-3.1],"size":[2,1,0],"pivot":[-3.25,-12.5,-3.1],"rotation":[0,0,15],"uv":{"north":{"uv":[120,60],"uv_size":[2,1]}}},{"origin":[-3.5,-21,-3.1],"size":[2,1,0],"pivot":[-2.5,-20.5,-3.1],"rotation":[0,0,15],"uv":{"north":{"uv":[120,61],"uv_size":[2,1]}}},{"origin":[3.75,-18,-3.1],"size":[2,1,0],"pivot":[4.75,-17.5,-3.1],"rotation":[0,0,15],"uv":{"north":{"uv":[120,60],"uv_size":[2,1]},"up":{"uv":[120,60],"uv_size":[2,0]},"down":{"uv":[122,60],"uv_size":[2,0]}}},{"origin":[2.5,-22.25,-3.1],"size":[2,1,0],"pivot":[3.5,-21.75,-3.1],"rotation":[0,0,-22.5],"uv":{"north":{"uv":[120,62],"uv_size":[2,1]}}},{"origin":[2.5,-14,-3.1],"size":[2,1,0],"pivot":[3.5,-13.5,-3.1],"rotation":[0,0,-22.5],"uv":{"north":{"uv":[120,61],"uv_size":[2,1]}}},{"origin":[-5.5,-17,-3.1],"size":[2,1,0],"pivot":[-4.5,-16.5,-3.1],"rotation":[0,0,-22.5],"uv":{"north":{"uv":[120,62],"uv_size":[2,1]}}}]},{"name":"globe","parent":"itemRotation","pivot":[0,-17,0],"rotation":[90,0,0],"cubes":[{"origin":[-4,-21,-4],"size":[8,8,8],"uv":{"north":{"uv":[119,34],"uv_size":[8,8]},"east":{"uv":[111,34],"uv_size":[8,8]},"south":{"uv":[135,34],"uv_size":[8,8]},"west":{"uv":[127,34],"uv_size":[8,8]},"up":{"uv":[119,26],"uv_size":[8,8]},"down":{"uv":[135,26],"uv_size":[-8,8]}}},{"origin":[-4,-21,-4],"size":[8,8,8],"inflate":0.4,"uv":{"north":{"uv":[119,50],"uv_size":[8,8]},"east":{"uv":[111,50],"uv_size":[8,8]},"south":{"uv":[135,50],"uv_size":[8,8]},"west":{"uv":[127,50],"uv_size":[8,8]},"up":{"uv":[119,42],"uv_size":[8,8]},"down":{"uv":[135,42],"uv_size":[-8,8]}}}]},{"name":"luckyblock","parent":"itemRotation","pivot":[0,-16.83333,-2],"rotation":[90,0,0],"cubes":[{"origin":[-7,-26,-9],"size":[14,14,14],"uv":{"north":{"uv":[55,153],"uv_size":[14,14]},"east":{"uv":[41,153],"uv_size":[14,14]},"south":{"uv":[83,153],"uv_size":[14,14]},"west":{"uv":[69,153],"uv_size":[14,14]},"up":{"uv":[55,139],"uv_size":[14,14]},"down":{"uv":[69,153],"uv_size":[14,-14]}}},{"origin":[-6,-25,5.5],"size":[12,12,0],"uv":{"north":{"uv":[66,172],"uv_size":[-12,12]},"east":{"uv":[68,186],"uv_size":[0,12]},"south":{"uv":[41,172],"uv_size":[12,12]},"west":{"uv":[53,172],"uv_size":[0,12]},"up":{"uv":[68,186],"uv_size":[12,0]},"down":{"uv":[80,186],"uv_size":[12,0]}}},{"origin":[-7.5,-25,-8],"size":[0,12,12],"uv":{"north":{"uv":[53,172],"uv_size":[0,12]},"east":{"uv":[41,172],"uv_size":[12,12]},"south":{"uv":[65,172],"uv_size":[0,12]},"west":{"uv":[53,172],"uv_size":[12,12]},"up":{"uv":[53,160],"uv_size":[0,12]},"down":{"uv":[53,172],"uv_size":[0,-12]}}},{"origin":[7.5,-25,-8],"size":[0,12,12],"uv":{"north":{"uv":[53,172],"uv_size":[0,12]},"east":{"uv":[65,172],"uv_size":[-12,12]},"south":{"uv":[65,172],"uv_size":[0,12]},"west":{"uv":[41,172],"uv_size":[12,12]},"up":{"uv":[65,173],"uv_size":[0,12]},"down":{"uv":[65,185],"uv_size":[0,-12]}}},{"origin":[-6,-25,-9.5],"size":[12,12,0],"uv":{"north":{"uv":[41,172],"uv_size":[12,12]},"east":{"uv":[41,172],"uv_size":[0,12]},"south":{"uv":[53,172],"uv_size":[12,12]},"west":{"uv":[53,172],"uv_size":[0,12]},"up":{"uv":[41,172],"uv_size":[12,0]},"down":{"uv":[53,172],"uv_size":[12,0]}}}]},{"name":"football","parent":"itemRotation","pivot":[-1,-17,0],"cubes":[{"origin":[-9,-25,-8],"size":[16,16,16],"uv":{"north":{"uv":[97,153],"uv_size":[16,16]},"east":{"uv":[97,153],"uv_size":[16,16]},"south":{"uv":[97,153],"uv_size":[16,16]},"west":{"uv":[97,153],"uv_size":[16,16]},"up":{"uv":[97,153],"uv_size":[16,16]},"down":{"uv":[97,169],"uv_size":[16,-16]}}},{"origin":[-6,-9,-5],"size":[10,2,10],"pivot":[-1,-8,0],"rotation":[0,45,0],"uv":{"north":{"uv":[97,171],"uv_size":[10,-2]},"east":{"uv":[97,171],"uv_size":[10,-2]},"south":{"uv":[97,171],"uv_size":[10,-2]},"west":{"uv":[97,171],"uv_size":[10,-2]},"up":{"uv":[113,153],"uv_size":[10,10]},"down":{"uv":[115,173],"uv_size":[10,-10]}}},{"origin":[-6,-27,-5],"size":[10,2,10],"pivot":[-1,-8,0],"rotation":[0,45,0],"uv":{"north":{"uv":[97,169],"uv_size":[10,2]},"east":{"uv":[97,169],"uv_size":[10,2]},"south":{"uv":[97,169],"uv_size":[10,2]},"west":{"uv":[97,169],"uv_size":[10,2]},"up":{"uv":[115,163],"uv_size":[10,10]},"down":{"uv":[113,163],"uv_size":[10,-10]}}},{"origin":[-11,-22,-5],"size":[2,10,10],"pivot":[-10,-17,0],"rotation":[45,0,0],"uv":{"north":{"uv":[115,163],"uv_size":[-2,10]},"east":{"uv":[113,153],"uv_size":[10,10]},"south":{"uv":[113,163],"uv_size":[2,10]},"west":{"uv":[115,163],"uv_size":[10,10]},"up":{"uv":[115,163],"uv_size":[-2,10]},"down":{"uv":[115,173],"uv_size":[-2,-10]}}},{"origin":[7,-22,-5],"size":[2,10,10],"pivot":[8,-17,0],"rotation":[45,0,0],"uv":{"north":{"uv":[113,163],"uv_size":[2,10]},"east":{"uv":[115,163],"uv_size":[10,10]},"south":{"uv":[115,163],"uv_size":[-2,10]},"west":{"uv":[113,153],"uv_size":[10,10]},"up":{"uv":[113,163],"uv_size":[2,10]},"down":{"uv":[113,173],"uv_size":[2,-10]}}},{"origin":[-6,-22,-10],"size":[10,10,2],"pivot":[-1,-17,-9],"rotation":[0,0,45],"uv":{"north":{"uv":[113,153],"uv_size":[10,10]},"east":{"uv":[113,163],"uv_size":[2,10]},"south":{"uv":[115,163],"uv_size":[10,10]},"west":{"uv":[115,163],"uv_size":[-2,10]},"up":{"uv":[97,169],"uv_size":[10,2]},"down":{"uv":[97,171],"uv_size":[10,-2]}}},{"origin":[-6,-22,8],"size":[10,10,2],"pivot":[-1,-17,9],"rotation":[0,0,45],"uv":{"north":{"uv":[115,163],"uv_size":[10,10]},"east":{"uv":[115,163],"uv_size":[-2,10]},"south":{"uv":[113,153],"uv_size":[10,10]},"west":{"uv":[113,163],"uv_size":[2,10]},"up":{"uv":[97,171],"uv_size":[10,-2]},"down":{"uv":[107,169],"uv_size":[-10,2]}}}]},{"name":"goldMailbot","parent":"itemRotation","pivot":[0,-17,0],"rotation":[90,0,90],"cubes":[{"origin":[-4,-18,-4],"size":[8,8,8],"uv":{"north":{"uv":[91,128],"uv_size":[8,8]},"east":{"uv":[83,128],"uv_size":[8,8]},"south":{"uv":[107,128],"uv_size":[8,8]},"west":{"uv":[99,128],"uv_size":[8,8]},"up":{"uv":[91,120],"uv_size":[8,8]},"down":{"uv":[99,128],"uv_size":[8,-8]}}},{"origin":[-3,-23,-2],"size":[6,5,4],"uv":{"north":{"uv":[87,148],"uv_size":[6,5]},"east":{"uv":[83,148],"uv_size":[4,5]},"south":{"uv":[97,148],"uv_size":[6,5]},"west":{"uv":[93,148],"uv_size":[4,5]},"up":{"uv":[87,144],"uv_size":[6,4]},"down":{"uv":[93,148],"uv_size":[6,-4]}}},{"origin":[-2,-26,-3],"size":[4,6,6],"uv":{"north":{"uv":[110,147],"uv_size":[4,6]},"east":{"uv":[104,147],"uv_size":[6,6]},"south":{"uv":[120,147],"uv_size":[4,6]},"west":{"uv":[114,147],"uv_size":[6,6]},"up":{"uv":[110,141],"uv_size":[4,6]},"down":{"uv":[114,147],"uv_size":[4,-6]}}},{"origin":[-4,-17,-5],"size":[8,6,1],"uv":{"north":{"uv":[84,137],"uv_size":[8,6]},"east":{"uv":[83,137],"uv_size":[1,6]},"south":{"uv":[93,137],"uv_size":[8,6]},"west":{"uv":[92,137],"uv_size":[1,6]},"up":{"uv":[84,136],"uv_size":[8,1]},"down":{"uv":[92,137],"uv_size":[8,-1]}}}],"locators":{"shine1":[2,-7,2],"shine2":[-7,-21,1],"shine3":[4,-23,-1],"shine4":[-5,-10,-2]}},{"name":"goldMailbotHat","parent":"goldMailbot","pivot":[0,-10,-0.5],"rotation":[-12.5,0,0],"cubes":[{"origin":[-2,-10,-3.5],"size":[4,1,2],"uv":{"north":{"uv":[122,122],"uv_size":[4,1]},"east":{"uv":[120,122],"uv_size":[2,1]},"south":{"uv":[128,122],"uv_size":[4,1]},"west":{"uv":[126,122],"uv_size":[2,1]},"up":{"uv":[122,120],"uv_size":[4,2]},"down":{"uv":[126,122],"uv_size":[4,-2]}}},{"origin":[-2,-10,-1.5],"size":[4,3,4],"uv":{"north":{"uv":[111,124],"uv_size":[4,3]},"east":{"uv":[107,124],"uv_size":[4,3]},"south":{"uv":[119,124],"uv_size":[4,3]},"west":{"uv":[115,124],"uv_size":[4,3]},"up":{"uv":[111,120],"uv_size":[4,4]},"down":{"uv":[115,124],"uv_size":[4,-4]}}}]},{"name":"goldMailbotRightArm","parent":"goldMailbot","pivot":[-4,-14,0.5],"rotation":[45,0,0],"cubes":[{"origin":[-7,-19,-1],"size":[3,7,3],"uv":{"north":{"uv":[119,131],"uv_size":[3,7]},"east":{"uv":[116,131],"uv_size":[3,7]},"south":{"uv":[125,131],"uv_size":[3,7]},"west":{"uv":[122,131],"uv_size":[3,7]},"up":{"uv":[119,128],"uv_size":[3,3]},"down":{"uv":[122,131],"uv_size":[3,-3]}}},{"origin":[-7,-19,-5],"size":[3,3,4],"uv":{"north":{"uv":[133,135],"uv_size":[3,3]},"east":{"uv":[129,135],"uv_size":[4,3]},"south":{"uv":[140,135],"uv_size":[3,3]},"west":{"uv":[136,135],"uv_size":[4,3]},"up":{"uv":[133,131],"uv_size":[3,4]},"down":{"uv":[136,135],"uv_size":[3,-4]}}}]},{"name":"goldMailbotLeftArm","parent":"goldMailbot","pivot":[4,-14,0.5],"rotation":[45,0,0],"cubes":[{"origin":[4,-19,-1],"size":[3,7,3],"uv":{"north":{"uv":[122,131],"uv_size":[-3,7]},"east":{"uv":[125,131],"uv_size":[-3,7]},"south":{"uv":[128,131],"uv_size":[-3,7]},"west":{"uv":[119,131],"uv_size":[-3,7]},"up":{"uv":[122,128],"uv_size":[-3,3]},"down":{"uv":[125,131],"uv_size":[-3,-3]}}},{"origin":[4,-19,-5],"size":[3,3,4],"uv":{"north":{"uv":[136,135],"uv_size":[-3,3]},"east":{"uv":[140,135],"uv_size":[-4,3]},"south":{"uv":[143,135],"uv_size":[-3,3]},"west":{"uv":[133,135],"uv_size":[-4,3]},"up":{"uv":[136,131],"uv_size":[-3,4]},"down":{"uv":[139,135],"uv_size":[-3,-4]}}}]},{"name":"rippleOffset","pivot":[0,4,0]},{"name":"ripple","parent":"rippleOffset","pivot":[0,4,0],"rotation":[-2.5,0,0]},{"name":"1","parent":"ripple","pivot":[-3,4,0],"cubes":[{"origin":[-3,0,0],"size":[1,8,0],"uv":{"north":{"uv":[53,99],"uv_size":[1,8]},"east":{"uv":[0,0],"uv_size":[0,8]},"south":{"uv":[53,99],"uv_size":[1,8]},"west":{"uv":[0,0],"uv_size":[0,8]},"up":{"uv":[1,0],"uv_size":[-1,0]},"down":{"uv":[1,0],"uv_size":[-1,0]}}}]},{"name":"2","parent":"ripple","pivot":[3,4,0],"cubes":[{"origin":[2,0,0],"size":[1,8,0],"uv":{"north":{"uv":[53,99],"uv_size":[1,8]},"east":{"uv":[0,0],"uv_size":[0,8]},"south":{"uv":[53,99],"uv_size":[1,8]},"west":{"uv":[0,0],"uv_size":[0,8]},"up":{"uv":[1,0],"uv_size":[-1,0]},"down":{"uv":[1,0],"uv_size":[-1,0]}}}]},{"name":"3","parent":"ripple","pivot":[0,8,0],"cubes":[{"origin":[5,-5,0],"size":[1,6,0],"pivot":[-2,0,0],"rotation":[0,0,-90],"uv":{"north":{"uv":[53,99],"uv_size":[1,6]},"east":{"uv":[0,0],"uv_size":[0,6]},"south":{"uv":[53,99],"uv_size":[1,6]},"west":{"uv":[0,0],"uv_size":[0,6]},"up":{"uv":[1,0],"uv_size":[-1,0]},"down":{"uv":[1,0],"uv_size":[-1,0]}}}]},{"name":"4","parent":"ripple","pivot":[0,0,0],"cubes":[{"origin":[-3,-1,0],"size":[1,6,0],"pivot":[-2,0,0],"rotation":[0,0,90],"uv":{"north":{"uv":[53,99],"uv_size":[1,6]},"east":{"uv":[0,0],"uv_size":[0,6]},"south":{"uv":[53,99],"uv_size":[1,6]},"west":{"uv":[0,0],"uv_size":[0,6]},"up":{"uv":[1,0],"uv_size":[-1,0]},"down":{"uv":[1,0],"uv_size":[-1,0]}}}]}]}]}