{"format_version":"1.12.0","minecraft:geometry":[{"description":{"identifier":"geometry.hive.ctf.launchpad.leaf","texture_width":64,"texture_height":64,"visible_bounds_width":3,"visible_bounds_height":1.5,"visible_bounds_offset":[0,0.25,0]},"bones":[{"name":"root","pivot":[0,0,0]},{"name":"leaf","parent":"root","pivot":[0,5,5],"cubes":[{"origin":[-7,5,-9],"size":[14,1,18],"uv":{"north":{"uv":[28,10],"uv_size":[14,1]},"east":{"uv":[28,0],"uv_size":[18,1]},"south":{"uv":[28,11],"uv_size":[14,1]},"west":{"uv":[46,0],"uv_size":[-18,1]},"up":{"uv":[0,0],"uv_size":[14,18]},"down":{"uv":[14,18],"uv_size":[14,-18]}}},{"origin":[-6,6,9],"size":[12,0,2],"uv":{"north":{"uv":[0,0],"uv_size":[12,0]},"east":{"uv":[0,0],"uv_size":[2,0]},"south":{"uv":[0,0],"uv_size":[12,0]},"west":{"uv":[0,0],"uv_size":[2,0]},"up":{"uv":[0,23],"uv_size":[12,2]},"down":{"uv":[12,25],"uv_size":[12,-2]}}}]},{"name":"leaf2","parent":"leaf","pivot":[0,6,-9],"rotation":[22.5,0,0],"cubes":[{"origin":[-7,6,-14],"size":[14,0,5],"uv":{"north":{"uv":[0,0],"uv_size":[14,0]},"east":{"uv":[0,0],"uv_size":[5,0]},"south":{"uv":[0,0],"uv_size":[14,0]},"west":{"uv":[0,0],"uv_size":[5,0]},"up":{"uv":[0,18],"uv_size":[14,5]},"down":{"uv":[14,23],"uv_size":[14,-5]}}}]},{"name":"stem","parent":"root","pivot":[0,0,0],"cubes":[{"origin":[-2,0,2],"size":[4,5,4],"uv":{"north":{"uv":[12,25],"uv_size":[4,5]},"east":{"uv":[0,25],"uv_size":[4,5]},"south":{"uv":[4,25],"uv_size":[4,5]},"west":{"uv":[8,25],"uv_size":[4,5]},"up":{"uv":[28,2],"uv_size":[4,4]},"down":{"uv":[28,10],"uv_size":[4,-4]}}},{"origin":[0,0,-3],"size":[0,4,5],"uv":{"north":{"uv":[0,0],"uv_size":[0,4]},"east":{"uv":[17,25],"uv_size":[5,4]},"south":{"uv":[0,0],"uv_size":[0,4]},"up":{"uv":[0,0],"uv_size":[0,5]},"down":{"uv":[0,5],"uv_size":[0,-5]}}},{"origin":[-2,0,6],"size":[0,3,3],"pivot":[-2,0,6],"rotation":[0,-45,0],"uv":{"north":{"uv":[0,0],"uv_size":[0,3]},"east":{"uv":[28,12],"uv_size":[3,3]},"south":{"uv":[0,0],"uv_size":[0,3]},"up":{"uv":[0,0],"uv_size":[0,3]},"down":{"uv":[0,3],"uv_size":[0,-3]}}},{"origin":[2,0,6],"size":[0,3,3],"pivot":[2,0,6],"rotation":[0,45,0],"uv":{"north":{"uv":[3,3],"uv_size":[0,3]},"south":{"uv":[6,3],"uv_size":[0,3]},"west":{"uv":[31,12],"uv_size":[-3,3]},"up":{"uv":[3,0],"uv_size":[0,3]},"down":{"uv":[3,3],"uv_size":[0,-3]}}}]}]}]}