{"format_version":"1.12.0","minecraft:geometry":[{"description":{"identifier":"geometry.hive.ctf.launchpad.mushroom","texture_width":80,"texture_height":72,"visible_bounds_width":4,"visible_bounds_height":3,"visible_bounds_offset":[0,0.5,0]},"bones":[{"name":"root","pivot":[0,0,0]},{"name":"mushroom","parent":"root","pivot":[0,0,0],"cubes":[{"origin":[-8,0,-8],"size":[16,7,16],"uv":{"north":{"uv":[64,36],"uv_size":[16,7]},"east":{"uv":[64,36],"uv_size":[16,7]},"south":{"uv":[64,36],"uv_size":[16,7]},"west":{"uv":[64,36],"uv_size":[16,7]},"up":{"uv":[56,43],"uv_size":[16,16]},"down":{"uv":[56,59],"uv_size":[16,-16]}}}]},{"name":"mushroomHead","parent":"mushroom","pivot":[0,5,0],"cubes":[{"origin":[-18,5,-18],"size":[36,8,36],"uv":{"north":{"uv":[0,36],"uv_size":[36,8]},"east":{"uv":[0,36],"uv_size":[36,8]},"south":{"uv":[0,36],"uv_size":[36,8]},"west":{"uv":[0,36],"uv_size":[36,8]},"up":{"uv":[0,0],"uv_size":[36,36]},"down":{"uv":[36,36],"uv_size":[36,-36]}}},{"origin":[-14,13,-14],"size":[28,5,28],"uv":{"north":{"uv":[36,36],"uv_size":[28,5]},"east":{"uv":[36,36],"uv_size":[28,5]},"south":{"uv":[36,36],"uv_size":[28,5]},"west":{"uv":[36,36],"uv_size":[28,5]},"up":{"uv":[0,44],"uv_size":[28,28]},"down":{"uv":[28,72],"uv_size":[28,-28]}}}]}]}]}