{"format_version":"1.12.0","minecraft:geometry":[{"description":{"identifier":"geometry.hive.ctf.launchpad.piston","texture_width":64,"texture_height":64,"visible_bounds_width":3,"visible_bounds_height":2.5,"visible_bounds_offset":[0,0.75,0]},"bones":[{"name":"root","pivot":[0,0,0]},{"name":"launchpad","parent":"root","pivot":[0,2,5],"cubes":[{"origin":[-15,0,-15],"size":[30,2,30],"uv":{"north":{"uv":[30,30],"uv_size":[30,2]},"east":{"uv":[0,30],"uv_size":[30,2]},"south":{"uv":[30,30],"uv_size":[30,2]},"west":{"uv":[0,30],"uv_size":[30,2]},"up":{"uv":[0,0],"uv_size":[30,30]}}},{"origin":[-14,2,8],"size":[2,5,2],"pivot":[-12,2,9],"rotation":[0,0,-25],"uv":{"north":{"uv":[44,34],"uv_size":[2,5]},"east":{"uv":[42,34],"uv_size":[2,5]},"south":{"uv":[48,34],"uv_size":[2,5]},"west":{"uv":[46,34],"uv_size":[2,5]},"up":{"uv":[44,32],"uv_size":[2,2]},"down":{"uv":[46,34],"uv_size":[2,-2]}}},{"origin":[-14,2,-10],"size":[2,5,2],"pivot":[-12,2,9],"rotation":[0,0,-25],"uv":{"north":{"uv":[44,34],"uv_size":[2,5]},"east":{"uv":[42,34],"uv_size":[2,5]},"south":{"uv":[48,34],"uv_size":[2,5]},"west":{"uv":[46,34],"uv_size":[2,5]},"up":{"uv":[44,32],"uv_size":[2,2]},"down":{"uv":[46,34],"uv_size":[2,-2]}}},{"origin":[12,2,-10],"size":[2,5,2],"pivot":[12,2,9],"rotation":[0,0,25],"uv":{"north":{"uv":[46,34],"uv_size":[-2,5]},"east":{"uv":[48,34],"uv_size":[-2,5]},"south":{"uv":[50,34],"uv_size":[-2,5]},"west":{"uv":[44,34],"uv_size":[-2,5]},"up":{"uv":[46,32],"uv_size":[-2,2]},"down":{"uv":[48,34],"uv_size":[-2,-2]}}},{"origin":[12,2,8],"size":[2,5,2],"pivot":[12,2,9],"rotation":[0,0,25],"uv":{"north":{"uv":[46,34],"uv_size":[-2,5]},"east":{"uv":[48,34],"uv_size":[-2,5]},"south":{"uv":[50,34],"uv_size":[-2,5]},"west":{"uv":[44,34],"uv_size":[-2,5]},"up":{"uv":[46,32],"uv_size":[-2,2]},"down":{"uv":[48,34],"uv_size":[-2,-2]}}}]},{"name":"spring","parent":"launchpad","pivot":[0,2,0],"rotation":[5,0,0],"cubes":[{"origin":[-5,-4.65263,-5.04278],"size":[10,9,10],"uv":{"north":{"uv":[30,10],"uv_size":[10,9]},"east":{"uv":[30,10],"uv_size":[10,9]},"south":{"uv":[30,10],"uv_size":[10,9]},"west":{"uv":[30,10],"uv_size":[10,9]},"up":{"uv":[40,0],"uv_size":[10,10]},"down":{"uv":[30,10],"uv_size":[10,-10]}}}]},{"name":"pad","parent":"spring","pivot":[0,7.34737,-0.04278],"cubes":[{"origin":[-10,4.34737,-11.04278],"size":[20,3,22],"uv":{"north":{"uv":[22,54],"uv_size":[20,3]},"east":{"uv":[22,54],"uv_size":[-22,3]},"south":{"uv":[22,54],"uv_size":[20,3]},"west":{"uv":[0,54],"uv_size":[22,3]},"up":{"uv":[22,32],"uv_size":[20,22]},"down":{"uv":[2,54],"uv_size":[20,-22]}}}]}]}]}