{"format_version":"1.10.0","minecraft:attachable":{"description":{"identifier":"hivehats:endolotl_buddy","materials":{"default":"entity_alphatest"},"textures":{"default":"textures/entity/hive/hats/endolotl_buddy"},"geometry":{"default":"geometry.hive.hats.endolotl.buddy"},"animations":{"idle":"animation.hive.hats.endolotl.buddy.idle","eyes":"animation.hive.hats.endolotl.buddy.eyes"},"scripts":{"parent_setup":"variable.helmet_layer_visible \u003d 0.0;","pre_animation":["variable.is_first_person \u003d c.is_first_person;"],"animate":["idle","eyes"]},"render_controllers":["controller.render.hive.hats.hide.first.person"]}}}