{"format_version":"1.10.0","minecraft:attachable":{"description":{"identifier":"hivehats:fox_buddy","materials":{"default":"entity_alphatest"},"textures":{"default":"textures/entity/hive/hats/fox_buddy"},"geometry":{"default":"geometry.hive.hats.fox.buddy"},"animations":{"idle":"animation.hive.hats.fox.buddy.idle","face":"animation.hive.hats.fox.buddy.face"},"scripts":{"parent_setup":"variable.helmet_layer_visible \u003d 0.0;","pre_animation":["variable.is_first_person \u003d c.is_first_person;"],"animate":["idle","face"]},"render_controllers":["controller.render.hive.hats.hide.first.person"]}}}