{"format_version":"1.10.0","minecraft:attachable":{"description":{"identifier":"hivehats:froggy_cap","materials":{"default":"entity_alphatest"},"textures":{"default":"textures/entity/hive/hats/froggy_cap/normal","sneaking":"textures/entity/hive/hats/froggy_cap/blink"},"geometry":{"default":"geometry.hive.hats.froggy.cap","sneaking":"geometry.hive.hats.froggy.cap"},"scripts":{"parent_setup":"variable.helmet_layer_visible \u003d 0.0;","pre_animation":["variable.is_first_person \u003d c.is_first_person;","variable.is_sneaking \u003d query.is_sneaking;"]},"render_controllers":["controller.render.hive.hats.hide.first.person.sneak.toggle"]}}}