{"format_version":"1.10.0","minecraft:attachable":{"description":{"identifier":"hivehats:octopus","materials":{"default":"entity_alphatest"},"textures":{"default":"textures/entity/hive/hats/octopus/happy","sneaking":"textures/entity/hive/hats/octopus/angry"},"geometry":{"default":"geometry.hive.hats.octopus.happy","sneaking":"geometry.hive.hats.octopus.angry"},"scripts":{"parent_setup":"variable.helmet_layer_visible \u003d 0.0;","pre_animation":["variable.is_first_person \u003d c.is_first_person;","variable.is_sneaking \u003d query.is_sneaking;"]},"render_controllers":["controller.render.hive.hats.hide.first.person.sneak.toggle"]}}}