{"format_version":"1.10.0","minecraft:attachable":{"description":{"identifier":"hivehats:party_neon_crown","materials":{"default":"slime_outer"},"textures":{"default":"textures/entity/hive/hats/party_neon_crown"},"geometry":{"default":"geometry.hive.hats.party.neon.crown"},"animations":{"idle":"animation.hive.hats.shining.crown.idle"},"scripts":{"parent_setup":"variable.helmet_layer_visible \u003d 0.0;","pre_animation":["variable.is_first_person \u003d c.is_first_person;"],"animate":["idle"]},"render_controllers":["controller.render.hive.hats.hide.first.person.emissive"]}}}