{"format_version":"1.10.0","minecraft:attachable":{"description":{"identifier":"hivehats:shining_crown_pink","materials":{"default":"entity_alphatest"},"textures":{"default":"textures/entity/hive/hats/shining_crown/pink"},"geometry":{"default":"geometry.hive.hats.shining.crown"},"animations":{"idle":"animation.hive.hats.shining.crown.idle"},"scripts":{"parent_setup":"variable.helmet_layer_visible \u003d 0.0;","pre_animation":["variable.is_first_person \u003d c.is_first_person;"],"animate":["idle"]},"render_controllers":["controller.render.hive.hats.hide.first.person"]}}}