{"minecraft:geometry":[{"description":{"identifier":"geometry.hive.hats.octopus.angry","texture_width":32,"texture_height":32,"visible_bounds_width":2,"visible_bounds_height":4,"visible_bounds_offset":[0,1,0]},"bones":[{"name":"root","pivot":[0,0,0]},{"name":"waist","parent":"root","pivot":[0,12,0]},{"name":"body","parent":"waist","pivot":[0,24,0]},{"name":"head","parent":"body","pivot":[0,24,0]},{"name":"hiveHat","parent":"head","pivot":[0,24,0]},{"name":"hatHead","parent":"hiveHat","pivot":[0,32,-3],"rotation":[-5,0,0],"cubes":[{"origin":[-3,32,-3],"size":[6,6,6],"uv":[0,0]}]},{"name":"hatMouth","parent":"hatHead","pivot":[0,34,-3.01],"cubes":[{"origin":[-1,33.5,-3.01],"size":[2,1,0],"uv":[0,14]}]},{"name":"rightEye","parent":"hatHead","pivot":[-2,35.5,-3.01],"rotation":[0,0,7.5],"cubes":[{"origin":[-3,34.5,-3.01],"size":[2,2,0],"uv":[0,12]}]},{"name":"leftEye","parent":"hatHead","pivot":[2,35.5,-3.01],"rotation":[0,0,-7.5],"cubes":[{"origin":[1,34.5,-3.01],"size":[2,2,0],"uv":[0,12]}]},{"name":"hatLegs","parent":"hiveHat","pivot":[0,24,0]},{"name":"hatLeg1","parent":"hatLegs","pivot":[-0.75,32,-3],"cubes":[{"origin":[-2.75,31,-7],"size":[2,2,4],"pivot":[-0.75,32,-3],"rotation":[12.5,25,0],"uv":[12,12]}]},{"name":"hatLeg5","parent":"hatLegs","pivot":[0.75,32,-3],"cubes":[{"origin":[0.75,31,-7],"size":[2,2,4],"pivot":[0.75,32,-3],"rotation":[12.5,-25,0],"uv":[12,12],"mirror":true}]},{"name":"hatLeg2","parent":"hatLegs","pivot":[-3,32,-0.5],"rotation":[0,0,-12.5],"cubes":[{"origin":[-7,31,-2.5],"size":[4,2,2],"uv":[12,18]}]},{"name":"hatLeg6","parent":"hatLegs","pivot":[3,32,-0.5],"rotation":[0,0,12.5],"cubes":[{"origin":[3,31,-2.5],"size":[4,2,2],"uv":[12,18],"mirror":true}]},{"name":"hatLeg3","parent":"hatLegs","pivot":[-3,32,0.5],"rotation":[0,0,-12.5],"cubes":[{"origin":[-7,31,0.5],"size":[4,2,2],"uv":[12,18]}]},{"name":"hatLeg7","parent":"hatLegs","pivot":[3,32,0.5],"rotation":[0,0,12.5],"cubes":[{"origin":[3,31,0.5],"size":[4,2,2],"uv":[12,18],"mirror":true}]},{"name":"hatLeg4","parent":"hatLegs","pivot":[-0.75,32,3],"cubes":[{"origin":[-2.75,31,3],"size":[2,2,4],"pivot":[-0.75,32,3],"rotation":[-12.5,-25,0],"uv":[12,12]}]},{"name":"hatLeg8","parent":"hatLegs","pivot":[0.75,32,3],"cubes":[{"origin":[0.75,31,3],"size":[2,2,4],"pivot":[0.75,32,3],"rotation":[-12.5,25,0],"uv":[12,12],"mirror":true}]}]}],"format_version":"1.12.0"}