{"format_version":"1.8.0","render_controllers":{"controller.render.hive.wars.bridge.builder":{"arrays":{"textures":{"array.textures":["Texture.beaver","Texture.biplane","Texture.bulldozer","Texture.grumpus","Texture.mailbot_delivery_drone","Texture.penguin","Texture.pigeon","Texture.robin","Texture.robot","Texture.rocket","Texture.sonic_motobug","Texture.chompy","Texture.invader","Texture.tiny_sleigh"]},"geometries":{"array.geometries":["Geometry.beaver","Geometry.biplane","Geometry.bulldozer","Geometry.grumpus","Geometry.mailbot_delivery_drone","Geometry.penguin","Geometry.pigeon","Geometry.robin","Geometry.robot","Geometry.rocket","Geometry.sonic_motobug","Geometry.chompy","Geometry.invader","Geometry.tiny_sleigh"]}},"geometry":"array.geometries[query.variant]","materials":[{"*":"Material.default"}],"textures":["array.textures[query.variant]"]}}}