{"format_version":"1.8.0","render_controllers":{"controller.render.hive.wars.treasure":{"arrays":{"textures":{"array.textures":["Texture.beach_ball","Texture.bed","Texture.beehive","Texture.burger","Texture.cactus","Texture.cake","Texture.campfire","Texture.cauldron","Texture.championship_belt","Texture.science_cube","Texture.computer","Texture.crystal","Texture.dead_rising","Texture.default","Texture.doghouse","Texture.dragon_egg","Texture.earth","Texture.egg","Texture.emerald","Texture.flamingo","Texture.gold_bars","Texture.gold_chalice","Texture.golden_egg","Texture.haunted_house","Texture.ice_cream","Texture.ice_creeper","Texture.king_villager","Texture.mini_creeper","Texture.moai","Texture.money","Texture.parrot","Texture.pickaxe","Texture.pinata","Texture.pirate_ship","Texture.pizza_stack","Texture.police_car","Texture.portal","Texture.present","Texture.recycling","Texture.robot","Texture.rocket_ship","Texture.safe","Texture.sand_castle","Texture.saturn","Texture.skeleton","Texture.skull","Texture.snowglobe","Texture.snowman","Texture.sonic_chao","Texture.sonic_dark_chao","Texture.sonic_hero_chao","Texture.sonic_item_box","Texture.sonic_ring","Texture.special_delivery","Texture.sunflower","Texture.teddy_bear","Texture.traffic","Texture.trick_or_treat","Texture.trophy","Texture.tv","Texture.ufo","Texture.toy_robot","Texture.gold_hoard","Texture.gingerbread"]},"geometries":{"array.geometries":["Geometry.beach_ball","Geometry.bed","Geometry.beehive","Geometry.burger","Geometry.cactus","Geometry.cake","Geometry.campfire","Geometry.cauldron","Geometry.championship_belt","Geometry.science_cube","Geometry.computer","Geometry.crystal","Geometry.dead_rising","Geometry.default","Geometry.doghouse","Geometry.dragon_egg","Geometry.earth","Geometry.egg","Geometry.emerald","Geometry.flamingo","Geometry.gold_bars","Geometry.gold_chalice","Geometry.golden_egg","Geometry.haunted_house","Geometry.ice_cream","Geometry.ice_creeper","Geometry.king_villager","Geometry.mini_creeper","Geometry.moai","Geometry.money","Geometry.parrot","Geometry.pickaxe","Geometry.pinata","Geometry.pirate_ship","Geometry.pizza_stack","Geometry.police_car","Geometry.portal","Geometry.present","Geometry.recycling","Geometry.robot","Geometry.rocket_ship","Geometry.safe","Geometry.sand_castle","Geometry.saturn","Geometry.skeleton","Geometry.skull","Geometry.snowglobe","Geometry.snowman","Geometry.sonic_chao","Geometry.sonic_dark_chao","Geometry.sonic_hero_chao","Geometry.sonic_item_box","Geometry.sonic_ring","Geometry.special_delivery","Geometry.sunflower","Geometry.teddy_bear","Geometry.traffic","Geometry.trick_or_treat","Geometry.trophy","Geometry.tv","Geometry.ufo","Geometry.toy_robot","Geometry.gold_hoard","Geometry.gingerbread"]}},"geometry":"array.geometries[query.variant]","materials":[{"*":"Material.default"}],"textures":["array.textures[query.variant]"]}}}