{"format_version":"1.12.0","minecraft:geometry":[{"description":{"identifier":"geometry.hive.ctf.spring.flower","texture_width":144,"texture_height":96,"visible_bounds_width":5,"visible_bounds_height":2.5,"visible_bounds_offset":[0,0.75,0]},"bones":[{"name":"root","pivot":[-17,0,0]},{"name":"flower","parent":"root","pivot":[0,0,0],"cubes":[{"origin":[-10,10,-10],"size":[20,6,20],"uv":[43,44]},{"origin":[-17,0,-17],"size":[34,10,34],"uv":[0,0]}]},{"name":"leaf","parent":"flower","pivot":[-17,0,17],"cubes":[{"origin":[-17,0,17],"size":[34,7,4],"pivot":[-17,0,17],"rotation":[-40,0,0],"uv":[68,23]}]},{"name":"leaf3","parent":"flower","pivot":[-17,0,-17],"cubes":[{"origin":[-17,0,-21],"size":[34,7,4],"pivot":[-17,0,-17],"rotation":[40,0,0],"uv":[37,70],"mirror":true}]},{"name":"leaf2","parent":"flower","pivot":[-17,0,0],"cubes":[{"origin":[-21,0,-17],"size":[4,7,34],"pivot":[-17,0,0],"rotation":[0,0,-40],"uv":[0,44],"mirror":true}]},{"name":"leaf4","parent":"flower","pivot":[17,0,0],"cubes":[{"origin":[17,0,-17],"size":[4,7,34],"pivot":[17,0,0],"rotation":[0,0,40],"uv":[0,44]}]},{"name":"petal","parent":"flower","pivot":[0,16,-10],"rotation":[25,0,0],"cubes":[{"origin":[-10,16,-21],"size":[20,0,11],"uv":[68,83],"mirror":true}]},{"name":"petal2","parent":"flower","pivot":[0,16,10],"rotation":[-25,0,0],"cubes":[{"origin":[-10,16,10],"size":[20,0,11],"uv":[81,9],"mirror":true}]},{"name":"petal3","parent":"flower","pivot":[10,16,0],"rotation":[0,0,25],"cubes":[{"origin":[10,16,-10],"size":[11,0,20],"uv":[-20,0],"mirror":true}]},{"name":"petal4","parent":"flower","pivot":[-10,16,0],"rotation":[0,0,-25],"cubes":[{"origin":[-21,16,-10],"size":[11,0,20],"uv":[102,76]}]}]}]}