{"format_version":"1.12.0","minecraft:geometry":[{"description":{"identifier":"geometry.hive.ctf.spring.sandstone","texture_width":52,"texture_height":67,"visible_bounds_width":3,"visible_bounds_height":3,"visible_bounds_offset":[0,0.5,0]},"bones":[{"name":"root","pivot":[0,0,0]},{"name":"piston","parent":"root","pivot":[0,0,0]},{"name":"pistonTop","parent":"piston","pivot":[0,0,0],"cubes":[{"origin":[-16,0,-16],"size":[32,3,32],"uv":{"north":{"uv":[0,64],"uv_size":[32,3]},"east":{"uv":[0,64],"uv_size":[32,3]},"south":{"uv":[0,64],"uv_size":[32,3]},"west":{"uv":[0,64],"uv_size":[32,3]},"up":{"uv":[0,0],"uv_size":[32,32]},"down":{"uv":[0,64],"uv_size":[32,-32]}}},{"origin":[-6.5,3,-6.5],"size":[13,2,13],"pivot":[0,4,0],"rotation":[0,-135,0],"uv":{"north":{"uv":[32,43],"uv_size":[13,2]},"east":{"uv":[32,43],"uv_size":[13,2]},"south":{"uv":[32,43],"uv_size":[13,2]},"west":{"uv":[32,43],"uv_size":[13,2]},"up":{"uv":[45,43],"uv_size":[-13,-13]}}}]},{"name":"pistonSpring","parent":"piston","pivot":[0,0,0],"cubes":[{"origin":[-10,-10,-10],"size":[20,10,20],"uv":{"north":{"uv":[32,20],"uv_size":[20,10]},"east":{"uv":[32,20],"uv_size":[20,10]},"south":{"uv":[32,20],"uv_size":[20,10]},"west":{"uv":[32,20],"uv_size":[20,10]},"up":{"uv":[32,0],"uv_size":[20,20]},"down":{"uv":[32,20],"uv_size":[20,-20]}}}]}]}]}