{"format_version":"1.8.0","render_controllers":{"controller.render.hive.hub.game.hologram.plate":{"arrays":{"textures":{"array.textures":["Texture.build_plate","Texture.dr_plate","Texture.hide_plate","Texture.murder_plate","Texture.sg_plate","Texture.sky_plate","Texture.wars_plate","Texture.gi_plate","Texture.kits_plate","Texture.snow_plate","Texture.ctf_plate","Texture.drop_plate","Texture.ground_plate","Texture.bridge_plate","Texture.party_plate"]},"geometries":{"array.geometries":["Geometry.plate_build","Geometry.plate_dr","Geometry.plate_hide","Geometry.plate_murder","Geometry.plate_sg","Geometry.plate_sky","Geometry.plate_wars","Geometry.plate_gi","Geometry.plate_kits","Geometry.plate_snow","Geometry.plate_ctf","Geometry.plate_drop","Geometry.plate_ground","Geometry.plate_bridge","Geometry.plate_party"]}},"geometry":"array.geometries[query.mark_variant]","materials":[{"*":"Material.default"}],"textures":["array.textures[query.mark_variant]"]},"controller.render.hive.hub.game.hologram.name":{"arrays":{"textures":{"array.textures":["Texture.build","Texture.dr","Texture.hide","Texture.murder","Texture.sg","Texture.sky","Texture.wars","Texture.gi","Texture.kits","Texture.snow","Texture.ctf","Texture.drop","Texture.ground","Texture.bridge","Texture.party"]}},"geometry":"Geometry.name","materials":[{"*":"Material.text"}],"textures":["array.textures[query.mark_variant]"],"light_color_multiplier":1.0,"ignore_lighting":true},"controller.render.hive.hub.game.hologram.icon":{"geometry":"Geometry.icon","materials":[{"*":"Material.text"}],"textures":["Texture.icon"],"light_color_multiplier":1.0,"ignore_lighting":true},"controller.render.hive.hub.game.hologram.digit.1":{"arrays":{"textures":{"array.textures":["Texture.digit_0","Texture.digit_1","Texture.digit_2","Texture.digit_3","Texture.digit_4","Texture.digit_5","Texture.digit_6","Texture.digit_7","Texture.digit_8","Texture.digit_9"]}},"geometry":"Geometry.digit_1","materials":[{"*":"Material.text"}],"textures":["array.textures[variable.digit1]"],"light_color_multiplier":1.0,"ignore_lighting":true},"controller.render.hive.hub.game.hologram.digit.2":{"arrays":{"textures":{"array.textures":["Texture.digit_0","Texture.digit_1","Texture.digit_2","Texture.digit_3","Texture.digit_4","Texture.digit_5","Texture.digit_6","Texture.digit_7","Texture.digit_8","Texture.digit_9"]}},"geometry":"Geometry.digit_2","materials":[{"*":"Material.text"}],"textures":["variable.length \u003e 1 ? array.textures[variable.digit2] : Texture.digit_blank"],"light_color_multiplier":1.0,"ignore_lighting":true},"controller.render.hive.hub.game.hologram.digit.3":{"arrays":{"textures":{"array.textures":["Texture.digit_0","Texture.digit_1","Texture.digit_2","Texture.digit_3","Texture.digit_4","Texture.digit_5","Texture.digit_6","Texture.digit_7","Texture.digit_8","Texture.digit_9"]}},"geometry":"Geometry.digit_3","materials":[{"*":"Material.text"}],"textures":["variable.length \u003e 2 ? array.textures[variable.digit3] : Texture.digit_blank"],"light_color_multiplier":1.0,"ignore_lighting":true},"controller.render.hive.hub.game.hologram.digit.4":{"arrays":{"textures":{"array.textures":["Texture.digit_0","Texture.digit_1","Texture.digit_2","Texture.digit_3","Texture.digit_4","Texture.digit_5","Texture.digit_6","Texture.digit_7","Texture.digit_8","Texture.digit_9"]}},"geometry":"Geometry.digit_4","materials":[{"*":"Material.text"}],"textures":["variable.length \u003e 3 ? array.textures[variable.digit4] : Texture.digit_blank"],"light_color_multiplier":1.0,"ignore_lighting":true},"controller.render.hive.hub.game.hologram.digit.5":{"arrays":{"textures":{"array.textures":["Texture.digit_0","Texture.digit_1","Texture.digit_2","Texture.digit_3","Texture.digit_4","Texture.digit_5","Texture.digit_6","Texture.digit_7","Texture.digit_8","Texture.digit_9"]}},"geometry":"Geometry.digit_5","materials":[{"*":"Material.text"}],"textures":["variable.length \u003e 4 ? array.textures[variable.digit5] : Texture.digit_blank"],"light_color_multiplier":1.0,"ignore_lighting":true},"controller.render.hive.hub.game.hologram.cta":{"arrays":{"textures":{"array.textures":["Texture.cta_competition","Texture.cta_map","Texture.cta_updated","Texture.cta_book_of_souls"]},"geometries":{"array.geometries":["Geometry.cta_competition","Geometry.cta_map","Geometry.cta_updated","Geometry.cta_book_of_souls"]}},"geometry":"array.geometries[query.skin_id]","materials":[{"*":"Material.new"}],"textures":["array.textures[query.skin_id]"],"part_visibility":[{"*":"query.is_baby"}],"light_color_multiplier":1.0,"ignore_lighting":true}}}