{"format_version":"1.12.0","minecraft:geometry":[{"description":{"identifier":"geometry.hive.sky.island.flag.dealt.hand","texture_width":128,"texture_height":128,"visible_bounds_width":7,"visible_bounds_height":5,"visible_bounds_offset":[0,1.5,0]},"bones":[{"name":"root","pivot":[0,0,0]},{"name":"post","parent":"root","pivot":[0,0,0],"cubes":[{"origin":[-3,0,-3],"size":[6,38,6],"uv":[0,37]}]},{"name":"Flag","parent":"post","pivot":[0,0,0],"cubes":[{"origin":[-45,2,-1],"size":[42,34,2],"uv":[0,0]},{"origin":[-33,9,-2],"size":[18,19,0],"uv":[79,40]},{"origin":[-33,10,2],"size":[18,17,0],"uv":[79,62],"mirror":true}]}]}]}