{"format_version":"1.12.0","minecraft:geometry":[{"description":{"identifier":"geometry.hive.sky.island.flag.heart.of.gold","texture_width":128,"texture_height":128,"visible_bounds_width":7,"visible_bounds_height":3,"visible_bounds_offset":[0,1.5,0]},"bones":[{"name":"root","pivot":[0,0,0]},{"name":"flag","parent":"root","pivot":[0,24,0],"cubes":[{"origin":[-3,0,-3],"size":[6,38,6],"uv":[0,37]},{"origin":[-45,2,-1],"size":[42,34,2],"uv":[0,0]},{"origin":[-45,2,-2],"size":[42,34,0],"uv":[29,39]},{"origin":[-45,2,2],"size":[42,34,0],"uv":[29,39],"mirror":true}]}]}]}