{"format_version":"1.10.0","particle_effect":{"description":{"identifier":"hivewars:summoner_gold","basic_render_parameters":{"material":"particles_blend","texture":"textures/particle/particles"}},"components":{"minecraft:emitter_initialization":{"creation_expression":"variable.size \u003d 0.05;variable.lifetime \u003d 3;"},"minecraft:emitter_rate_steady":{"spawn_rate":10,"max_particles":250},"minecraft:emitter_lifetime_expression":{},"minecraft:emitter_shape_point":{"direction":["math.random(-1,1)",-1,"math.random(-1,1)"]},"minecraft:particle_lifetime_expression":{"max_lifetime":"variable.lifetime"},"minecraft:particle_initial_spin":{"rotation_rate":200},"minecraft:particle_initial_speed":0.5,"minecraft:particle_motion_dynamic":{"linear_acceleration":["math.random(-1,1)",-0.5,"math.random(-1,1)"],"linear_drag_coefficient":1,"rotation_acceleration":7},"minecraft:particle_appearance_billboard":{"size":["variable.size*(variable.lifetime-variable.particle_age)","variable.size*(variable.lifetime-variable.particle_age)"],"facing_camera_mode":"rotate_xyz","uv":{"texture_width":128,"texture_height":128,"flipbook":{"base_UV":[0,88],"size_UV":[8,8],"step_UV":[8,0],"frames_per_second":6,"max_frame":8,"stretch_to_lifetime":true}}},"minecraft:particle_appearance_tinting":{"color":{"interpolant":"variable.particle_age","gradient":{"0.0":"#FFE1BB25","1.0":"#FFD8C46C"}}}}}}