{"format_version":"1.10.0","animation_controllers":{"controller.animation.hive.hub.arcade.monorail.carriage.idle":{"states":{"default":{"animations":["idle"]}}},"controller.animation.hive.hub.arcade.monorail.carriage.doors":{"states":{"default":{"transitions":[{"doors_open_hold":"query.is_tamed"},{"doors_close_hold":"!query.is_tamed"}]},"doors_close_hold":{"transitions":[{"doors_open":"query.is_tamed"}]},"doors_open":{"animations":["doors_open"],"transitions":[{"doors_open_hold":"query.all_animations_finished"}]},"doors_open_hold":{"animations":["doors_open_hold"],"transitions":[{"doors_close":"!query.is_tamed"}]},"doors_close":{"animations":["doors_close"],"transitions":[{"doors_close_hold":"query.all_animations_finished"}]}}}}}