{"format_version":"1.12.0","minecraft:geometry":[{"description":{"identifier":"geometry.hive.hub.game.sg.female","texture_width":64,"texture_height":64,"visible_bounds_width":3,"visible_bounds_height":5,"visible_bounds_offset":[0,2.5,0]},"bones":[{"name":"root","pivot":[0,0,0]},{"name":"rightLeg","parent":"root","pivot":[-1.9,12,0],"cubes":[{"origin":[-3.9,0,-2],"size":[4,12,4],"uv":[48,16]},{"origin":[-4.9,4,-2.5],"size":[5,2,5],"uv":[44,32]},{"origin":[-3.9,0,-3],"size":[4,3,1],"uv":[48,48]}]},{"name":"leftLeg","parent":"root","pivot":[1.9,12,0],"cubes":[{"origin":[-0.1,0,-2],"size":[4,12,4],"uv":[48,16],"mirror":true},{"origin":[-0.1,0,-3],"size":[4,3,1],"uv":[48,48],"mirror":true},{"origin":[-0.1,4,-2.5],"size":[5,2,5],"uv":[44,32],"mirror":true}]},{"name":"waist","parent":"root","pivot":[0,12,0]},{"name":"body","parent":"waist","pivot":[0,24,0],"cubes":[{"origin":[-4,12,-2],"size":[8,12,4],"uv":[0,0]}]},{"name":"head","parent":"body","pivot":[0,24,0],"cubes":[{"origin":[-4,24,-4],"size":[8,8,8],"uv":[0,16]},{"origin":[-3,25,4],"size":[6,5,0],"pivot":[0,30,4],"rotation":[22.5,0,0],"uv":[0,54]},{"origin":[-5,23,2],"size":[10,3,3],"uv":[0,39]},{"origin":[-3,30,-5],"size":[6,3,4],"uv":[0,32]}]},{"name":"leftArm","parent":"body","pivot":[5,22,0],"cubes":[{"origin":[4,22,-3],"size":[4,3,6],"uv":[0,45],"mirror":true},{"origin":[4,12,-2],"size":[3,12,4],"uv":[32,16],"mirror":true}]},{"name":"rightArm","parent":"body","pivot":[-5,22,0],"cubes":[{"origin":[-7,12,-2],"size":[3,12,4],"uv":[32,16]},{"origin":[-8,22,-3],"size":[4,3,6],"uv":[0,45]},{"origin":[-6,13,-6],"size":[1,1,14],"uv":[25,0]},{"origin":[-5.5,12,-11],"size":[0,3,5],"uv":[54,0]},{"origin":[-6.5,12.5,-5],"size":[2,2,1],"uv":[25,10]},{"origin":[-6.5,12.5,5],"size":[2,2,2],"uv":[30,0]}]}]}]}