{"minecraft:geometry":[{"description":{"identifier":"geometry.hive.hub.game.sg.male","texture_width":64,"texture_height":64,"visible_bounds_width":3,"visible_bounds_height":4,"visible_bounds_offset":[0,1,0]},"bones":[{"name":"root","pivot":[0,0,0]},{"name":"leftLeg","parent":"root","pivot":[1.9,12,0],"cubes":[{"origin":[-0.1,0,-2],"size":[4,12,4],"uv":[48,16],"mirror":true},{"origin":[-0.1,4,-2.5],"size":[5,2,5],"uv":[44,32],"mirror":true},{"origin":[-0.1,0,-3],"size":[4,3,1],"uv":[48,39],"mirror":true}]},{"name":"rightLeg","parent":"root","pivot":[-1.9,12,0],"cubes":[{"origin":[-3.9,0,-2],"size":[4,12,4],"uv":[48,16]},{"origin":[-4.9,4,-2.5],"size":[5,2,5],"uv":[44,32]},{"origin":[-3.9,0,-3],"size":[4,3,1],"uv":[48,39]}]},{"name":"waist","parent":"root","pivot":[0,12,0]},{"name":"body","parent":"waist","pivot":[0,24,0],"cubes":[{"origin":[-4,12,-2],"size":[8,12,4],"uv":[0,0]},{"origin":[-4,12,2],"size":[8,12,0],"pivot":[0,24,2],"rotation":[15,0,0],"uv":[47,0]},{"origin":[-1.5,13,-3],"size":[3,3,1],"uv":[25,6]}]},{"name":"head","parent":"body","pivot":[0,24,0],"cubes":[{"origin":[-4,24,-4],"size":[8,8,8],"uv":[0,16]},{"origin":[-3,30,-5],"size":[6,3,6],"uv":[0,39]},{"origin":[-2,25,4],"size":[4,5,0],"pivot":[-0.5,30,4],"rotation":[17.5,0,0],"uv":[25,11]}]},{"name":"leftArm","parent":"body","pivot":[5,21.5,0],"cubes":[{"origin":[4,12,-2],"size":[4,12,4],"uv":[32,16],"mirror":true},{"origin":[4,22,-3],"size":[5,3,6],"uv":[42,43],"mirror":true}]},{"name":"rightArm","parent":"body","pivot":[-5,21.5,0],"cubes":[{"origin":[-8,12,-2],"size":[4,12,4],"uv":[32,16]},{"origin":[-9,22,-3],"size":[5,3,6],"uv":[42,43]},{"origin":[-6,13,-6],"size":[1,1,14],"uv":[0,49]},{"origin":[-5.5,12,-11],"size":[0,3,5],"uv":[21,49]},{"origin":[-6.5,12.5,-5],"size":[2,2,1],"uv":[0,59]},{"origin":[-6.5,12.5,5],"size":[2,2,2],"uv":[5,49]}]}]}],"format_version":"1.12.0"}