{"format_version":"1.8.0","minecraft:client_entity":{"description":{"identifier":"hivectf:icon_arrow","materials":{"default":"hive_ctf_icon","back":"hive_ctf_icon_back","front":"hive_ctf_icon_front"},"textures":{"a":"textures/entity/hive/ctf/icon/arrow","b":"textures/entity/hive/ctf/icon/arrow"},"geometry":{"default":"geometry.hive.ctf.icon.arrow"},"scripts":{"pre_animation":["variable.icon_scale \u003d 1 + (query.distance_from_camera/10);"]},"animations":{"face":"animation.hive.ctf.icon.face","pulse":"animation.hive.ctf.icon.pulse","spawn":"animation.hive.ctf.icon.spawn"},"animation_controllers":[{"idle":"controller.animation.hive.ctf.icon.idle"},{"normal":"controller.animation.hive.ctf.icon.normal"}],"render_controllers":["controller.render.hive.ctf.icon"]}}}