{"format_version":"1.8.0","minecraft:client_entity":{"description":{"identifier":"hivectf:icon_flag","materials":{"default":"hive_ctf_icon","back":"hive_ctf_icon_back","front":"hive_ctf_icon_front"},"textures":{"a":"textures/entity/hive/ctf/icon/flag/red","b":"textures/entity/hive/ctf/icon/flag/blue"},"geometry":{"default":"geometry.hive.ctf.icon.flag"},"scripts":{"pre_animation":["variable.icon_scale \u003d 1 + (query.distance_from_camera/10);"]},"animations":{"face":"animation.hive.ctf.icon.face","pulse":"animation.hive.ctf.icon.pulse","spawn":"animation.hive.ctf.icon.spawn","despawn":"animation.hive.ctf.icon.despawn","despawn_hold":"animation.hive.ctf.icon.despawn.hold"},"animation_controllers":[{"idle":"controller.animation.hive.ctf.icon.idle"},{"distance":"controller.animation.hive.ctf.icon.distance"}],"render_controllers":["controller.render.hive.ctf.icon"]}}}