{"format_version":"1.8.0","minecraft:client_entity":{"description":{"identifier":"hivemounts:broomstick","materials":{"default":"entity_alphatest","emissive":"entity_emissive"},"textures":{"cursed":"textures/entity/hive/mounts/broomstick/cursed","regular":"textures/entity/hive/mounts/broomstick/regular"},"geometry":{"default":"geometry.hive.mounts.broomstick"},"animations":{"idle":"animation.hive.mounts.broomstick.idle","move_forward":"animation.hive.mounts.broomstick.move.forward","move_left":"animation.hive.mounts.broomstick.move.left","move_right":"animation.hive.mounts.broomstick.move.right"},"scripts":{"pre_animation":["variable.turn_amount \u003d Math.max(Math.min(query.yaw_speed * 0.6, 100), -100) / 100;","variable.turn_lerped \u003d Math.lerp(variable.turn_lerped ?? 0, variable.turn_amount, 0.02);"]},"animation_controllers":[{"idle":"controller.animation.hive.mounts.broomstick.idle"}],"render_controllers":["controller.render.hive.mounts.broomstick"]}}}