{"format_version":"1.8.0","minecraft:client_entity":{"description":{"identifier":"hivemounts:cruiser","materials":{"default":"entity_alphatest","emissive":"entity_emissive"},"textures":{"blue":"textures/entity/hive/mounts/cruiser/blue","ender":"textures/entity/hive/mounts/cruiser/ender","lime":"textures/entity/hive/mounts/cruiser/lime","pink":"textures/entity/hive/mounts/cruiser/pink","red":"textures/entity/hive/mounts/cruiser/red","taxi":"textures/entity/hive/mounts/cruiser/taxi"},"geometry":{"default":"geometry.hive.mounts.cruiser","thrusters":"geometry.hive.mounts.cruiser.thrusters"},"animations":{"idle":"animation.hive.mounts.cruiser.idle","idle_boosters":"animation.hive.mounts.cruiser.idle.boosters","move_forward":"animation.hive.mounts.cruiser.move.forward","move_left":"animation.hive.mounts.cruiser.move.left","move_right":"animation.hive.mounts.cruiser.move.right"},"scripts":{"pre_animation":["variable.turn_amount \u003d Math.max(Math.min(query.yaw_speed * 0.6, 100), -100) / 100;","variable.turn_lerped \u003d Math.lerp(variable.turn_lerped ?? 0, variable.turn_amount, 0.04 * query.key_frame_lerp_time);"]},"animation_controllers":[{"idle":"controller.animation.hive.mounts.cruiser.idle"}],"render_controllers":["controller.render.hive.mounts.cruiser","controller.render.hive.mounts.cruiser.thrusters"]}}}