{"format_version":"1.8.0","minecraft:client_entity":{"description":{"identifier":"hivemounts:pirate_ship","materials":{"default":"entity_alphatest","one_sided":"entity_alphatest_one_sided"},"textures":{"default":"textures/entity/hive/mounts/pirate_ship"},"geometry":{"default":"geometry.hive.mounts.pirate.ship"},"animations":{"idle":"animation.hive.mounts.pirate.ship.idle","idle_engine":"animation.hive.mounts.pirate.ship.idle.engine","move_forward":"animation.hive.mounts.pirate.ship.move.forward","move_left":"animation.hive.mounts.pirate.ship.move.left","move_right":"animation.hive.mounts.pirate.ship.move.right","afk":"animation.hive.mounts.pirate.ship.afk","afk_hold":"animation.hive.mounts.pirate.ship.afk.hold","afk_end":"animation.hive.mounts.pirate.ship.afk.end"},"scripts":{"pre_animation":["variable.turn_amount \u003d Math.max(Math.min(query.yaw_speed * 0.6, 100), -100) / 100;","variable.turn_lerped \u003d Math.lerp(variable.turn_lerped ?? 0, variable.turn_amount, 0.04 * query.key_frame_lerp_time);"]},"animation_controllers":[{"idle":"controller.animation.hive.mounts.pirate.ship.idle"},{"afk":"controller.animation.hive.mounts.pirate.ship.afk"}],"render_controllers":["controller.render.hive.mounts.pirate.ship"]}}}