{"format_version":"1.8.0","minecraft:client_entity":{"description":{"identifier":"hivemounts:spaceship","materials":{"default":"entity_alphatest","emissive":"entity_emissive","one_sided":"entity_alphatest_one_sided"},"textures":{"default":"textures/entity/hive/mounts/spaceship"},"geometry":{"default":"geometry.hive.mounts.spaceship"},"animations":{"idle":"animation.hive.mounts.spaceship.idle","idle_energy":"animation.hive.mounts.spaceship.idle.energy","fly_forward":"animation.hive.mounts.spaceship.fly.forward","fly_left":"animation.hive.mounts.spaceship.fly.left","fly_right":"animation.hive.mounts.spaceship.fly.right","face_blink":"animation.hive.mounts.spaceship.face.blink","face_look_left":"animation.hive.mounts.spaceship.face.look.left","face_look_right":"animation.hive.mounts.spaceship.face.look.right"},"animation_controllers":[{"idle":"controller.animation.hive.mounts.spaceship.idle"},{"face":"controller.animation.hive.mounts.spaceship.face"},{"move":"controller.animation.hive.mounts.spaceship.move"}],"render_controllers":["controller.render.hive.mounts.spaceship"]}}}