{"format_version":"1.10.0","particle_effect":{"description":{"identifier":"hivehub:gold_glitter","basic_render_parameters":{"material":"particles_alpha","texture":"textures/particle/hive/arcade/glitter"}},"components":{"minecraft:emitter_rate_steady":{"spawn_rate":1,"max_particles":8},"minecraft:emitter_lifetime_expression":{},"minecraft:emitter_shape_point":{"direction":["Math.random(-0.001, 0.001)","Math.random(-0.001, 0.001)","Math.random(-0.001, 0.001)"]},"minecraft:particle_lifetime_expression":{"max_lifetime":"Math.Random(4,2)"},"minecraft:particle_initial_spin":{"rotation_rate":"variable.particle_random_1 \u003e 0.5 ? 80 : -80"},"minecraft:particle_initial_speed":0.3,"minecraft:particle_motion_dynamic":{"linear_drag_coefficient":4},"minecraft:particle_appearance_billboard":{"size":["variable.particle_age \u003c (variable.particle_lifetime/2) ? (variable.particle_age/variable.particle_lifetime)*0.1 : (1-(variable.particle_age/variable.particle_lifetime))*0.1","variable.particle_age \u003c (variable.particle_lifetime/2) ? (variable.particle_age/variable.particle_lifetime)*0.1 : (1-(variable.particle_age/variable.particle_lifetime))*0.1"],"facing_camera_mode":"lookat_xyz","uv":{"texture_width":8,"texture_height":8,"uv":[0,0],"uv_size":[8,8]}},"minecraft:particle_appearance_tinting":{"color":[1,1,1,1]}}}}