{"format_version":"1.10.0","animation_controllers":{"controller.animation.hive.hub.npc.pirates":{"states":{"default":{"animations":["idle"],"transitions":[{"treasure":"variable.idleRandom \u003d\u003d 0"},{"crab":"variable.idleRandom \u003d\u003d 1"}],"blend_transition":0.2},"treasure":{"animations":["treasure"],"transitions":[{"default":"query.all_animations_finished"}],"blend_transition":0.2},"crab":{"animations":["crab"],"transitions":[{"default":"query.all_animations_finished"}],"blend_transition":0.2}}}}}