{"format_version":"1.8.0","minecraft:client_entity":{"description":{"identifier":"hivehub:billboard_animals","materials":{"default":"entity_alphatest"},"textures":{"frame":"textures/entity/hive/hub/billboard/animals/frame","graphic":"textures/entity/hive/hub/billboard/animals/graphic"},"geometry":{"frame":"geometry.hive.hub.billboard.animals.frame","graphic":"geometry.hive.hub.billboard.animals.graphic"},"render_controllers":["controller.render.hive.hub.billboard.frame","controller.render.hive.hub.billboard.graphic"]}}}