{"format_version":"1.8.0","minecraft:client_entity":{"description":{"identifier":"hivehub:billboard_pirates","materials":{"default":"entity_alphatest"},"textures":{"frame":"textures/entity/hive/hub/billboard/pirates/frame","graphic":"textures/entity/hive/hub/billboard/pirates/graphic"},"geometry":{"frame":"geometry.hive.hub.billboard.pirates.frame","graphic":"geometry.hive.hub.billboard.pirates.graphic"},"render_controllers":["controller.render.hive.hub.billboard.frame","controller.render.hive.hub.billboard.graphic"]}}}