{"format_version":"1.8.0","animations":{"animation.hive.hub.arcade.vehicle.spawn":{"loop":"hold_on_last_frame","animation_length":0.84,"bones":{"hovercar":{"scale":{"0.0":[0,1,0],"0.08":[0.0909,1,0.0909],"0.16":[0.3182,1,0.3182],"0.24":[0.7727,1,0.7727],"0.4":[0.9242,1,0.9242],"0.6":[0.9783,1,0.9783],"0.84":[1,1,1]}}}},"animation.hive.hub.arcade.vehicle.car":{"loop":true,"animation_length":1.56,"bones":{"rightThrustRing":{"position":{"0.08":[0,0,-3.1],"1.56":[0,0,6.05]},"scale":{"0.04":[0,0,0],"0.08":[0,0,0],"0.28":[0.7,1,0.7],"0.36":[0.9173,0.9673,0.9173],"0.52":[0.9608,0.9608,0.9608],"0.72":[0.8848,0.8848,0.8848],"1.12":[0.5808,0.5808,0.5808],"1.56":[0,0,0]}},"leftThrustRing":{"position":{"0.08":[0,0,-3.1],"1.56":[0,0,6.05]},"scale":{"0.04":[0,0,0],"0.08":[0,0,0],"0.28":[0.7,1,0.7],"0.36":[0.9173,0.9673,0.9173],"0.52":[0.9608,0.9608,0.9608],"0.72":[0.8848,0.8848,0.8848],"1.12":[0.5808,0.5808,0.5808],"1.56":[0,0,0]}},"hovercar":{"position":{"0.0":[0,0,0],"0.16":[0,0.094,0],"0.36":[0,0.64,0],"0.56":[0,1.422,0],"0.68":[0,1.62,0],"0.84":[0,1.44,0],"1.12":[0,0.992,0],"1.36":[0,0.15,0],"1.56":[0,0,0]},"scale":0.8},"hover1":{"position":{"0.0":[0,0,0],"1.44":[0,-5,0],"1.52":[0,0,0]},"scale":{"0.0":[1,2,1],"1.44":[0.8,0,0.8],"1.52":[0,0,0]}},"hover4":{"position":{"0.0":[0,0,0],"1.44":[0,-5,0],"1.52":[0,0,0]},"scale":{"0.0":[1,2,1],"1.44":[0.8,0,0.8],"1.52":[0,0,0]}},"hover2":{"position":{"0.0":[0,0,0],"1.44":[0,-5,0],"1.52":[0,0,0]},"scale":{"0.0":[1,2,1],"1.44":[0.8,0,0.8],"1.52":[0,0,0]}},"hover3":{"position":{"0.0":[0,0,0],"1.44":[0,-5,0],"1.52":[0,0,0]},"scale":{"0.0":[1,2,1],"1.44":[0.8,0,0.8],"1.52":[0,0,0]}}}},"animation.hive.hub.arcade.vehicle.travel":{"loop":"hold_on_last_frame","bones":{"hovercar":{"rotation":[2.5,0,0],"position":[0,2,0]},"frontRightHover":{"rotation":[25,0,0]},"frontLeftHover":{"rotation":[25,0,0]},"backRightHover":{"rotation":[25,0,0]},"backLeftHover":{"rotation":[25,0,0]}}}}}