{"format_version":"1.8.0","render_controllers":{"controller.render.hive.drop.powerup":{"arrays":{"textures":{"array.textures":["Texture.chest","Texture.dragon_egg","Texture.lucky_block","Texture.potion","Texture.royal_crown","Texture.gift"]},"geometries":{"array.geometries":["Geometry.chest","Geometry.dragon_egg","Geometry.lucky_block","Geometry.potion","Geometry.royal_crown","Geometry.gift"]}},"geometry":"array.geometries[query.variant]","materials":[{"*":"Material.default"}],"textures":["array.textures[query.variant]"]}}}