{"format_version":"1.8.0","minecraft:client_entity":{"description":{"identifier":"hivehub:npc_pirates","materials":{"default":"entity_alphatest"},"textures":{"default":"textures/entity/hive/hub/npc/pirates"},"geometry":{"default":"geometry.hive.hub.npc.pirates"},"scripts":{"pre_animation":["variable.idleRandom \u003d math.random_integer(0, 1000);"]},"animations":{"idle":"animation.hive.hub.npc.pirates.idle","treasure":"animation.hive.hub.npc.pirates.treasure","crab":"animation.hive.hub.npc.pirates.crab"},"animation_controllers":[{"default":"controller.animation.hive.hub.npc.pirates"}],"render_controllers":["controller.render.default"]}}}