{"format_version":"1.10.0","particle_effect":{"description":{"identifier":"hive:fall_leaves_red","basic_render_parameters":{"material":"particles_alpha","texture":"textures/particle/hive/world/fall/leaf"}},"components":{"minecraft:emitter_rate_steady":{"spawn_rate":0.75,"max_particles":100},"minecraft:emitter_lifetime_once":{"active_time":5},"minecraft:emitter_shape_disc":{"radius":2,"direction":"outwards"},"minecraft:particle_lifetime_expression":{"max_lifetime":14},"minecraft:particle_initial_spin":{"rotation_rate":"math.random(-30,30)"},"minecraft:particle_initial_speed":0,"minecraft:particle_motion_dynamic":{"linear_acceleration":["variable.particle_age \u003e 12 ? 0 : math.sin(variable.particle_age*100)*math.random(-10,10)",-1,"variable.particle_age \u003e 12 ? 0 : math.sin(variable.particle_age*100)*math.random(-10,10)"],"linear_drag_coefficient":1},"minecraft:particle_appearance_billboard":{"size":["variable.particle_age \u003e 12 ? (1-(variable.particle_age/variable.particle_lifetime))*1.5 : 0.2","variable.particle_age \u003e 12 ? (1-(variable.particle_age/variable.particle_lifetime))*1.5 : 0.2"],"facing_camera_mode":"lookat_xyz","uv":{"texture_width":8,"texture_height":40,"uv":[0,"variable.particle_random_3 \u003c 0.5 ? Math.round(variable.particle_random_2 * 4) * 8 + 8 : Math.round(variable.particle_random_2 * 2) * 8"],"uv_size":[8,8]}},"minecraft:particle_motion_collision":{"collision_drag":6,"coefficient_of_restitution":0.05,"collision_radius":0.05},"minecraft:particle_appearance_lighting":{},"minecraft:particle_appearance_tinting":{"color":["Math.clamp(Math.clamp(variable.particle_random_1 * 0.6 + 0.5, 0, 1), 0, 1)","Math.clamp(Math.clamp(variable.particle_random_1 * 0.1 + 0.1, 0, 1), 0, 1)","Math.clamp(Math.clamp(variable.particle_random_1 * 0.1 + 0.1, 0, 1), 0, 1)",1]}}}}