{"format_version":"1.12.0","minecraft:geometry":[{"description":{"identifier":"geometry.hive.hub.arcade.bench","texture_width":80,"texture_height":48,"visible_bounds_width":8,"visible_bounds_height":3.5,"visible_bounds_offset":[0,1.25,0]},"bones":[{"name":"root","pivot":[0,0,0]},{"name":"bone2","parent":"root","pivot":[0,0,-2],"cubes":[{"origin":[0,7,-7],"size":[24,3,13],"uv":[0,0],"mirror":true},{"origin":[-24,10,-2.5],"size":[0,5,4],"pivot":[-24,10,0],"rotation":[0,0,-15],"uv":[29,13],"mirror":true},{"origin":[24,10,-2.5],"size":[0,5,4],"pivot":[24,10,0],"rotation":[0,0,15],"uv":[29,13]},{"origin":[-27,14.8,-7],"size":[3,2,10],"uv":[54,31]},{"origin":[24,14.8,-7],"size":[3,2,10],"uv":[54,31],"mirror":true},{"origin":[-24,7,-7],"size":[24,3,13],"uv":[0,0]}]},{"name":"translucent","parent":"bone2","pivot":[0,0,0],"cubes":[{"origin":[21,3,-6],"size":[0,4,11],"uv":[31,16],"mirror":true},{"origin":[-21,3,5],"size":[42,4,0],"uv":[0,27],"mirror":true},{"origin":[-21,3,-6],"size":[42,4,0],"uv":[0,27],"mirror":true},{"origin":[-21,3,-6],"size":[0,4,11],"uv":[31,16],"mirror":true}]},{"name":"bone","parent":"bone2","pivot":[0,10,6],"rotation":[-5,0,0],"cubes":[{"origin":[0,13,4],"size":[24,12,3],"uv":[0,31],"mirror":true},{"origin":[-24,13,4],"size":[24,12,3],"uv":[0,31]},{"origin":[-12,10,6],"size":[7,3,0],"uv":[0,17]},{"origin":[5,10,6],"size":[7,3,0],"uv":[0,17]}]}]}]}