{"format_version":"1.12.0","minecraft:geometry":[{"description":{"identifier":"geometry.hive.hub.arcade.couch","texture_width":75,"texture_height":75,"visible_bounds_width":6,"visible_bounds_height":2.5,"visible_bounds_offset":[0,0.75,0]},"bones":[{"name":"root","pivot":[0,0,0]},{"name":"couch","parent":"root","pivot":[0,0,0],"cubes":[{"origin":[-25,0,-8],"size":[25,8,14],"uv":{"north":{"uv":[27,28],"uv_size":[25,8]},"east":{"uv":[0,52],"uv_size":[14,8]},"south":{"uv":[0,32],"uv_size":[25,8]},"west":{"uv":[52,0],"uv_size":[14,8]},"up":{"uv":[27,0],"uv_size":[25,14]},"down":{"uv":[27,28],"uv_size":[25,-14]}}},{"origin":[-27,0,5],"size":[27,16,6],"pivot":[-24,0,5],"rotation":[-5,0,0],"uv":{"north":{"uv":[0,0],"uv_size":[27,16]},"east":{"uv":[21,54],"uv_size":[6,16]},"south":{"uv":[0,16],"uv_size":[27,16]},"west":{"uv":[27,54],"uv_size":[6,16]},"up":{"uv":[41,36],"uv_size":[27,6]},"down":{"uv":[41,48],"uv_size":[27,-6]}}},{"origin":[-31,0,-10],"size":[7,12,16],"pivot":[-24,0,-2],"rotation":[0,0,-5],"uv":{"north":{"uv":[33,54],"uv_size":[7,12]},"east":{"uv":[25,36],"uv_size":[16,12]},"south":{"uv":[40,54],"uv_size":[7,12]},"west":{"uv":[0,40],"uv_size":[16,12]},"up":{"uv":[52,8],"uv_size":[7,16]},"down":{"uv":[14,70],"uv_size":[7,-16]}}},{"origin":[-6,7.75,3],"size":[12,7,2],"pivot":[-24,0,5],"rotation":[-5,0,0],"uv":{"north":{"uv":[47,54],"uv_size":[12,7]},"east":{"uv":[22,40],"uv_size":[2,7]},"south":{"uv":[59,8],"uv_size":[12,7]},"west":{"uv":[59,15],"uv_size":[2,7]},"up":{"uv":[52,32],"uv_size":[12,2]},"down":{"uv":[52,36],"uv_size":[12,-2]}}},{"origin":[-22,7.75,3],"size":[12,7,2],"pivot":[-24,0,5],"rotation":[-5,0,0],"uv":{"north":{"uv":[47,54],"uv_size":[12,7]},"east":{"uv":[22,40],"uv_size":[2,7]},"south":{"uv":[59,8],"uv_size":[12,7]},"west":{"uv":[59,15],"uv_size":[2,7]},"up":{"uv":[52,32],"uv_size":[12,2]},"down":{"uv":[52,36],"uv_size":[12,-2]}}},{"origin":[10,7.75,3],"size":[12,7,2],"pivot":[24,0,5],"rotation":[-5,0,0],"uv":{"north":{"uv":[59,54],"uv_size":[-12,7]},"east":{"uv":[61,15],"uv_size":[-2,7]},"south":{"uv":[71,8],"uv_size":[-12,7]},"west":{"uv":[24,40],"uv_size":[-2,7]},"up":{"uv":[64,32],"uv_size":[-12,2]},"down":{"uv":[64,36],"uv_size":[-12,-2]}}},{"origin":[-23,16,5],"size":[23,4,6],"pivot":[-24,0,5],"rotation":[-5,0,0],"uv":{"north":{"uv":[52,24],"uv_size":[23,4]},"east":{"uv":[16,40],"uv_size":[6,4]},"south":{"uv":[52,28],"uv_size":[23,4]},"west":{"uv":[16,44],"uv_size":[6,4]},"up":{"uv":[16,48],"uv_size":[23,6]},"down":{"uv":[39,54],"uv_size":[23,-6]}}},{"origin":[0,16,5],"size":[23,4,6],"pivot":[24,0,5],"rotation":[-5,0,0],"uv":{"north":{"uv":[75,24],"uv_size":[-23,4]},"east":{"uv":[22,44],"uv_size":[-6,4]},"south":{"uv":[75,28],"uv_size":[-23,4]},"west":{"uv":[22,40],"uv_size":[-6,4]},"up":{"uv":[39,48],"uv_size":[-23,6]},"down":{"uv":[62,54],"uv_size":[-23,-6]}}},{"origin":[0,0,5],"size":[27,16,6],"pivot":[24,0,5],"rotation":[-5,0,0],"uv":{"north":{"uv":[27,0],"uv_size":[-27,16]},"east":{"uv":[33,54],"uv_size":[-6,16]},"south":{"uv":[27,16],"uv_size":[-27,16]},"west":{"uv":[27,54],"uv_size":[-6,16]},"up":{"uv":[68,36],"uv_size":[-27,6]},"down":{"uv":[68,48],"uv_size":[-27,-6]}}},{"origin":[0,0,-8],"size":[25,8,14],"uv":{"north":{"uv":[52,28],"uv_size":[-25,8]},"east":{"uv":[66,0],"uv_size":[-14,8]},"south":{"uv":[25,32],"uv_size":[-25,8]},"west":{"uv":[14,52],"uv_size":[-14,8]},"up":{"uv":[52,0],"uv_size":[-25,14]},"down":{"uv":[52,28],"uv_size":[-25,-14]}}},{"origin":[24,0,-10],"size":[7,12,16],"pivot":[24,0,-2],"rotation":[0,0,5],"uv":{"north":{"uv":[40,54],"uv_size":[-7,12]},"east":{"uv":[16,40],"uv_size":[-16,12]},"south":{"uv":[47,54],"uv_size":[-7,12]},"west":{"uv":[41,36],"uv_size":[-16,12]},"up":{"uv":[59,8],"uv_size":[-7,16]},"down":{"uv":[21,70],"uv_size":[-7,-16]}}}]}]}]}