{"minecraft:geometry":[{"description":{"identifier":"geometry.hive.hub.arcade.duck","texture_width":64,"texture_height":64,"visible_bounds_width":7,"visible_bounds_height":4,"visible_bounds_offset":[0,1,0]},"bones":[{"name":"root","pivot":[0,0,0]},{"name":"axisZ","parent":"root","pivot":[0,0,0]},{"name":"axisX","parent":"axisZ","pivot":[0,0,0]},{"name":"duck","parent":"axisX","pivot":[0,0,0],"cubes":[{"origin":[-3,0,-3],"size":[6,4,8],"uv":{"north":{"uv":[8,17],"uv_size":[6,4]},"east":{"uv":[0,17],"uv_size":[8,4]},"south":{"uv":[22,17],"uv_size":[6,4]},"west":{"uv":[14,17],"uv_size":[8,4]},"up":{"uv":[8,9],"uv_size":[6,8]},"down":{"uv":[14,17],"uv_size":[6,-8]}}}]},{"name":"tail","parent":"duck","pivot":[0,4,5],"rotation":[12.5,0,0],"cubes":[{"origin":[-1,1,4],"size":[2,3,4],"uv":{"north":{"uv":[25,12],"uv_size":[2,3]},"east":{"uv":[21,12],"uv_size":[4,3]},"south":{"uv":[31,12],"uv_size":[2,3]},"west":{"uv":[27,12],"uv_size":[4,3]},"up":{"uv":[25,8],"uv_size":[2,4]},"down":{"uv":[27,12],"uv_size":[2,-4]}}},{"origin":[0,4,6],"size":[0,2,3],"uv":{"north":{"uv":[28,1],"uv_size":[0,2]},"east":{"uv":[25,1],"uv_size":[3,2]},"south":{"uv":[31,1],"uv_size":[0,2]},"west":{"uv":[28,1],"uv_size":[3,2]},"up":{"uv":[28,-2],"uv_size":[0,3]},"down":{"uv":[28,1],"uv_size":[0,-3]}}}]},{"name":"head","parent":"duck","pivot":[0,3,-3],"cubes":[{"origin":[-2,3,-5],"size":[4,5,4],"uv":{"north":{"uv":[4,4],"uv_size":[4,5]},"east":{"uv":[0,4],"uv_size":[4,5]},"south":{"uv":[12,4],"uv_size":[4,5]},"west":{"uv":[8,4],"uv_size":[4,5]},"up":{"uv":[4,0],"uv_size":[4,4]},"down":{"uv":[8,4],"uv_size":[4,-4]}}}]},{"name":"beak","parent":"head","pivot":[0,5,-5],"cubes":[{"origin":[-2,5,-7],"size":[4,1,2],"uv":{"north":{"uv":[14,2],"uv_size":[4,1]},"east":{"uv":[12,2],"uv_size":[2,1]},"south":{"uv":[20,2],"uv_size":[4,1]},"west":{"uv":[18,2],"uv_size":[2,1]},"up":{"uv":[14,0],"uv_size":[4,2]},"down":{"uv":[18,2],"uv_size":[4,-2]}}}]},{"name":"bottombeak","parent":"head","pivot":[0,5,-5],"cubes":[{"origin":[-2,4,-7],"size":[4,1,2],"uv":{"north":{"uv":[18,6],"uv_size":[4,1]},"east":{"uv":[16,6],"uv_size":[2,1]},"south":{"uv":[24,6],"uv_size":[4,1]},"west":{"uv":[22,6],"uv_size":[2,1]},"up":{"uv":[18,4],"uv_size":[4,2]},"down":{"uv":[22,6],"uv_size":[4,-2]}}}]},{"name":"rightWing","parent":"duck","pivot":[-3,4,-2],"cubes":[{"origin":[-4,0,-2],"size":[1,4,5],"uv":{"north":{"uv":[5,26],"uv_size":[1,4]},"east":{"uv":[0,26],"uv_size":[5,4]},"south":{"uv":[11,26],"uv_size":[1,4]},"west":{"uv":[6,26],"uv_size":[5,4]},"up":{"uv":[5,21],"uv_size":[1,5]},"down":{"uv":[6,26],"uv_size":[1,-5]}}},{"origin":[-4,1,3],"size":[0,3,2],"uv":{"north":{"uv":[10,22],"uv_size":[0,3]},"east":{"uv":[8,22],"uv_size":[2,3]},"south":{"uv":[12,22],"uv_size":[0,3]},"west":{"uv":[10,22],"uv_size":[2,3]},"up":{"uv":[10,20],"uv_size":[0,2]},"down":{"uv":[10,22],"uv_size":[0,-2]}}}]},{"name":"leftWing","parent":"duck","pivot":[3,4,-2],"cubes":[{"origin":[3,0,-2],"size":[1,4,5],"uv":{"north":{"uv":[6,26],"uv_size":[-1,4]},"east":{"uv":[11,26],"uv_size":[-5,4]},"south":{"uv":[12,26],"uv_size":[-1,4]},"west":{"uv":[5,26],"uv_size":[-5,4]},"up":{"uv":[6,21],"uv_size":[-1,5]},"down":{"uv":[7,26],"uv_size":[-1,-5]}}},{"origin":[4,1,3],"size":[0,3,2],"uv":{"north":{"uv":[10,22],"uv_size":[0,3]},"east":{"uv":[12,22],"uv_size":[-2,3]},"south":{"uv":[12,22],"uv_size":[0,3]},"west":{"uv":[10,22],"uv_size":[-2,3]},"up":{"uv":[10,20],"uv_size":[0,2]},"down":{"uv":[10,22],"uv_size":[0,-2]}}}]},{"name":"rightLeg","parent":"duck","pivot":[-1,0,2],"cubes":[{"origin":[-2,-2,2],"size":[1,2,1],"uv":{"north":{"uv":[1,10],"uv_size":[1,2]},"east":{"uv":[0,10],"uv_size":[1,2]},"south":{"uv":[3,10],"uv_size":[1,2]},"west":{"uv":[2,10],"uv_size":[1,2]},"up":{"uv":[1,9],"uv_size":[1,1]}}}]},{"name":"rightFoot","parent":"rightLeg","pivot":[-1.5,-2,3],"cubes":[{"origin":[-2.5,-2,0],"size":[2,0,3],"uv":{"north":{"uv":[0,16],"uv_size":[2,0]},"east":{"uv":[-3,16],"uv_size":[3,0]},"south":{"uv":[5,16],"uv_size":[2,0]},"west":{"uv":[2,16],"uv_size":[3,0]},"up":{"uv":[0,13],"uv_size":[2,3]},"down":{"uv":[2,16],"uv_size":[2,-3]}}}]},{"name":"leftLeg","parent":"duck","pivot":[1,0,2],"cubes":[{"origin":[1,-2,2],"size":[1,2,1],"uv":{"north":{"uv":[2,10],"uv_size":[-1,2]},"east":{"uv":[3,10],"uv_size":[-1,2]},"south":{"uv":[4,10],"uv_size":[-1,2]},"west":{"uv":[1,10],"uv_size":[-1,2]},"up":{"uv":[2,9],"uv_size":[-1,1]}}}]},{"name":"leftFoot","parent":"leftLeg","pivot":[1.5,-2,3],"cubes":[{"origin":[0.5,-2,0],"size":[2,0,3],"uv":{"north":{"uv":[2,16],"uv_size":[-2,0]},"east":{"uv":[5,16],"uv_size":[-3,0]},"south":{"uv":[7,16],"uv_size":[-2,0]},"west":{"uv":[0,16],"uv_size":[-3,0]},"up":{"uv":[2,13],"uv_size":[-2,3]},"down":{"uv":[4,16],"uv_size":[-2,-3]}}}]}]}],"format_version":"1.12.0"}