{"format_version":"1.12.0","minecraft:geometry":[{"description":{"identifier":"geometry.hive.hub.arcade.elevator","texture_width":256,"texture_height":144,"visible_bounds_width":8,"visible_bounds_height":8,"visible_bounds_offset":[0,2,0]},"bones":[{"name":"root","pivot":[0,0,0]},{"name":"elevator","parent":"root","pivot":[0,0,0],"cubes":[{"origin":[-18,56,-40],"size":[36,8,8],"uv":{"north":{"uv":[171,114],"uv_size":[-36,8]},"south":{"uv":[171,114],"uv_size":[-36,8]},"down":{"uv":[171,114],"uv_size":[-36,-8]}}},{"origin":[-20,-16,-20],"size":[40,8,40],"uv":{"north":{"uv":[196,1],"uv_size":[2,8]},"east":{"uv":[198,1],"uv_size":[-2,8]},"south":{"uv":[196,1],"uv_size":[2,8]},"west":{"uv":[196,1],"uv_size":[2,8]}}},{"origin":[18,0,-40],"size":[22,64,8],"uv":{"north":{"uv":[112,74],"uv_size":[-22,64]},"east":{"uv":[244,26],"uv_size":[-8,64]},"south":{"uv":[235,0],"uv_size":[-22,64]},"west":{"uv":[253,26],"uv_size":[-8,64]}}},{"origin":[20,12,-33],"size":[10,17,4],"uv":{"east":{"uv":[200,16],"uv_size":[-4,17]},"south":{"uv":[19,81],"uv_size":[-10,17]},"west":{"uv":[196,16],"uv_size":[4,17]},"up":{"uv":[195,86],"uv_size":[-10,4]},"down":{"uv":[185,90],"uv_size":[-1,-4]}}},{"origin":[-30,12,-33],"size":[10,17,4],"uv":{"east":{"uv":[200,16],"uv_size":[-4,17]},"south":{"uv":[0,81],"uv_size":[10,17]},"west":{"uv":[196,16],"uv_size":[4,17]},"up":{"uv":[185,86],"uv_size":[10,4]},"down":{"uv":[184,90],"uv_size":[1,-4]}}},{"origin":[-40,0,-40],"size":[22,64,8],"uv":{"north":{"uv":[90,74],"uv_size":[22,64]},"east":{"uv":[245,26],"uv_size":[8,64]},"south":{"uv":[113,74],"uv_size":[22,64]},"west":{"uv":[236,26],"uv_size":[8,64]}}}]},{"name":"leftDoor","parent":"elevator","pivot":[-18,0,-38],"cubes":[{"origin":[-18,0,-38],"size":[18,12,4],"uv":{"north":{"uv":[1,99],"uv_size":[18,12]},"south":{"uv":[19,99],"uv_size":[-18,12]},"west":{"uv":[131,51],"uv_size":[4,12]},"up":{"uv":[195,98],"uv_size":[18,4]},"down":{"uv":[236,94],"uv_size":[18,-4]}}},{"origin":[-18,12,-38],"size":[5,36,4],"uv":{"north":{"uv":[217,65],"uv_size":[5,36]},"south":{"uv":[222,65],"uv_size":[-5,36]},"west":{"uv":[213,65],"uv_size":[4,36]}}},{"origin":[-18,48,-38],"size":[18,8,4],"uv":{"north":{"uv":[195,86],"uv_size":[18,8]},"south":{"uv":[213,86],"uv_size":[-18,8]},"west":{"uv":[131,64],"uv_size":[4,8]},"up":{"uv":[236,94],"uv_size":[18,4]},"down":{"uv":[195,98],"uv_size":[18,-4]}}},{"origin":[-13,12,-36],"size":[13,36,0],"uv":{"north":{"uv":[222,65],"uv_size":[13,36]},"east":{"uv":[173,195],"uv_size":[0,36]},"south":{"uv":[235,65],"uv_size":[-13,36]},"west":{"uv":[174,195],"uv_size":[0,36]},"up":{"uv":[41,122],"uv_size":[13,0]},"down":{"uv":[55,122],"uv_size":[13,0]}}}]},{"name":"rightDoor","parent":"elevator","pivot":[18,0,-38],"cubes":[{"origin":[0,0,-38],"size":[18,12,4],"uv":{"north":{"uv":[19,99],"uv_size":[-18,12]},"east":{"uv":[135,51],"uv_size":[-4,12]},"south":{"uv":[1,99],"uv_size":[18,12]},"up":{"uv":[213,98],"uv_size":[-18,4]},"down":{"uv":[254,94],"uv_size":[-18,-4]}}},{"origin":[13,12,-38],"size":[5,36,4],"uv":{"north":{"uv":[222,65],"uv_size":[-5,36]},"east":{"uv":[217,65],"uv_size":[-4,36]},"south":{"uv":[217,65],"uv_size":[5,36]}}},{"origin":[0,48,-38],"size":[18,8,4],"uv":{"north":{"uv":[213,86],"uv_size":[-18,8]},"east":{"uv":[135,64],"uv_size":[-4,8]},"south":{"uv":[195,86],"uv_size":[18,8]},"up":{"uv":[254,94],"uv_size":[-18,4]},"down":{"uv":[213,98],"uv_size":[-18,-4]}}},{"origin":[0,12,-36],"size":[13,36,0],"uv":{"north":{"uv":[222,65],"uv_size":[13,36]},"east":{"uv":[174,195],"uv_size":[0,36]},"south":{"uv":[235,65],"uv_size":[-13,36]},"west":{"uv":[173,195],"uv_size":[0,36]},"up":{"uv":[54,122],"uv_size":[-13,0]},"down":{"uv":[68,122],"uv_size":[-13,0]}}}]},{"name":"half1","parent":"elevator","pivot":[0,0,0],"cubes":[{"origin":[-40,64,-40],"size":[40,8,40],"uv":{"north":{"uv":[173,51],"uv_size":[40,8]},"east":{"uv":[173,60],"uv_size":[40,8]},"up":{"uv":[0,0],"uv_size":[40,40]},"down":{"uv":[0,81],"uv_size":[40,-40]}}},{"origin":[-40,64,0],"size":[40,8,40],"uv":{"east":{"uv":[213,60],"uv_size":[-40,8]},"south":{"uv":[213,78],"uv_size":[-40,8]},"up":{"uv":[0,40],"uv_size":[40,-40]},"down":{"uv":[0,41],"uv_size":[40,40]}}},{"origin":[-40,-8,-40],"size":[40,8,40],"uv":{"north":{"uv":[173,69],"uv_size":[40,8]},"east":{"uv":[213,69],"uv_size":[-40,8]},"up":{"uv":[41,0],"uv_size":[40,40]},"down":{"uv":[41,81],"uv_size":[40,-40]}}},{"origin":[-40,-8,0],"size":[40,8,40],"uv":{"east":{"uv":[173,69],"uv_size":[40,8]},"south":{"uv":[213,69],"uv_size":[-40,8]},"up":{"uv":[82,0],"uv_size":[40,40]},"down":{"uv":[41,41],"uv_size":[40,40]}}},{"origin":[-32,11,32],"size":[32,5,8],"uv":{"north":{"uv":[135,131],"uv_size":[32,5]},"south":{"uv":[190,123],"uv_size":[32,-5]},"up":{"uv":[135,122],"uv_size":[32,8]}}},{"origin":[-32,-1,40],"size":[32,12,0],"pivot":[-16,11,40],"rotation":[-20,0,0],"uv":{"east":{"uv":[71,140],"uv_size":[0,12]},"south":{"uv":[136,95],"uv_size":[32,-12]},"west":{"uv":[72,140],"uv_size":[0,12]},"up":{"uv":[128,179],"uv_size":[32,0]},"down":{"uv":[179,195],"uv_size":[32,0]}}},{"origin":[-32,0,32],"size":[32,11,0],"uv":{"north":{"uv":[136,95],"uv_size":[32,11]},"east":{"uv":[71,153],"uv_size":[0,11]},"west":{"uv":[72,153],"uv_size":[0,11]},"up":{"uv":[196,0],"uv_size":[32,0]},"down":{"uv":[196,1],"uv_size":[32,0]}}},{"origin":[-32,48,32],"size":[32,5,8],"uv":{"north":{"uv":[190,112],"uv_size":[32,5]},"south":{"uv":[190,118],"uv_size":[32,5]},"down":{"uv":[135,130],"uv_size":[32,-8]}}},{"origin":[-32,53,40],"size":[32,12,0],"pivot":[-16,53,40],"rotation":[20,0,0],"uv":{"east":{"uv":[196,4],"uv_size":[0,12]},"south":{"uv":[136,83],"uv_size":[32,12]},"west":{"uv":[196,17],"uv_size":[0,12]},"up":{"uv":[196,30],"uv_size":[32,0]},"down":{"uv":[196,31],"uv_size":[32,0]}}},{"origin":[-32,53,32],"size":[32,11,0],"uv":{"north":{"uv":[213,101],"uv_size":[32,11]},"east":{"uv":[108,172],"uv_size":[0,11]},"west":{"uv":[109,172],"uv_size":[0,11]},"up":{"uv":[196,2],"uv_size":[32,0]},"down":{"uv":[196,3],"uv_size":[32,0]}}},{"origin":[-40,48,-32],"size":[8,16,72],"uv":{"east":{"uv":[123,17],"uv_size":[72,16]},"south":{"uv":[82,115],"uv_size":[8,16]},"west":{"uv":[131,34],"uv_size":[72,16]},"down":{"uv":[245,72],"uv_size":[8,-72]}}},{"origin":[-40,0,-32],"size":[8,16,72],"uv":{"east":{"uv":[0,114],"uv_size":[72,16]},"south":{"uv":[73,115],"uv_size":[8,16]},"west":{"uv":[123,0],"uv_size":[72,16]},"up":{"uv":[236,0],"uv_size":[8,72]}}},{"origin":[-36,16,16],"size":[0,32,20],"uv":{"north":{"uv":[175,195],"uv_size":[0,32]},"east":{"uv":[20,82],"uv_size":[20,32]},"south":{"uv":[176,195],"uv_size":[0,32]},"west":{"uv":[40,82],"uv_size":[-20,32]},"up":{"uv":[89,115],"uv_size":[0,20]},"down":{"uv":[70,160],"uv_size":[0,-20]}}},{"origin":[-36,16,36],"size":[36,32,0],"uv":{"north":{"uv":[136,51],"uv_size":[36,32]},"east":{"uv":[177,195],"uv_size":[0,32]},"south":{"uv":[172,51],"uv_size":[-36,32]},"west":{"uv":[178,195],"uv_size":[0,32]},"up":{"uv":[194,178],"uv_size":[36,0]},"down":{"uv":[194,179],"uv_size":[36,0]}}},{"origin":[-40,16,-32],"size":[8,32,48],"uv":{"east":{"uv":[41,82],"uv_size":[48,32]},"south":{"uv":[172,110],"uv_size":[8,32]},"west":{"uv":[82,41],"uv_size":[48,32]}}},{"origin":[-30,11,14],"size":[3,3,16],"uv":{"north":{"uv":[82,74],"uv_size":[3,3]},"east":{"uv":[183,94],"uv_size":[16,3]},"south":{"uv":[82,78],"uv_size":[3,3]},"west":{"uv":[179,91],"uv_size":[16,3]},"up":{"uv":[245,98],"uv_size":[3,16]},"down":{"uv":[249,114],"uv_size":[3,-16]}}},{"origin":[-27,11,27],"size":[27,3,3],"uv":{"north":{"uv":[172,106],"uv_size":[27,3]},"east":{"uv":[86,74],"uv_size":[3,3]},"south":{"uv":[172,97],"uv_size":[27,3]},"west":{"uv":[86,78],"uv_size":[3,3]},"up":{"uv":[172,100],"uv_size":[27,3]},"down":{"uv":[172,106],"uv_size":[27,-3]}}},{"origin":[-30,0,28],"size":[9,11,0],"uv":{"north":{"uv":[204,39],"uv_size":[9,11]},"east":{"uv":[60,196],"uv_size":[0,11]},"west":{"uv":[61,196],"uv_size":[0,11]},"up":{"uv":[173,116],"uv_size":[9,0]},"down":{"uv":[18,177],"uv_size":[9,0]}}}]},{"name":"half2","parent":"elevator","pivot":[0,0,0],"cubes":[{"origin":[0,64,-40],"size":[40,8,40],"uv":{"north":{"uv":[213,51],"uv_size":[-40,8]},"west":{"uv":[213,60],"uv_size":[-40,8]},"up":{"uv":[40,0],"uv_size":[-40,40]},"down":{"uv":[40,81],"uv_size":[-40,-40]}}},{"origin":[0,64,0],"size":[40,8,40],"uv":{"south":{"uv":[173,78],"uv_size":[40,8]},"west":{"uv":[173,60],"uv_size":[40,8]},"up":{"uv":[40,40],"uv_size":[-40,-40]},"down":{"uv":[40,41],"uv_size":[-40,40]}}},{"origin":[0,-8,-40],"size":[40,8,40],"uv":{"north":{"uv":[213,69],"uv_size":[-40,8]},"west":{"uv":[173,69],"uv_size":[40,8]},"up":{"uv":[81,0],"uv_size":[-40,40]},"down":{"uv":[81,81],"uv_size":[-40,-40]}}},{"origin":[0,-8,0],"size":[40,8,40],"uv":{"south":{"uv":[173,69],"uv_size":[40,8]},"west":{"uv":[213,69],"uv_size":[-40,8]},"up":{"uv":[122,0],"uv_size":[-40,40]},"down":{"uv":[81,41],"uv_size":[-40,40]}}},{"origin":[0,11,32],"size":[32,5,8],"uv":{"north":{"uv":[167,131],"uv_size":[-32,5]},"south":{"uv":[222,123],"uv_size":[-32,-5]},"up":{"uv":[167,122],"uv_size":[-32,8]}}},{"origin":[0,-1,40],"size":[32,12,0],"pivot":[16,11,40],"rotation":[-20,0,0],"uv":{"east":{"uv":[72,140],"uv_size":[0,12]},"south":{"uv":[168,95],"uv_size":[-32,-12]},"west":{"uv":[71,140],"uv_size":[0,12]},"up":{"uv":[160,179],"uv_size":[-32,0]},"down":{"uv":[211,195],"uv_size":[-32,0]}}},{"origin":[0,0,32],"size":[32,11,0],"uv":{"north":{"uv":[168,95],"uv_size":[-32,11]},"east":{"uv":[72,153],"uv_size":[0,11]},"west":{"uv":[71,153],"uv_size":[0,11]},"up":{"uv":[228,0],"uv_size":[-32,0]},"down":{"uv":[228,1],"uv_size":[-32,0]}}},{"origin":[0,48,32],"size":[32,5,8],"uv":{"north":{"uv":[222,112],"uv_size":[-32,5]},"south":{"uv":[222,118],"uv_size":[-32,5]},"down":{"uv":[167,130],"uv_size":[-32,-8]}}},{"origin":[0,53,40],"size":[32,12,0],"pivot":[16,53,40],"rotation":[20,0,0],"uv":{"east":{"uv":[196,17],"uv_size":[0,12]},"south":{"uv":[168,83],"uv_size":[-32,12]},"west":{"uv":[196,4],"uv_size":[0,12]},"up":{"uv":[228,30],"uv_size":[-32,0]},"down":{"uv":[228,31],"uv_size":[-32,0]}}},{"origin":[0,53,32],"size":[32,11,0],"uv":{"north":{"uv":[245,101],"uv_size":[-32,11]},"east":{"uv":[109,172],"uv_size":[0,11]},"west":{"uv":[108,172],"uv_size":[0,11]},"up":{"uv":[228,2],"uv_size":[-32,0]},"down":{"uv":[228,3],"uv_size":[-32,0]}}},{"origin":[32,48,-32],"size":[8,16,72],"uv":{"east":{"uv":[203,34],"uv_size":[-72,16]},"south":{"uv":[90,115],"uv_size":[-8,16]},"west":{"uv":[195,17],"uv_size":[-72,16]},"down":{"uv":[253,72],"uv_size":[-8,-72]}}},{"origin":[32,0,-32],"size":[8,16,72],"uv":{"east":{"uv":[195,0],"uv_size":[-72,16]},"south":{"uv":[81,115],"uv_size":[-8,16]},"west":{"uv":[72,114],"uv_size":[-72,16]},"up":{"uv":[244,0],"uv_size":[-8,72]}}},{"origin":[36,16,16],"size":[0,32,20],"uv":{"north":{"uv":[175,195],"uv_size":[0,32]},"east":{"uv":[20,82],"uv_size":[20,32]},"south":{"uv":[176,195],"uv_size":[0,32]},"west":{"uv":[40,82],"uv_size":[-20,32]},"up":{"uv":[89,115],"uv_size":[0,20]},"down":{"uv":[70,160],"uv_size":[0,-20]}}},{"origin":[0,16,36],"size":[36,32,0],"uv":{"north":{"uv":[172,51],"uv_size":[-36,32]},"east":{"uv":[178,195],"uv_size":[0,32]},"south":{"uv":[136,51],"uv_size":[36,32]},"west":{"uv":[177,195],"uv_size":[0,32]},"up":{"uv":[230,178],"uv_size":[-36,0]},"down":{"uv":[230,179],"uv_size":[-36,0]}}},{"origin":[32,16,-32],"size":[8,32,48],"uv":{"east":{"uv":[130,41],"uv_size":[-48,32]},"south":{"uv":[180,110],"uv_size":[-8,32]},"west":{"uv":[89,82],"uv_size":[-48,32]}}},{"origin":[27,11,14],"size":[3,3,16],"uv":{"north":{"uv":[85,74],"uv_size":[-3,3]},"east":{"uv":[195,91],"uv_size":[-16,3]},"south":{"uv":[85,78],"uv_size":[-3,3]},"west":{"uv":[199,94],"uv_size":[-16,3]},"up":{"uv":[248,98],"uv_size":[-3,16]},"down":{"uv":[252,114],"uv_size":[-3,-16]}}},{"origin":[0,11,27],"size":[27,3,3],"uv":{"north":{"uv":[199,106],"uv_size":[-27,3]},"east":{"uv":[89,78],"uv_size":[-3,3]},"south":{"uv":[199,97],"uv_size":[-27,3]},"west":{"uv":[89,74],"uv_size":[-3,3]},"up":{"uv":[199,100],"uv_size":[-27,3]},"down":{"uv":[199,106],"uv_size":[-27,-3]}}},{"origin":[21,0,28],"size":[9,11,0],"uv":{"north":{"uv":[213,39],"uv_size":[-9,11]},"east":{"uv":[61,196],"uv_size":[0,11]},"west":{"uv":[60,196],"uv_size":[0,11]},"up":{"uv":[182,116],"uv_size":[-9,0]},"down":{"uv":[27,177],"uv_size":[-9,0]}}}]}]}]}