{"format_version":"1.12.0","minecraft:geometry":[{"description":{"identifier":"geometry.hive.hub.arcade.floatingplatform","texture_width":64,"texture_height":64,"visible_bounds_width":5,"visible_bounds_height":4,"visible_bounds_offset":[0,1,0]},"bones":[{"name":"root","pivot":[0,16,0]},{"name":"platform","parent":"root","pivot":[0,16,0]},{"name":"bottomPivot","parent":"platform","pivot":[0,5,0],"cubes":[{"origin":[-21,4.999,-8],"size":[42,11,16],"uv":{"east":{"uv":[0,48],"uv_size":[16,11]},"west":{"uv":[0,48],"uv_size":[16,11]},"up":{"uv":[0,0],"uv_size":[42,16]},"down":{"uv":[0,32],"uv_size":[42,-16]}}},{"origin":[-8,4.999,-21],"size":[16,11,13],"uv":{"north":{"uv":[0,48],"uv_size":[16,11]},"up":{"uv":[43,16],"uv_size":[16,13]},"down":{"uv":[64,29],"uv_size":[-16,13]}}},{"origin":[-8,4.999,8],"size":[16,11,13],"uv":{"south":{"uv":[0,48],"uv_size":[16,11]},"up":{"uv":[43,29],"uv_size":[16,-13]},"down":{"uv":[48,42],"uv_size":[16,-13]}}},{"origin":[21,6.999,8],"size":[3,5,4],"uv":{"north":{"uv":[48,43],"uv_size":[3,5]},"south":{"uv":[54,43],"uv_size":[-3,5]},"west":{"uv":[59,43],"uv_size":[-4,5]}}},{"origin":[8,2.999,8],"size":[16,4,16],"uv":{"north":{"uv":[59,49],"uv_size":[-16,4]},"east":{"uv":[43,49],"uv_size":[16,4]},"south":{"uv":[43,53],"uv_size":[16,4]},"west":{"uv":[59,53],"uv_size":[-16,4]},"up":{"uv":[0,32],"uv_size":[16,16]},"down":{"uv":[16,48],"uv_size":[16,-16]}}},{"origin":[12,6.999,12],"size":[10,5,10],"uv":{"south":{"uv":[16,54],"uv_size":[10,5]},"west":{"uv":[26,54],"uv_size":[-10,5]}}},{"origin":[8,6.999,21],"size":[4,5,3],"uv":{"east":{"uv":[48,43],"uv_size":[3,5]},"south":{"uv":[55,43],"uv_size":[4,5]},"west":{"uv":[51,43],"uv_size":[3,5]}}},{"origin":[8,11.999,8],"size":[16,4,16],"uv":{"north":{"uv":[43,60],"uv_size":[-16,4]},"east":{"uv":[27,60],"uv_size":[16,4]},"south":{"uv":[43,57],"uv_size":[16,4]},"west":{"uv":[59,57],"uv_size":[-16,4]},"up":{"uv":[32,32],"uv_size":[16,16]},"down":{"uv":[43,16],"uv_size":[16,-16]}}},{"origin":[8,11.999,-24],"size":[16,4,16],"uv":{"north":{"uv":[59,57],"uv_size":[-16,4]},"east":{"uv":[43,60],"uv_size":[-16,4]},"south":{"uv":[27,60],"uv_size":[16,4]},"west":{"uv":[43,57],"uv_size":[16,4]},"up":{"uv":[32,48],"uv_size":[16,-16]},"down":{"uv":[43,0],"uv_size":[16,16]}}},{"origin":[8,6.999,-24],"size":[4,5,3],"uv":{"north":{"uv":[59,43],"uv_size":[-4,5]},"east":{"uv":[51,43],"uv_size":[-3,5]},"west":{"uv":[54,43],"uv_size":[-3,5]}}},{"origin":[12,6.999,-22],"size":[10,5,10],"uv":{"north":{"uv":[26,54],"uv_size":[-10,5]},"west":{"uv":[16,54],"uv_size":[10,5]}}},{"origin":[8,2.999,-24],"size":[16,4,16],"uv":{"north":{"uv":[59,53],"uv_size":[-16,4]},"east":{"uv":[59,49],"uv_size":[-16,4]},"south":{"uv":[43,49],"uv_size":[16,4]},"west":{"uv":[43,53],"uv_size":[16,4]},"up":{"uv":[0,48],"uv_size":[16,-16]},"down":{"uv":[16,32],"uv_size":[16,16]}}},{"origin":[21,6.999,-12],"size":[3,5,4],"uv":{"north":{"uv":[51,43],"uv_size":[3,5]},"south":{"uv":[51,43],"uv_size":[-3,5]},"west":{"uv":[55,43],"uv_size":[4,5]}}},{"origin":[-24,6.999,-12],"size":[3,5,4],"uv":{"north":{"uv":[54,43],"uv_size":[-3,5]},"east":{"uv":[59,43],"uv_size":[-4,5]},"south":{"uv":[48,43],"uv_size":[3,5]}}},{"origin":[-24,2.999,-24],"size":[16,4,16],"uv":{"north":{"uv":[43,53],"uv_size":[16,4]},"east":{"uv":[59,53],"uv_size":[-16,4]},"south":{"uv":[59,49],"uv_size":[-16,4]},"west":{"uv":[43,49],"uv_size":[16,4]},"up":{"uv":[16,48],"uv_size":[-16,-16]},"down":{"uv":[32,32],"uv_size":[-16,16]}}},{"origin":[-22,6.999,-22],"size":[10,5,10],"uv":{"north":{"uv":[16,54],"uv_size":[10,5]},"east":{"uv":[26,54],"uv_size":[-10,5]}}},{"origin":[-12,6.999,-24],"size":[4,5,3],"uv":{"north":{"uv":[55,43],"uv_size":[4,5]},"east":{"uv":[51,43],"uv_size":[3,5]},"west":{"uv":[48,43],"uv_size":[3,5]}}},{"origin":[-24,11.999,-24],"size":[16,4,16],"uv":{"north":{"uv":[43,57],"uv_size":[16,4]},"east":{"uv":[59,57],"uv_size":[-16,4]},"south":{"uv":[43,60],"uv_size":[-16,4]},"west":{"uv":[27,60],"uv_size":[16,4]},"up":{"uv":[48,48],"uv_size":[-16,-16]},"down":{"uv":[59,0],"uv_size":[-16,16]}}},{"origin":[-24,11.999,8],"size":[16,4,16],"uv":{"north":{"uv":[27,60],"uv_size":[16,4]},"east":{"uv":[43,57],"uv_size":[16,4]},"south":{"uv":[59,57],"uv_size":[-16,4]},"west":{"uv":[43,60],"uv_size":[-16,4]},"up":{"uv":[48,32],"uv_size":[-16,16]},"down":{"uv":[59,16],"uv_size":[-16,-16]}}},{"origin":[-12,6.999,21],"size":[4,5,3],"uv":{"east":{"uv":[54,43],"uv_size":[-3,5]},"south":{"uv":[59,43],"uv_size":[-4,5]},"west":{"uv":[51,43],"uv_size":[-3,5]}}},{"origin":[-22,6.999,12],"size":[10,5,10],"uv":{"east":{"uv":[16,54],"uv_size":[10,5]},"south":{"uv":[26,54],"uv_size":[-10,5]}}},{"origin":[-24,2.999,8],"size":[16,4,16],"uv":{"north":{"uv":[43,49],"uv_size":[16,4]},"east":{"uv":[43,53],"uv_size":[16,4]},"south":{"uv":[59,53],"uv_size":[-16,4]},"west":{"uv":[59,49],"uv_size":[-16,4]},"up":{"uv":[16,32],"uv_size":[-16,16]},"down":{"uv":[32,48],"uv_size":[-16,-16]}}},{"origin":[-24,6.999,8],"size":[3,5,4],"uv":{"north":{"uv":[51,43],"uv_size":[-3,5]},"east":{"uv":[55,43],"uv_size":[4,5]},"south":{"uv":[51,43],"uv_size":[3,5]}}}]},{"name":"blend","parent":"bottomPivot","pivot":[0,16,0],"cubes":[{"origin":[12,6.999,12],"size":[11,5,11],"uv":{"south":{"uv":[16,48],"uv_size":[11,5]},"west":{"uv":[27,48],"uv_size":[-11,5]}}},{"origin":[11,-1.001,11],"size":[10,4,10],"uv":{"north":{"uv":[16,60],"uv_size":[10,4]},"east":{"uv":[16,60],"uv_size":[10,4]},"south":{"uv":[16,60],"uv_size":[10,4]},"west":{"uv":[16,60],"uv_size":[10,4]}}},{"origin":[-23,6.999,12],"size":[11,5,11],"uv":{"east":{"uv":[16,48],"uv_size":[11,5]},"south":{"uv":[27,48],"uv_size":[-11,5]}}},{"origin":[-21,-1.001,11],"size":[10,4,10],"uv":{"north":{"uv":[26,60],"uv_size":[-10,4]},"east":{"uv":[26,60],"uv_size":[-10,4]},"south":{"uv":[26,60],"uv_size":[-10,4]},"west":{"uv":[26,60],"uv_size":[-10,4]}}},{"origin":[-23,6.999,-23],"size":[11,5,11],"uv":{"north":{"uv":[16,48],"uv_size":[11,5]},"east":{"uv":[27,48],"uv_size":[-11,5]}}},{"origin":[-21,-1.001,-21],"size":[10,4,10],"uv":{"north":{"uv":[16,60],"uv_size":[10,4]},"east":{"uv":[16,60],"uv_size":[10,4]},"south":{"uv":[16,60],"uv_size":[10,4]},"west":{"uv":[16,60],"uv_size":[10,4]}}},{"origin":[12,6.999,-23],"size":[11,5,11],"uv":{"north":{"uv":[27,48],"uv_size":[-11,5]},"west":{"uv":[16,48],"uv_size":[11,5]}}},{"origin":[11,-1.001,-21],"size":[10,4,10],"uv":{"north":{"uv":[26,60],"uv_size":[-10,4]},"east":{"uv":[26,60],"uv_size":[-10,4]},"south":{"uv":[26,60],"uv_size":[-10,4]},"west":{"uv":[26,60],"uv_size":[-10,4]}}}]}]}]}