{"format_version":"1.12.0","minecraft:geometry":[{"description":{"identifier":"geometry.hive.hub.arcade.hive.sign","texture_width":112,"texture_height":36,"visible_bounds_width":20,"visible_bounds_height":7.5,"visible_bounds_offset":[0,3.25,0]},"bones":[{"name":"root","pivot":[0,0,8]},{"name":"h","parent":"root","pivot":[-40,18,3],"cubes":[{"origin":[-55,0,0],"size":[11,36,8],"uv":{"north":{"uv":[0,0],"uv_size":[11,36]},"east":{"uv":[110,0],"uv_size":[2,2]},"south":{"uv":[0,0],"uv_size":[11,36]},"west":{"uv":[110,0],"uv_size":[2,2]},"up":{"uv":[112,2],"uv_size":[-2,-2]},"down":{"uv":[112,2],"uv_size":[-2,-2]}}},{"origin":[-44,12,0],"size":[8,12,8],"uv":{"north":{"uv":[11,12],"uv_size":[8,12]},"east":{"uv":[110,0],"uv_size":[2,2]},"south":{"uv":[11,12],"uv_size":[8,12]},"west":{"uv":[110,0],"uv_size":[2,2]},"up":{"uv":[112,2],"uv_size":[-2,-2]},"down":{"uv":[112,2],"uv_size":[-2,-2]}}},{"origin":[-36,0,0],"size":[11,36,8],"uv":{"north":{"uv":[19,0],"uv_size":[11,36]},"east":{"uv":[110,0],"uv_size":[2,2]},"south":{"uv":[19,0],"uv_size":[11,36]},"west":{"uv":[110,0],"uv_size":[2,2]},"up":{"uv":[112,2],"uv_size":[-2,-2]},"down":{"uv":[112,2],"uv_size":[-2,-2]}}}]},{"name":"i","parent":"root","pivot":[-16,18,3],"cubes":[{"origin":[-22,0,0],"size":[12,36,8],"uv":{"north":{"uv":[33,0],"uv_size":[12,36]},"east":{"uv":[110,0],"uv_size":[2,2]},"south":{"uv":[33,0],"uv_size":[12,36]},"west":{"uv":[110,0],"uv_size":[2,2]},"up":{"uv":[112,2],"uv_size":[-2,-2]},"down":{"uv":[112,2],"uv_size":[-2,-2]}}}]},{"name":"v","parent":"root","pivot":[8,16.5,3],"cubes":[{"origin":[-7,16,0],"size":[12,20,8],"uv":{"north":{"uv":[47,0],"uv_size":[12,20]},"east":{"uv":[110,0],"uv_size":[2,2]},"south":{"uv":[47,0],"uv_size":[12,20]},"west":{"uv":[110,0],"uv_size":[2,2]},"up":{"uv":[112,2],"uv_size":[-2,-2]},"down":{"uv":[112,2],"uv_size":[-2,-2]}}},{"origin":[-7,6,0],"size":[30,10,8],"uv":{"north":{"uv":[47,20],"uv_size":[30,10]},"east":{"uv":[110,0],"uv_size":[2,2]},"south":{"uv":[47,20],"uv_size":[30,10]},"west":{"uv":[110,0],"uv_size":[2,2]},"up":{"uv":[112,2],"uv_size":[-2,-2]},"down":{"uv":[112,2],"uv_size":[-2,-2]}}},{"origin":[-1,0,0],"size":[18,6,8],"uv":{"north":{"uv":[53,30],"uv_size":[18,6]},"east":{"uv":[110,0],"uv_size":[2,2]},"south":{"uv":[53,30],"uv_size":[18,6]},"west":{"uv":[110,0],"uv_size":[2,2]},"up":{"uv":[112,2],"uv_size":[-2,-2]},"down":{"uv":[112,2],"uv_size":[-2,-2]}}},{"origin":[11,16,0],"size":[12,20,8],"uv":{"north":{"uv":[65,0],"uv_size":[12,20]},"east":{"uv":[110,0],"uv_size":[2,2]},"south":{"uv":[65,0],"uv_size":[12,20]},"west":{"uv":[110,0],"uv_size":[2,2]},"up":{"uv":[112,2],"uv_size":[-2,-2]},"down":{"uv":[112,2],"uv_size":[-2,-2]}}}]},{"name":"e","parent":"root","pivot":[42.5,18,3],"cubes":[{"origin":[38,26,0],"size":[16,10,8],"uv":{"north":{"uv":[91,0],"uv_size":[16,10]},"east":{"uv":[110,0],"uv_size":[2,2]},"south":{"uv":[91,0],"uv_size":[16,10]},"west":{"uv":[110,0],"uv_size":[2,2]},"up":{"uv":[112,2],"uv_size":[-2,-2]},"down":{"uv":[112,2],"uv_size":[-2,-2]}}},{"origin":[26,0,0],"size":[12,36,8],"uv":{"north":{"uv":[79,0],"uv_size":[12,36]},"east":{"uv":[110,0],"uv_size":[2,2]},"south":{"uv":[79,0],"uv_size":[12,36]},"west":{"uv":[110,0],"uv_size":[2,2]},"up":{"uv":[112,2],"uv_size":[-2,-2]},"down":{"uv":[112,2],"uv_size":[-2,-2]}}},{"origin":[38,0,0],"size":[16,10,8],"uv":{"north":{"uv":[91,26],"uv_size":[16,10]},"east":{"uv":[110,0],"uv_size":[2,2]},"south":{"uv":[91,26],"uv_size":[16,10]},"west":{"uv":[110,0],"uv_size":[2,2]},"up":{"uv":[112,2],"uv_size":[-2,-2]},"down":{"uv":[112,2],"uv_size":[-2,-2]}}},{"origin":[38,12,0],"size":[16,12,8],"uv":{"north":{"uv":[91,12],"uv_size":[16,12]},"east":{"uv":[110,0],"uv_size":[2,2]},"south":{"uv":[91,12],"uv_size":[16,12]},"west":{"uv":[110,0],"uv_size":[2,2]},"up":{"uv":[112,2],"uv_size":[-2,-2]},"down":{"uv":[112,2],"uv_size":[-2,-2]}}}]}]}]}