{"format_version":"1.12.0","minecraft:geometry":[{"description":{"identifier":"geometry.hive.hub.arcade.jukebox","texture_width":128,"texture_height":128,"visible_bounds_width":4,"visible_bounds_height":5,"visible_bounds_offset":[0,1.5,0]},"bones":[{"name":"jukebox","pivot":[0,0,0],"cubes":[{"origin":[-14,42,-8],"size":[11,6,16],"uv":{"north":{"uv":[74,64],"uv_size":[11,6]},"east":{"uv":[74,0],"uv_size":[16,6]},"south":{"uv":[74,70],"uv_size":[11,6]},"west":{"uv":[74,6],"uv_size":[16,6]},"up":{"uv":[26,62],"uv_size":[11,16]},"down":{"uv":[37,78],"uv_size":[11,-16]}}},{"origin":[-3,40,-10],"size":[6,12,18],"uv":{"north":{"uv":[0,74],"uv_size":[6,12]},"east":{"uv":[46,26],"uv_size":[18,12]},"south":{"uv":[6,74],"uv_size":[6,12]},"west":{"uv":[64,26],"uv_size":[-18,12]},"up":{"uv":[68,64],"uv_size":[6,18]},"down":{"uv":[48,88],"uv_size":[6,-18]}}},{"origin":[-14,0,-5],"size":[14,18,13],"uv":{"north":{"uv":[32,26],"uv_size":[14,18]},"east":{"uv":[26,44],"uv_size":[13,18]},"south":{"uv":[0,42],"uv_size":[14,18]},"west":{"uv":[39,44],"uv_size":[13,18]},"up":{"uv":[60,0],"uv_size":[14,13]},"down":{"uv":[60,26],"uv_size":[14,-13]}}},{"origin":[-14,32,-5],"size":[28,4,13],"uv":{"north":{"uv":[66,56],"uv_size":[28,4]},"east":{"uv":[74,76],"uv_size":[13,4]},"south":{"uv":[66,60],"uv_size":[28,4]},"west":{"uv":[26,78],"uv_size":[13,4]},"up":{"uv":[32,0],"uv_size":[28,13]},"down":{"uv":[32,26],"uv_size":[28,-13]}}},{"origin":[-14,28,-5],"size":[8,4,0],"uv":{"north":{"uv":[86,50],"uv_size":[8,4]},"east":{"uv":[0,0],"uv_size":[0,4]},"west":{"uv":[0,0],"uv_size":[0,4]},"up":{"uv":[0,0],"uv_size":[8,0]},"down":{"uv":[0,0],"uv_size":[8,0]}}},{"origin":[-14,18,7],"size":[14,14,1],"uv":{"north":{"uv":[52,50],"uv_size":[14,14]},"east":{"uv":[72,82],"uv_size":[1,14]},"south":{"uv":[0,60],"uv_size":[14,14]},"west":{"uv":[73,82],"uv_size":[1,14]},"up":{"uv":[87,79],"uv_size":[14,1]},"down":{"uv":[85,89],"uv_size":[14,-1]}}},{"origin":[-8,36,-5],"size":[16,6,2],"uv":{"north":{"uv":[74,12],"uv_size":[16,6]},"east":{"uv":[66,70],"uv_size":[2,6]},"south":{"uv":[74,18],"uv_size":[16,6]},"west":{"uv":[12,74],"uv_size":[2,6]},"up":{"uv":[86,54],"uv_size":[16,2]},"down":{"uv":[85,88],"uv_size":[16,-2]}}},{"origin":[-14,36,6],"size":[28,6,2],"uv":{"north":{"uv":[64,26],"uv_size":[28,6]},"east":{"uv":[49,88],"uv_size":[2,6]},"south":{"uv":[64,32],"uv_size":[28,6]},"west":{"uv":[51,88],"uv_size":[2,6]},"up":{"uv":[70,48],"uv_size":[28,2]},"down":{"uv":[74,26],"uv_size":[28,-2]}}},{"origin":[-20,0,-8],"size":[6,42,16],"uv":{"north":{"uv":[14,42],"uv_size":[6,42]},"east":{"uv":[0,0],"uv_size":[16,42]},"south":{"uv":[20,42],"uv_size":[6,42]},"west":{"uv":[16,0],"uv_size":[16,42]},"up":{"uv":[54,70],"uv_size":[6,16]},"down":{"uv":[60,86],"uv_size":[6,-16]}}},{"origin":[-14,36,-8],"size":[6,6,3],"uv":{"north":{"uv":[46,38],"uv_size":[6,6]},"east":{"uv":[22,84],"uv_size":[3,6]},"south":{"uv":[16,84],"uv_size":[6,6]},"west":{"uv":[62,86],"uv_size":[3,6]},"up":{"uv":[87,76],"uv_size":[6,3]},"down":{"uv":[79,90],"uv_size":[6,-3]}}},{"origin":[3,42,-8],"size":[11,6,16],"uv":{"north":{"uv":[85,64],"uv_size":[-11,6]},"east":{"uv":[90,6],"uv_size":[-16,6]},"south":{"uv":[85,70],"uv_size":[-11,6]},"west":{"uv":[90,0],"uv_size":[-16,6]},"up":{"uv":[37,62],"uv_size":[-11,16]},"down":{"uv":[48,78],"uv_size":[-11,-16]}}},{"origin":[8,36,-8],"size":[6,6,3],"uv":{"north":{"uv":[52,38],"uv_size":[-6,6]},"east":{"uv":[65,86],"uv_size":[-3,6]},"south":{"uv":[22,84],"uv_size":[-6,6]},"west":{"uv":[25,84],"uv_size":[-3,6]},"up":{"uv":[93,76],"uv_size":[-6,3]},"down":{"uv":[85,90],"uv_size":[-6,-3]}}},{"origin":[14,0,-8],"size":[6,42,16],"uv":{"north":{"uv":[20,42],"uv_size":[-6,42]},"east":{"uv":[32,0],"uv_size":[-16,42]},"south":{"uv":[26,42],"uv_size":[-6,42]},"west":{"uv":[16,0],"uv_size":[-16,42]},"up":{"uv":[60,70],"uv_size":[-6,16]},"down":{"uv":[66,86],"uv_size":[-6,-16]}}},{"origin":[6,28,-5],"size":[8,4,0],"uv":{"north":{"uv":[94,50],"uv_size":[-8,4]},"east":{"uv":[0,0],"uv_size":[0,4]},"west":{"uv":[0,0],"uv_size":[0,4]},"up":{"uv":[8,0],"uv_size":[-8,0]},"down":{"uv":[8,0],"uv_size":[-8,0]}}},{"origin":[0,18,7],"size":[14,14,1],"uv":{"north":{"uv":[66,50],"uv_size":[-14,14]},"east":{"uv":[74,82],"uv_size":[-1,14]},"south":{"uv":[14,60],"uv_size":[-14,14]},"west":{"uv":[73,82],"uv_size":[-1,14]},"up":{"uv":[101,79],"uv_size":[-14,1]},"down":{"uv":[99,89],"uv_size":[-14,-1]}}},{"origin":[0,0,-5],"size":[14,18,13],"uv":{"north":{"uv":[46,26],"uv_size":[-14,18]},"east":{"uv":[52,44],"uv_size":[-13,18]},"south":{"uv":[14,42],"uv_size":[-14,18]},"west":{"uv":[39,44],"uv_size":[-13,18]},"up":{"uv":[74,0],"uv_size":[-14,13]},"down":{"uv":[74,26],"uv_size":[-14,-13]}}},{"origin":[8.5,18,1],"size":[5,9,0],"uv":{"north":{"uv":[39,78],"uv_size":[5,9]},"east":{"uv":[0,0],"uv_size":[0,9]},"west":{"uv":[0,0],"uv_size":[0,9]},"up":{"uv":[0,0],"uv_size":[5,0]},"down":{"uv":[0,0],"uv_size":[5,0]}}},{"origin":[-14,18,-4],"size":[28,14,0],"uv":{"north":{"uv":[17,94],"uv_size":[28,14]},"east":{"uv":[0,0],"uv_size":[0,14]},"west":{"uv":[0,0],"uv_size":[0,14]},"up":{"uv":[28,0],"uv_size":[-28,0]},"down":{"uv":[28,0],"uv_size":[-28,0]}}}]},{"name":"panel","parent":"jukebox","pivot":[0,16,-5],"rotation":[-37.5,0,0],"cubes":[{"origin":[-10,10,-5],"size":[20,6,5],"uv":{"north":{"uv":[48,64],"uv_size":[20,6]},"east":{"uv":[6,86],"uv_size":[5,6]},"west":{"uv":[38,87],"uv_size":[5,6]},"up":{"uv":[70,38],"uv_size":[20,5]},"down":{"uv":[70,48],"uv_size":[20,-5]}}}]},{"name":"arm","parent":"jukebox","pivot":[0,18,4],"rotation":[0,-90,0],"cubes":[{"origin":[-1,18,3],"size":[2,6,2],"uv":{"north":{"uv":[66,76],"uv_size":[2,6]},"east":{"uv":[66,76],"uv_size":[2,6]},"south":{"uv":[66,76],"uv_size":[2,6]},"west":{"uv":[66,76],"uv_size":[2,6]},"up":{"uv":[26,42],"uv_size":[2,2]},"down":{"uv":[28,44],"uv_size":[2,-2]}}},{"origin":[-1,12,3],"size":[2,6,2],"uv":{"north":{"uv":[66,76],"uv_size":[2,6]},"east":{"uv":[66,76],"uv_size":[2,6]},"south":{"uv":[66,76],"uv_size":[2,6]},"west":{"uv":[66,76],"uv_size":[2,6]},"up":{"uv":[26,42],"uv_size":[2,2]},"down":{"uv":[28,44],"uv_size":[2,-2]}}}]},{"name":"hand","parent":"arm","pivot":[0,22,4],"rotation":[0,90,0],"cubes":[{"origin":[-2,22,-3],"size":[4,0,10],"uv":{"north":{"uv":[0,0],"uv_size":[4,0]},"east":{"uv":[0,0],"uv_size":[10,0]},"south":{"uv":[0,0],"uv_size":[4,0]},"west":{"uv":[0,0],"uv_size":[10,0]},"up":{"uv":[44,78],"uv_size":[4,10]}}}]},{"name":"discSolo","parent":"jukebox","pivot":[0,24,4]},{"name":"rotate","parent":"discSolo","pivot":[9,24,1],"cubes":[{"origin":[6,24,-2],"size":[6,1,6],"uv":{"north":{"uv":[79,80],"uv_size":[6,1]},"east":{"uv":[79,80],"uv_size":[6,1]},"south":{"uv":[79,80],"uv_size":[6,1]},"west":{"uv":[79,80],"uv_size":[6,1]},"up":{"uv":[85,64],"uv_size":[6,6]},"down":{"uv":[85,76],"uv_size":[6,-6]}}}]},{"name":"discStack","parent":"jukebox","pivot":[9,18,1],"cubes":[{"origin":[6,18,-2],"size":[6,6,6],"uv":{"north":{"uv":[79,81],"uv_size":[6,6]},"east":{"uv":[79,81],"uv_size":[6,6]},"south":{"uv":[79,81],"uv_size":[6,6]},"west":{"uv":[79,81],"uv_size":[6,6]},"up":{"uv":[85,64],"uv_size":[6,6]},"down":{"uv":[85,76],"uv_size":[6,-6]}}}]},{"name":"record","parent":"jukebox","pivot":[-8,19,1],"cubes":[{"origin":[-8.5,18,1],"size":[1,2,0],"uv":{"north":{"uv":[30,42],"uv_size":[1,2]},"east":{"uv":[0,0],"uv_size":[0,2]},"south":{"uv":[30,42],"uv_size":[1,2]},"west":{"uv":[0,0],"uv_size":[0,2]},"up":{"uv":[0,0],"uv_size":[1,0]},"down":{"uv":[0,0],"uv_size":[1,0]}}}]},{"name":"disc","parent":"record","pivot":[-8,19,1],"cubes":[{"origin":[-11,19,-2],"size":[6,0,6],"uv":{"north":{"uv":[0,0],"uv_size":[6,0]},"east":{"uv":[0,0],"uv_size":[6,0]},"south":{"uv":[0,0],"uv_size":[6,0]},"west":{"uv":[0,0],"uv_size":[6,0]},"up":{"uv":[85,80],"uv_size":[6,6]}}}]}]}]}