{"minecraft:geometry":[{"description":{"identifier":"geometry.hive.hub.arcade.mailbotscreen","texture_width":96,"texture_height":48,"visible_bounds_width":25,"visible_bounds_height":25,"visible_bounds_offset":[0,1.5,0]},"bones":[{"name":"root","pivot":[0,0,0]},{"name":"screen","parent":"root","pivot":[0,0,0],"cubes":[{"origin":[-32,0,0],"size":[64,48,0],"uv":{"north":{"uv":[0,0],"uv_size":[64,48]},"east":{"uv":[0,0],"uv_size":[0,48]},"west":{"uv":[0,0],"uv_size":[0,48]},"up":{"uv":[0,0],"uv_size":[64,0]},"down":{"uv":[0,0],"uv_size":[64,0]}}}]},{"name":"eyes","parent":"screen","pivot":[0,24,-1]},{"name":"rightEye","parent":"eyes","pivot":[-12,24,-1]},{"name":"rightEyeNormal","parent":"rightEye","pivot":[-12,24,-1],"cubes":[{"origin":[-16,24,-1],"size":[8,16,0],"uv":{"north":{"uv":[64,16],"uv_size":[8,16]},"east":{"uv":[0,0],"uv_size":[0,16]},"west":{"uv":[0,0],"uv_size":[0,16]},"up":{"uv":[0,0],"uv_size":[8,0]},"down":{"uv":[0,0],"uv_size":[8,0]}}}]},{"name":"rightEyeHappy","parent":"rightEye","pivot":[-16,30,1],"rotation":[0,0,45],"cubes":[{"origin":[-24,22,1],"size":[8,16,0],"uv":{"north":{"uv":[72,16],"uv_size":[8,16]},"east":{"uv":[0,0],"uv_size":[0,16]},"west":{"uv":[0,0],"uv_size":[0,16]},"up":{"uv":[0,0],"uv_size":[8,0]},"down":{"uv":[0,0],"uv_size":[8,0]}}},{"origin":[-16,30,1],"size":[8,8,0],"uv":{"north":{"uv":[80,16],"uv_size":[8,8]},"east":{"uv":[0,0],"uv_size":[0,8]},"west":{"uv":[0,0],"uv_size":[0,8]},"up":{"uv":[0,0],"uv_size":[8,0]},"down":{"uv":[0,0],"uv_size":[8,0]}}}]},{"name":"leftEye","parent":"eyes","pivot":[12,24,-1]},{"name":"leftEyeNormal","parent":"leftEye","pivot":[12,24,-1],"cubes":[{"origin":[8,24,-1],"size":[8,16,0],"uv":{"north":{"uv":[64,16],"uv_size":[8,16]},"east":{"uv":[0,0],"uv_size":[0,16]},"west":{"uv":[0,0],"uv_size":[0,16]},"up":{"uv":[0,0],"uv_size":[8,0]},"down":{"uv":[0,0],"uv_size":[8,0]}}}]},{"name":"leftEyeHappy","parent":"leftEye","pivot":[16,30,1],"rotation":[0,0,-45],"cubes":[{"origin":[16,22,1],"size":[8,16,0],"uv":{"north":{"uv":[80,16],"uv_size":[-8,16]},"east":{"uv":[0,0],"uv_size":[0,16]},"west":{"uv":[0,0],"uv_size":[0,16]},"up":{"uv":[8,0],"uv_size":[-8,0]},"down":{"uv":[8,0],"uv_size":[-8,0]}}},{"origin":[8,30,1],"size":[8,8,0],"uv":{"north":{"uv":[88,16],"uv_size":[-8,8]},"east":{"uv":[0,0],"uv_size":[0,8]},"west":{"uv":[0,0],"uv_size":[0,8]},"up":{"uv":[8,0],"uv_size":[-8,0]},"down":{"uv":[8,0],"uv_size":[-8,0]}}}]},{"name":"mouths","parent":"screen","pivot":[0,9,-1]},{"name":"mouthNormal","parent":"mouths","pivot":[0,9,-1],"cubes":[{"origin":[-16,1,-1],"size":[32,16,0],"uv":{"north":{"uv":[64,0],"uv_size":[32,16]},"east":{"uv":[0,0],"uv_size":[0,16]},"west":{"uv":[0,0],"uv_size":[0,16]},"up":{"uv":[0,0],"uv_size":[32,0]},"down":{"uv":[0,0],"uv_size":[32,0]}}},{"origin":[-24,9,-1],"size":[8,8,0],"uv":{"north":{"uv":[88,16],"uv_size":[8,8]},"east":{"uv":[0,0],"uv_size":[0,8]},"west":{"uv":[0,0],"uv_size":[0,8]},"up":{"uv":[0,0],"uv_size":[8,0]},"down":{"uv":[0,0],"uv_size":[8,0]}}},{"origin":[16,9,-1],"size":[8,8,0],"uv":{"north":{"uv":[96,16],"uv_size":[-8,8]},"east":{"uv":[0,0],"uv_size":[0,8]},"west":{"uv":[0,0],"uv_size":[0,8]},"up":{"uv":[8,0],"uv_size":[-8,0]},"down":{"uv":[8,0],"uv_size":[-8,0]}}}]},{"name":"mouthHappy","parent":"mouths","pivot":[0,9,1],"cubes":[{"origin":[-8,1,1],"size":[16,8,0],"uv":{"north":{"uv":[64,32],"uv_size":[16,8]},"east":{"uv":[0,0],"uv_size":[0,8]},"west":{"uv":[0,0],"uv_size":[0,8]},"up":{"uv":[0,0],"uv_size":[16,0]},"down":{"uv":[0,0],"uv_size":[16,0]}}},{"origin":[-16,9,1],"size":[8,8,0],"uv":{"north":{"uv":[81,32],"uv_size":[8,8]},"east":{"uv":[0,0],"uv_size":[0,8]},"west":{"uv":[0,0],"uv_size":[0,8]},"up":{"uv":[0,0],"uv_size":[8,0]},"down":{"uv":[0,0],"uv_size":[8,0]}}},{"origin":[8,9,1],"size":[8,8,0],"uv":{"north":{"uv":[89,32],"uv_size":[-8,8]},"east":{"uv":[0,0],"uv_size":[0,8]},"west":{"uv":[0,0],"uv_size":[0,8]},"up":{"uv":[0,0],"uv_size":[8,0]},"down":{"uv":[0,0],"uv_size":[8,0]}}}]}]}],"format_version":"1.12.0"}