{"format_version":"1.12.0","minecraft:geometry":[{"description":{"identifier":"geometry.hive.hub.arcade.mailbox","texture_width":64,"texture_height":64,"visible_bounds_width":3,"visible_bounds_height":3.5,"visible_bounds_offset":[0,1.25,0]},"bones":[{"name":"root","pivot":[0,0,0]},{"name":"mailbox","parent":"root","pivot":[0,1,0],"cubes":[{"origin":[-6,5,-5],"size":[12,15,10],"inflate":0.005,"uv":[0,0]},{"origin":[-9,7,-2],"size":[3,7,4],"inflate":0.005,"pivot":[-6,7,0],"rotation":[0,0,36.8],"uv":[0,53]},{"origin":[6,7,-2],"size":[3,7,4],"inflate":0.005,"pivot":[6,7,0],"rotation":[0,0,-36.8],"uv":[0,53],"mirror":true},{"origin":[-6,14,-3],"size":[12,6,8],"pivot":[0,20,5],"rotation":[-37,0,0],"uv":[0,25]},{"origin":[-6,14,-5],"size":[12,6,2],"pivot":[0,20,5],"rotation":[-37,0,0],"uv":[32,25]}]},{"name":"translucent","parent":"mailbox","pivot":[0,0,0],"cubes":[{"origin":[-4,2,-3],"size":[8,3,6],"inflate":0.001,"uv":[34,0]}]},{"name":"eyes","parent":"mailbox","pivot":[0,21.675,-3.9],"rotation":[-37,0,0]},{"name":"rightEye","parent":"eyes","pivot":[-2,21.67073,-3.88408],"cubes":[{"origin":[-3,21.67073,-3.88408],"size":[1,2,0],"uv":[0,25]}]},{"name":"leftEye","parent":"eyes","pivot":[2,21.67073,-3.88408],"cubes":[{"origin":[2,21.67073,-3.88408],"size":[1,2,0],"uv":[0,25],"mirror":true}]},{"name":"bone","parent":"mailbox","pivot":[0,9,-5],"cubes":[{"origin":[-4,9,-6],"size":[8,9,3],"uv":[37,36]},{"origin":[-3,18,-8],"size":[6,0,2],"uv":[38,33]}]}]}]}