{"minecraft:geometry":[{"description":{"identifier":"geometry.hive.hub.arcade.mailbotcollectible","texture_width":64,"texture_height":64,"visible_bounds_width":2,"visible_bounds_height":4,"visible_bounds_offset":[0,1,0]},"bones":[{"name":"root","pivot":[0,0,0]},{"name":"collectable","parent":"root","pivot":[0,9,0],"cubes":[{"origin":[-4,8,-4],"size":[8,8,8],"uv":[0,0]},{"origin":[-3,3,-2],"size":[6,5,4],"uv":[0,24]},{"origin":[-2,0,-3],"size":[4,6,6],"uv":[21,21]},{"origin":[-4,9,-5],"size":[8,6,1],"uv":[0,16]}],"locators":{"shine1":[2,19,2],"shine2":[-7,5,1],"shine3":[4,3,-1],"shine4":[-5,16,-2]}},{"name":"sparkle","parent":"collectable","pivot":[0,0,0],"cubes":[{"origin":[-1,0,0],"size":[3,3,0],"uv":[36,19]}]},{"name":"sparkle2","parent":"collectable","pivot":[0,0,0],"cubes":[{"origin":[-1,0,0],"size":[3,3,0],"uv":[36,19]}]},{"name":"sparkle3","parent":"collectable","pivot":[0,0,0],"cubes":[{"origin":[-1,0,0],"size":[3,3,0],"uv":[36,19]}]},{"name":"hat","parent":"collectable","pivot":[0,16,-0.5],"rotation":[-12.5,0,0],"cubes":[{"origin":[-2,16,-3.5],"size":[4,1,2],"uv":[37,0]},{"origin":[-2,16,-1.5],"size":[4,3,4],"uv":[24,0]}]},{"name":"rightArm","parent":"collectable","pivot":[-4,12,0.5],"rotation":[45,0,0],"cubes":[{"origin":[-7,7,-1],"size":[3,7,3],"uv":[33,8]},{"origin":[-7,7,-5],"size":[3,3,4],"uv":[46,11]}]},{"name":"leftArm","parent":"collectable","pivot":[4,12,0.5],"rotation":[45,0,0],"cubes":[{"origin":[4,7,-1],"size":[3,7,3],"uv":[33,8],"mirror":true},{"origin":[4,7,-5],"size":[3,3,4],"uv":[46,11],"mirror":true}]}]}],"format_version":"1.12.0"}