{"format_version":"1.12.0","minecraft:geometry":[{"description":{"identifier":"geometry.hive.hub.arcade.microphone","texture_width":32,"texture_height":32,"visible_bounds_width":2,"visible_bounds_height":3.5,"visible_bounds_offset":[0,1.25,0]},"bones":[{"name":"root","pivot":[0,0,0]},{"name":"mic2","parent":"root","pivot":[0,0,3]},{"name":"mic","parent":"mic2","pivot":[0,0,-3],"cubes":[{"origin":[-1,2,-1],"size":[2,14,2],"uv":[16,16]},{"origin":[1,2,0],"size":[3,6,0],"uv":[0,18]},{"origin":[-4,2,0],"size":[3,6,0],"uv":[0,0]},{"origin":[-4,0,-3],"size":[8,2,6],"uv":[0,0]}]},{"name":"micTop","parent":"mic","pivot":[0,16,0],"rotation":[17.5,0,0],"cubes":[{"origin":[-1,16,0],"size":[2,2,0],"uv":[0,8]},{"origin":[-2.5,18,-2],"size":[5,6,4],"uv":[0,8]}]}]}]}