{"format_version":"1.12.0","minecraft:geometry":[{"description":{"identifier":"geometry.hive.hub.arcade.portal","texture_width":128,"texture_height":128,"visible_bounds_width":8,"visible_bounds_height":7,"visible_bounds_offset":[0,2.5,0]},"bones":[{"name":"root","pivot":[0,0,-10]},{"name":"items","parent":"root","pivot":[0,0,-22]},{"name":"egg","parent":"items","pivot":[-32,4,-22],"cubes":[{"origin":[-34.5,0,-24.5],"size":[5,1,5],"uv":{"north":{"uv":[97,61],"uv_size":[5,1]},"east":{"uv":[97,61],"uv_size":[5,1]},"south":{"uv":[97,61],"uv_size":[5,1]},"west":{"uv":[97,61],"uv_size":[5,1]},"up":{"uv":[5,20],"uv_size":[5,5]},"down":{"uv":[103,63],"uv_size":[5,-5]}}},{"origin":[-34.5,7,-24.5],"size":[5,2,5],"uv":{"north":{"uv":[97,53],"uv_size":[5,2]},"east":{"uv":[97,53],"uv_size":[5,2]},"south":{"uv":[97,53],"uv_size":[5,2]},"west":{"uv":[97,53],"uv_size":[5,2]},"up":{"uv":[103,53],"uv_size":[5,5]},"down":{"uv":[103,58],"uv_size":[5,-5]}}},{"origin":[-35.5,1,-25.5],"size":[7,6,7],"uv":{"north":{"uv":[96,55],"uv_size":[7,6]},"east":{"uv":[96,55],"uv_size":[7,6]},"south":{"uv":[96,55],"uv_size":[7,6]},"west":{"uv":[96,55],"uv_size":[7,6]},"up":{"uv":[96,62],"uv_size":[7,7]},"down":{"uv":[97,62],"uv_size":[5,-1]}}}]},{"name":"cubeBig","parent":"items","pivot":[31,4,-22],"cubes":[{"origin":[27,0,-26],"size":[8,8,8],"uv":{"north":{"uv":[119,52],"uv_size":[8,8]},"east":{"uv":[119,52],"uv_size":[8,8]},"south":{"uv":[119,52],"uv_size":[8,8]},"west":{"uv":[119,52],"uv_size":[8,8]},"up":{"uv":[119,44],"uv_size":[8,8]},"down":{"uv":[119,68],"uv_size":[8,-8]}}}]},{"name":"cubeSmall","parent":"items","pivot":[14.5,2.5,-21.5],"cubes":[{"origin":[12,0,-24],"size":[5,5,5],"uv":{"north":{"uv":[113,53],"uv_size":[5,5]},"east":{"uv":[113,53],"uv_size":[5,5]},"south":{"uv":[113,53],"uv_size":[5,5]},"west":{"uv":[113,53],"uv_size":[5,5]},"up":{"uv":[113,48],"uv_size":[5,5]},"down":{"uv":[113,63],"uv_size":[5,-5]}}}]},{"name":"disc","parent":"items","pivot":[0,1,-22],"cubes":[{"origin":[-4,0,-28],"size":[8,2,12],"uv":{"north":{"uv":[94,84],"uv_size":[8,2]},"east":{"uv":[94,85],"uv_size":[7,-2]},"south":{"uv":[94,84],"uv_size":[8,2]},"west":{"uv":[94,84],"uv_size":[7,2]},"up":{"uv":[94,70],"uv_size":[8,12]},"down":{"uv":[94,82],"uv_size":[8,-12]}}},{"origin":[-6,0,-26],"size":[2,2,8],"uv":{"north":{"uv":[97,84],"uv_size":[2,2]},"east":{"uv":[94,84],"uv_size":[8,2]},"south":{"uv":[98,84],"uv_size":[2,2]},"up":{"uv":[102,72],"uv_size":[2,8]},"down":{"uv":[102,80],"uv_size":[2,-8]}}},{"origin":[4,0,-26],"size":[2,2,8],"uv":{"north":{"uv":[94,82],"uv_size":[2,2]},"south":{"uv":[95,84],"uv_size":[2,2]},"west":{"uv":[94,84],"uv_size":[8,2]},"up":{"uv":[104,72],"uv_size":[-2,8]},"down":{"uv":[104,80],"uv_size":[-2,-8]}}}]},{"name":"flag","parent":"items","pivot":[-15,13,-21],"cubes":[{"origin":[-16,11,-32],"size":[2,2,17],"uv":{"north":{"uv":[104,44],"uv_size":[1,2]},"east":{"uv":[102,44],"uv_size":[17,2]},"south":{"uv":[102,44],"uv_size":[1,2]},"west":{"uv":[119,44],"uv_size":[-17,2]},"up":{"uv":[94,53],"uv_size":[2,17]},"down":{"uv":[94,70],"uv_size":[2,-17]}}},{"origin":[-15,2,-31],"size":[0,9,8],"uv":{"north":{"uv":[8,8],"uv_size":[0,9]},"east":{"uv":[94,44],"uv_size":[8,9]},"south":{"uv":[16,8],"uv_size":[0,9]},"up":{"uv":[8,0],"uv_size":[0,8]},"down":{"uv":[8,8],"uv_size":[0,-8]}}}]},{"name":"portal","parent":"root","pivot":[0,0,-10],"rotation":[-2.5,0,0],"cubes":[{"origin":[-7.29357,61.29357,-11.95638],"size":[16,16,24],"pivot":[0,70,0],"rotation":[0,0,45],"uv":{"north":{"uv":[46,96],"uv_size":[16,16]},"east":{"uv":[46,56],"uv_size":[24,16]},"south":{"uv":[62,96],"uv_size":[-16,16]},"west":{"uv":[70,56],"uv_size":[24,16]},"up":{"uv":[46,72],"uv_size":[16,24]},"down":{"uv":[62,96],"uv_size":[16,-24]}}},{"origin":[-34,55,-8],"size":[68,12,16],"uv":{"north":{"uv":[111,32],"uv_size":[-68,12]},"east":{"uv":[116,104],"uv_size":[-16,12]},"south":{"uv":[111,32],"uv_size":[-68,12]},"west":{"uv":[116,104],"uv_size":[-16,12]},"up":{"uv":[111,0],"uv_size":[-68,16]},"down":{"uv":[111,32],"uv_size":[-68,-16]}}},{"origin":[-25.74143,61.03499,-5.95638],"size":[22,9,12],"pivot":[-5,71,0],"rotation":[0,0,15],"uv":{"north":{"uv":[20,101],"uv_size":[22,9]},"east":{"uv":[112,12],"uv_size":[12,9]},"south":{"uv":[42,101],"uv_size":[-22,9]},"up":{"uv":[78,92],"uv_size":[22,12]}}},{"origin":[3.74143,61.03499,-5.95638],"size":[22,9,12],"pivot":[5,71,0],"rotation":[0,0,-15],"uv":{"north":{"uv":[42,101],"uv_size":[-22,9]},"south":{"uv":[20,101],"uv_size":[22,9]},"west":{"uv":[124,12],"uv_size":[-12,9]},"up":{"uv":[100,92],"uv_size":[-22,12]}}},{"origin":[-35,0,-10],"size":[14,12,20],"uv":{"north":{"uv":[106,80],"uv_size":[14,12]},"east":{"uv":[100,92],"uv_size":[20,12]},"south":{"uv":[106,80],"uv_size":[14,12]},"west":{"uv":[0,101],"uv_size":[20,12]},"up":{"uv":[78,72],"uv_size":[14,20]}}},{"origin":[-32,11,-6],"size":[11,45,12],"pivot":[-22,12,0],"rotation":[0,0,5],"uv":{"north":{"uv":[35,56],"uv_size":[11,45]},"east":{"uv":[0,56],"uv_size":[12,45]},"south":{"uv":[24,56],"uv_size":[11,45]},"west":{"uv":[12,56],"uv_size":[12,45]}}},{"origin":[21,0,-10],"size":[14,12,20],"uv":{"north":{"uv":[120,80],"uv_size":[-14,12]},"east":{"uv":[20,101],"uv_size":[-20,12]},"south":{"uv":[120,80],"uv_size":[-14,12]},"west":{"uv":[120,92],"uv_size":[-20,12]},"up":{"uv":[92,72],"uv_size":[-14,20]}}},{"origin":[21,11,-6],"size":[11,45,12],"pivot":[22,12,0],"rotation":[0,0,-5],"uv":{"north":{"uv":[35,56],"uv_size":[-11,45]},"east":{"uv":[24,56],"uv_size":[-12,45]},"south":{"uv":[46,56],"uv_size":[-11,45]},"west":{"uv":[12,56],"uv_size":[-12,45]}}},{"origin":[-21,0,0],"size":[42,56,0],"uv":{"north":{"uv":[0,0],"uv_size":[42,56]},"east":{"uv":[0,0],"uv_size":[0,56]},"west":{"uv":[0,0],"uv_size":[0,56]},"up":{"uv":[0,0],"uv_size":[43,0]},"down":{"uv":[0,0],"uv_size":[43,0]}}}]}]}]}