{"format_version":"1.12.0","minecraft:geometry":[{"description":{"identifier":"geometry.hive.hub.arcade.pressureplate","texture_width":96,"texture_height":80,"visible_bounds_width":3,"visible_bounds_height":2,"visible_bounds_offset":[0,0,0]},"bones":[{"name":"root","pivot":[0,0,0]},{"name":"plate","parent":"root","pivot":[0,0,0],"cubes":[{"origin":[-4,1,-13],"size":[8,3,5],"pivot":[0,4,-8],"rotation":[16,0,0],"uv":[48,24]},{"origin":[8,1,-4],"size":[5,3,8],"pivot":[8,4,0],"rotation":[0,0,16],"uv":[26,44]},{"origin":[-13,1,-4],"size":[5,3,8],"pivot":[-8,4,0],"rotation":[0,0,-16],"uv":[0,44]},{"origin":[-11,0,-11],"size":[22,2,22],"uv":[0,0]},{"origin":[-4,1,8],"size":[8,3,5],"pivot":[0,4,8],"rotation":[-16,0,0],"uv":[44,44]}]},{"name":"button","parent":"plate","pivot":[0,0,0]},{"name":"idle","parent":"button","pivot":[0,0,0],"cubes":[{"origin":[-8,1,-8],"size":[16,4,16],"uv":[0,24]}]},{"name":"activated","parent":"button","pivot":[0,0,0],"cubes":[{"origin":[-8,1,-8],"size":[16,4,16],"uv":[0,55]}]}]}]}