{"format_version":"1.12.0","minecraft:geometry":[{"description":{"identifier":"geometry.hive.hub.arcade.securitybot","texture_width":80,"texture_height":80,"visible_bounds_width":3,"visible_bounds_height":3,"visible_bounds_offset":[0,1.5,0]},"bones":[{"name":"root","pivot":[0,0,0]},{"name":"waist","parent":"root","pivot":[0,4,0],"cubes":[{"origin":[2,3,-1],"size":[2,8,2],"pivot":[3,4,0],"rotation":[0,0,12.5],"uv":[0,35]},{"origin":[-4,3,-1],"size":[2,8,2],"pivot":[-3,4,0],"rotation":[0,0,-12.5],"uv":[0,35],"mirror":true}]},{"name":"body","parent":"waist","pivot":[0,10,0],"cubes":[{"origin":[-8,15,-7],"size":[16,21,14],"uv":[0,0]},{"origin":[-8,6,7],"size":[16,9,0],"uv":[46,0]},{"origin":[-8,9,-7],"size":[16,6,0],"uv":[34,35]},{"origin":[-1,21,-8],"size":[2,2,1],"uv":[34,41]},{"origin":[-1,16,-8],"size":[2,4,1],"pivot":[0,20,-7],"rotation":[14.5,0,0],"uv":[29,50]},{"origin":[-6,10,-5],"size":[12,5,10],"uv":[0,35]},{"origin":[2.73643,19.05507,-8],"size":[4,4,1],"pivot":[4.25,19.5,-1.5],"rotation":[0,0,10],"uv":[46,9]},{"origin":[2.73643,17.05507,-8],"size":[2,2,1],"pivot":[4.25,19.5,-1.5],"rotation":[0,0,10],"uv":[8,10]},{"origin":[-6.73643,19.05507,-8],"size":[4,4,1],"pivot":[-4.25,19.5,-1.5],"rotation":[0,0,-10],"uv":[46,9],"mirror":true},{"origin":[-4.73643,17.05507,-8],"size":[2,2,1],"pivot":[-4.25,19.5,-1.5],"rotation":[0,0,-10],"uv":[8,10],"mirror":true}]},{"name":"face","parent":"body","pivot":[0,28,-7],"cubes":[{"origin":[-6,24,-8],"size":[12,10,1],"uv":[26,58]}]},{"name":"rightEyebrow","parent":"face","pivot":[-3,29,-8.2],"cubes":[{"origin":[-5,29,-8.2],"size":[4,2,0],"uv":[0,10],"mirror":true}]},{"name":"leftEyebrow","parent":"face","pivot":[3,29,-8.2],"cubes":[{"origin":[1,29,-8.2],"size":[4,2,0],"uv":[0,10]}]},{"name":"eyes","parent":"face","pivot":[0,27,-8.1]},{"name":"leftEye","parent":"eyes","pivot":[3,27,-8.1],"cubes":[{"origin":[2,26,-8.1],"size":[2,4,0],"uv":[40,41]}]},{"name":"rightEye","parent":"eyes","pivot":[-3,27,-8.1],"cubes":[{"origin":[-4,26,-8.1],"size":[2,4,0],"uv":[40,41],"mirror":true}]},{"name":"arms","parent":"body","pivot":[0,20,2]},{"name":"rightArm","parent":"arms","pivot":[-8,20,2],"rotation":[20,0,0],"cubes":[{"origin":[-10,18,0],"size":[2,4,4],"uv":[17,50],"mirror":true},{"origin":[-14,15,-1],"size":[4,9,6],"inflate":0.01,"uv":[0,65],"mirror":true}]},{"name":"bone2","parent":"rightArm","pivot":[-12,14,2],"cubes":[{"origin":[-14,11,-8],"size":[4,6,9],"uv":[0,50],"mirror":true},{"origin":[-14.5,11,-1],"size":[5,6,6],"pivot":[-12,14,2],"rotation":[-45,0,0],"uv":[42,68],"mirror":true}]},{"name":"hand2","parent":"bone2","pivot":[-12,14,-8],"cubes":[{"origin":[-15,11,-10],"size":[5,8,2],"uv":[0,0],"mirror":true},{"origin":[-10,11,-10],"size":[2,5,2],"uv":[0,50],"mirror":true}]},{"name":"leftArm","parent":"arms","pivot":[8,20,2],"rotation":[20,0,0],"cubes":[{"origin":[8,18,0],"size":[2,4,4],"uv":[17,50]},{"origin":[10,15,-1],"size":[4,9,6],"inflate":0.01,"uv":[0,65]}]},{"name":"bone3","parent":"leftArm","pivot":[12,14,2],"cubes":[{"origin":[10,11,-8],"size":[4,6,9],"uv":[0,50]},{"origin":[9.5,11,-1],"size":[5,6,6],"pivot":[12,14,2],"rotation":[-45,0,0],"uv":[42,68]}]},{"name":"hand","parent":"bone3","pivot":[12,14,-8],"cubes":[{"origin":[10,11,-10],"size":[5,8,2],"uv":[0,0]},{"origin":[8,11,-10],"size":[2,5,2],"uv":[0,50]}]},{"name":"wheel","parent":"root","pivot":[1.9,0,-4],"cubes":[{"origin":[-3,0,-4],"size":[6,8,8],"uv":[36,42]}]}]}]}