{"format_version":"1.12.0","minecraft:geometry":[{"description":{"identifier":"geometry.hive.hub.arcade.soccerball","texture_width":26,"texture_height":20,"visible_bounds_width":5,"visible_bounds_height":3.5,"visible_bounds_offset":[0,1.25,0]},"bones":[{"name":"root","pivot":[0,0,0]},{"name":"ball","parent":"root","pivot":[0,0,0],"cubes":[{"origin":[-8,0,-8],"size":[16,16,16],"uv":{"north":{"uv":[0,0],"uv_size":[16,16]},"east":{"uv":[0,0],"uv_size":[16,16]},"south":{"uv":[0,0],"uv_size":[16,16]},"west":{"uv":[0,0],"uv_size":[16,16]},"up":{"uv":[0,0],"uv_size":[16,16]},"down":{"uv":[0,16],"uv_size":[16,-16]}}},{"origin":[-5,16,-5],"size":[10,2,10],"pivot":[0,17,0],"rotation":[0,45,0],"uv":{"north":{"uv":[0,18],"uv_size":[10,-2]},"east":{"uv":[0,18],"uv_size":[10,-2]},"south":{"uv":[0,18],"uv_size":[10,-2]},"west":{"uv":[0,18],"uv_size":[10,-2]},"up":{"uv":[16,0],"uv_size":[10,10]},"down":{"uv":[32,26],"uv_size":[10,-10]}}},{"origin":[-5,-2,-5],"size":[10,2,10],"pivot":[0,17,0],"rotation":[0,45,0],"uv":{"north":{"uv":[0,16],"uv_size":[10,2]},"east":{"uv":[0,16],"uv_size":[10,2]},"south":{"uv":[0,16],"uv_size":[10,2]},"west":{"uv":[0,16],"uv_size":[10,2]},"up":{"uv":[26,32],"uv_size":[10,10]},"down":{"uv":[16,10],"uv_size":[10,-10]}}},{"origin":[-10,3,-5],"size":[2,10,10],"pivot":[-9,8,0],"rotation":[45,0,0],"uv":{"north":{"uv":[18,10],"uv_size":[-2,10]},"east":{"uv":[16,0],"uv_size":[10,10]},"south":{"uv":[16,10],"uv_size":[2,10]},"west":{"uv":[16,42],"uv_size":[10,10]},"up":{"uv":[18,10],"uv_size":[-2,10]},"down":{"uv":[18,20],"uv_size":[-2,-10]}}},{"origin":[8,3,-5],"size":[2,10,10],"pivot":[9,8,0],"rotation":[45,0,0],"uv":{"north":{"uv":[16,10],"uv_size":[2,10]},"east":{"uv":[42,16],"uv_size":[10,10]},"south":{"uv":[18,10],"uv_size":[-2,10]},"west":{"uv":[16,0],"uv_size":[10,10]},"up":{"uv":[16,10],"uv_size":[2,10]},"down":{"uv":[16,20],"uv_size":[2,-10]}}},{"origin":[-5,3,-10],"size":[10,10,2],"pivot":[0,8,-9],"rotation":[0,0,45],"uv":{"north":{"uv":[16,0],"uv_size":[10,10]},"east":{"uv":[16,10],"uv_size":[2,10]},"south":{"uv":[36,46],"uv_size":[10,10]},"west":{"uv":[18,10],"uv_size":[-2,10]},"up":{"uv":[0,16],"uv_size":[10,2]},"down":{"uv":[0,18],"uv_size":[10,-2]}}},{"origin":[-5,3,8],"size":[10,10,2],"pivot":[0,8,9],"rotation":[0,0,45],"uv":{"north":{"uv":[46,36],"uv_size":[10,10]},"east":{"uv":[18,10],"uv_size":[-2,10]},"south":{"uv":[16,0],"uv_size":[10,10]},"west":{"uv":[16,10],"uv_size":[2,10]},"up":{"uv":[0,18],"uv_size":[10,-2]},"down":{"uv":[10,16],"uv_size":[-10,2]}}}]}]}]}