{"format_version":"1.12.0","minecraft:geometry":[{"description":{"identifier":"geometry.hive.hub.arcade.stagelights","texture_width":64,"texture_height":64,"visible_bounds_width":11,"visible_bounds_height":6,"visible_bounds_offset":[0,1,0]},"bones":[{"name":"root","pivot":[0,0,0]},{"name":"frame","parent":"root","pivot":[64,-8,0],"cubes":[{"origin":[40,14,3],"size":[16,2,2],"uv":{"north":{"uv":[9,21],"uv_size":[16,2]},"east":{"uv":[25,21],"uv_size":[2,2]},"south":{"uv":[9,21],"uv_size":[16,2]},"west":{"uv":[25,21],"uv_size":[2,2]},"up":{"uv":[10,22],"uv_size":[-1,-1]},"down":{"uv":[25,25],"uv_size":[-16,-2]}}},{"origin":[24,14,3],"size":[16,2,2],"uv":{"north":{"uv":[9,21],"uv_size":[16,2]},"east":{"uv":[25,21],"uv_size":[2,2]},"south":{"uv":[9,21],"uv_size":[16,2]},"west":{"uv":[25,21],"uv_size":[2,2]},"up":{"uv":[10,22],"uv_size":[-1,-1]},"down":{"uv":[25,25],"uv_size":[-16,-2]}}},{"origin":[-8,10,-6],"size":[16,0,5],"pivot":[0,10,-1],"rotation":[-51.5,0,0],"uv":{"north":{"uv":[0,0],"uv_size":[1,1]},"east":{"uv":[0,0],"uv_size":[1,1]},"south":{"uv":[0,0],"uv_size":[1,1]},"west":{"uv":[0,0],"uv_size":[1,1]},"up":{"uv":[25,30],"uv_size":[-16,-5]},"down":{"uv":[41,30],"uv_size":[-16,-5]}}},{"origin":[-8,10,1],"size":[16,0,5],"pivot":[0,10,1],"rotation":[51.5,0,0],"uv":{"north":{"uv":[1,0],"uv_size":[-1,1]},"east":{"uv":[1,0],"uv_size":[-1,1]},"south":{"uv":[1,0],"uv_size":[-1,1]},"west":{"uv":[1,0],"uv_size":[-1,1]},"up":{"uv":[25,25],"uv_size":[-16,5]},"down":{"uv":[41,25],"uv_size":[-16,5]}}},{"origin":[-8,14,3],"size":[16,2,2],"uv":{"north":{"uv":[9,21],"uv_size":[16,2]},"east":{"uv":[25,21],"uv_size":[2,2]},"south":{"uv":[9,21],"uv_size":[16,2]},"west":{"uv":[25,21],"uv_size":[2,2]},"up":{"uv":[10,22],"uv_size":[-1,-1]},"down":{"uv":[25,25],"uv_size":[-16,-2]}}},{"origin":[-8,8,-1],"size":[16,2,2],"uv":{"north":{"uv":[9,21],"uv_size":[16,2]},"east":{"uv":[25,21],"uv_size":[2,2]},"south":{"uv":[9,21],"uv_size":[16,2]},"west":{"uv":[25,21],"uv_size":[2,2]},"up":{"uv":[10,22],"uv_size":[-1,-1]},"down":{"uv":[25,25],"uv_size":[-16,-2]}}},{"origin":[-8,14,-5],"size":[16,2,2],"uv":{"north":{"uv":[25,21],"uv_size":[-16,2]},"east":{"uv":[27,21],"uv_size":[-2,2]},"south":{"uv":[25,21],"uv_size":[-16,2]},"west":{"uv":[27,21],"uv_size":[-2,2]},"up":{"uv":[10,21],"uv_size":[-1,1]},"down":{"uv":[25,23],"uv_size":[-16,2]}}},{"origin":[8,8,-1],"size":[16,2,2],"uv":{"north":{"uv":[9,21],"uv_size":[16,2]},"east":{"uv":[25,21],"uv_size":[2,2]},"south":{"uv":[9,21],"uv_size":[16,2]},"west":{"uv":[25,21],"uv_size":[2,2]},"up":{"uv":[10,22],"uv_size":[-1,-1]},"down":{"uv":[25,25],"uv_size":[-16,-2]}}},{"origin":[8,14,-5],"size":[16,2,2],"uv":{"north":{"uv":[25,21],"uv_size":[-16,2]},"east":{"uv":[27,21],"uv_size":[-2,2]},"south":{"uv":[25,21],"uv_size":[-16,2]},"west":{"uv":[27,21],"uv_size":[-2,2]},"up":{"uv":[10,21],"uv_size":[-1,1]},"down":{"uv":[25,23],"uv_size":[-16,2]}}},{"origin":[8,10,-6],"size":[16,0,5],"pivot":[16,10,-1],"rotation":[-51.5,0,0],"uv":{"north":{"uv":[0,0],"uv_size":[1,1]},"east":{"uv":[0,0],"uv_size":[1,1]},"south":{"uv":[0,0],"uv_size":[1,1]},"west":{"uv":[0,0],"uv_size":[1,1]},"up":{"uv":[25,30],"uv_size":[-16,-5]},"down":{"uv":[41,30],"uv_size":[-16,-5]}}},{"origin":[8,10,1],"size":[16,0,5],"pivot":[16,10,1],"rotation":[51.5,0,0],"uv":{"north":{"uv":[1,0],"uv_size":[-1,1]},"east":{"uv":[1,0],"uv_size":[-1,1]},"south":{"uv":[1,0],"uv_size":[-1,1]},"west":{"uv":[1,0],"uv_size":[-1,1]},"up":{"uv":[25,25],"uv_size":[-16,5]},"down":{"uv":[41,25],"uv_size":[-16,5]}}},{"origin":[8,14,3],"size":[16,2,2],"uv":{"north":{"uv":[9,21],"uv_size":[16,2]},"east":{"uv":[25,21],"uv_size":[2,2]},"south":{"uv":[9,21],"uv_size":[16,2]},"west":{"uv":[25,21],"uv_size":[2,2]},"up":{"uv":[10,22],"uv_size":[-1,-1]},"down":{"uv":[25,25],"uv_size":[-16,-2]}}},{"origin":[24,8,-1],"size":[16,2,2],"uv":{"north":{"uv":[9,21],"uv_size":[16,2]},"east":{"uv":[25,21],"uv_size":[2,2]},"south":{"uv":[9,21],"uv_size":[16,2]},"west":{"uv":[25,21],"uv_size":[2,2]},"up":{"uv":[10,22],"uv_size":[-1,-1]},"down":{"uv":[25,25],"uv_size":[-16,-2]}}},{"origin":[24,14,-5],"size":[16,2,2],"uv":{"north":{"uv":[25,21],"uv_size":[-16,2]},"east":{"uv":[27,21],"uv_size":[-2,2]},"south":{"uv":[25,21],"uv_size":[-16,2]},"west":{"uv":[27,21],"uv_size":[-2,2]},"up":{"uv":[10,21],"uv_size":[-1,1]},"down":{"uv":[25,23],"uv_size":[-16,2]}}},{"origin":[24,10,-6],"size":[16,0,5],"pivot":[32,10,-1],"rotation":[-51.5,0,0],"uv":{"north":{"uv":[0,0],"uv_size":[1,1]},"east":{"uv":[0,0],"uv_size":[1,1]},"south":{"uv":[0,0],"uv_size":[1,1]},"west":{"uv":[0,0],"uv_size":[1,1]},"up":{"uv":[25,30],"uv_size":[-16,-5]},"down":{"uv":[41,30],"uv_size":[-16,-5]}}},{"origin":[24,10,1],"size":[16,0,5],"pivot":[32,10,1],"rotation":[51.5,0,0],"uv":{"north":{"uv":[1,0],"uv_size":[-1,1]},"east":{"uv":[1,0],"uv_size":[-1,1]},"south":{"uv":[1,0],"uv_size":[-1,1]},"west":{"uv":[1,0],"uv_size":[-1,1]},"up":{"uv":[25,25],"uv_size":[-16,5]},"down":{"uv":[41,25],"uv_size":[-16,5]}}},{"origin":[40,8,-1],"size":[16,2,2],"uv":{"north":{"uv":[9,21],"uv_size":[16,2]},"east":{"uv":[25,21],"uv_size":[2,2]},"south":{"uv":[9,21],"uv_size":[16,2]},"west":{"uv":[25,21],"uv_size":[2,2]},"up":{"uv":[10,22],"uv_size":[-1,-1]},"down":{"uv":[25,25],"uv_size":[-16,-2]}}},{"origin":[40,14,-5],"size":[16,2,2],"uv":{"north":{"uv":[25,21],"uv_size":[-16,2]},"east":{"uv":[27,21],"uv_size":[-2,2]},"south":{"uv":[25,21],"uv_size":[-16,2]},"west":{"uv":[27,21],"uv_size":[-2,2]},"up":{"uv":[10,21],"uv_size":[-1,1]},"down":{"uv":[25,23],"uv_size":[-16,2]}}},{"origin":[40,10,-6],"size":[16,0,5],"pivot":[48,10,-1],"rotation":[-51.5,0,0],"uv":{"north":{"uv":[0,0],"uv_size":[1,1]},"east":{"uv":[0,0],"uv_size":[1,1]},"south":{"uv":[0,0],"uv_size":[1,1]},"west":{"uv":[0,0],"uv_size":[1,1]},"up":{"uv":[25,30],"uv_size":[-16,-5]},"down":{"uv":[41,30],"uv_size":[-16,-5]}}},{"origin":[40,10,1],"size":[16,0,5],"pivot":[48,10,1],"rotation":[51.5,0,0],"uv":{"north":{"uv":[1,0],"uv_size":[-1,1]},"east":{"uv":[1,0],"uv_size":[-1,1]},"south":{"uv":[1,0],"uv_size":[-1,1]},"west":{"uv":[1,0],"uv_size":[-1,1]},"up":{"uv":[25,25],"uv_size":[-16,5]},"down":{"uv":[41,25],"uv_size":[-16,5]}}},{"origin":[56,8,-1],"size":[16,2,2],"uv":{"north":{"uv":[9,21],"uv_size":[16,2]},"east":{"uv":[25,21],"uv_size":[2,2]},"south":{"uv":[9,21],"uv_size":[16,2]},"west":{"uv":[25,21],"uv_size":[2,2]},"up":{"uv":[10,22],"uv_size":[-1,-1]},"down":{"uv":[25,25],"uv_size":[-16,-2]}}},{"origin":[56,14,-5],"size":[16,2,2],"uv":{"north":{"uv":[25,21],"uv_size":[-16,2]},"east":{"uv":[27,21],"uv_size":[-2,2]},"south":{"uv":[25,21],"uv_size":[-16,2]},"west":{"uv":[27,21],"uv_size":[-2,2]},"up":{"uv":[10,21],"uv_size":[-1,1]},"down":{"uv":[25,23],"uv_size":[-16,2]}}},{"origin":[56,10,-6],"size":[16,0,5],"pivot":[64,10,-1],"rotation":[-51.5,0,0],"uv":{"north":{"uv":[0,0],"uv_size":[1,1]},"east":{"uv":[0,0],"uv_size":[1,1]},"south":{"uv":[0,0],"uv_size":[1,1]},"west":{"uv":[0,0],"uv_size":[1,1]},"up":{"uv":[25,30],"uv_size":[-16,-5]},"down":{"uv":[41,30],"uv_size":[-16,-5]}}},{"origin":[56,10,1],"size":[16,0,5],"pivot":[64,10,1],"rotation":[51.5,0,0],"uv":{"north":{"uv":[1,0],"uv_size":[-1,1]},"east":{"uv":[1,0],"uv_size":[-1,1]},"south":{"uv":[1,0],"uv_size":[-1,1]},"west":{"uv":[1,0],"uv_size":[-1,1]},"up":{"uv":[25,25],"uv_size":[-16,5]},"down":{"uv":[41,25],"uv_size":[-16,5]}}},{"origin":[56,14,3],"size":[16,2,2],"uv":{"north":{"uv":[9,21],"uv_size":[16,2]},"east":{"uv":[25,21],"uv_size":[2,2]},"south":{"uv":[9,21],"uv_size":[16,2]},"west":{"uv":[25,21],"uv_size":[2,2]},"up":{"uv":[10,22],"uv_size":[-1,-1]},"down":{"uv":[25,25],"uv_size":[-16,-2]}}},{"origin":[-24,8,-1],"size":[16,2,2],"uv":{"north":{"uv":[9,21],"uv_size":[16,2]},"east":{"uv":[25,21],"uv_size":[2,2]},"south":{"uv":[9,21],"uv_size":[16,2]},"west":{"uv":[25,21],"uv_size":[2,2]},"up":{"uv":[10,22],"uv_size":[-1,-1]},"down":{"uv":[25,25],"uv_size":[-16,-2]}}},{"origin":[-24,14,-5],"size":[16,2,2],"uv":{"north":{"uv":[25,21],"uv_size":[-16,2]},"east":{"uv":[27,21],"uv_size":[-2,2]},"south":{"uv":[25,21],"uv_size":[-16,2]},"west":{"uv":[27,21],"uv_size":[-2,2]},"up":{"uv":[10,21],"uv_size":[-1,1]},"down":{"uv":[25,23],"uv_size":[-16,2]}}},{"origin":[-24,10,-6],"size":[16,0,5],"pivot":[-16,10,-1],"rotation":[-51.5,0,0],"uv":{"north":{"uv":[0,0],"uv_size":[1,1]},"east":{"uv":[0,0],"uv_size":[1,1]},"south":{"uv":[0,0],"uv_size":[1,1]},"west":{"uv":[0,0],"uv_size":[1,1]},"up":{"uv":[25,30],"uv_size":[-16,-5]},"down":{"uv":[41,30],"uv_size":[-16,-5]}}},{"origin":[-24,10,1],"size":[16,0,5],"pivot":[-16,10,1],"rotation":[51.5,0,0],"uv":{"north":{"uv":[1,0],"uv_size":[-1,1]},"east":{"uv":[1,0],"uv_size":[-1,1]},"south":{"uv":[1,0],"uv_size":[-1,1]},"west":{"uv":[1,0],"uv_size":[-1,1]},"up":{"uv":[25,25],"uv_size":[-16,5]},"down":{"uv":[41,25],"uv_size":[-16,5]}}},{"origin":[-24,14,3],"size":[16,2,2],"uv":{"north":{"uv":[9,21],"uv_size":[16,2]},"east":{"uv":[25,21],"uv_size":[2,2]},"south":{"uv":[9,21],"uv_size":[16,2]},"west":{"uv":[25,21],"uv_size":[2,2]},"up":{"uv":[10,22],"uv_size":[-1,-1]},"down":{"uv":[25,25],"uv_size":[-16,-2]}}},{"origin":[-40,8,-1],"size":[16,2,2],"uv":{"north":{"uv":[9,21],"uv_size":[16,2]},"east":{"uv":[25,21],"uv_size":[2,2]},"south":{"uv":[9,21],"uv_size":[16,2]},"west":{"uv":[25,21],"uv_size":[2,2]},"up":{"uv":[10,22],"uv_size":[-1,-1]},"down":{"uv":[25,25],"uv_size":[-16,-2]}}},{"origin":[-40,14,-5],"size":[16,2,2],"uv":{"north":{"uv":[25,21],"uv_size":[-16,2]},"east":{"uv":[27,21],"uv_size":[-2,2]},"south":{"uv":[25,21],"uv_size":[-16,2]},"west":{"uv":[27,21],"uv_size":[-2,2]},"up":{"uv":[10,21],"uv_size":[-1,1]},"down":{"uv":[25,23],"uv_size":[-16,2]}}},{"origin":[-40,10,-6],"size":[16,0,5],"pivot":[-32,10,-1],"rotation":[-51.5,0,0],"uv":{"north":{"uv":[0,0],"uv_size":[1,1]},"east":{"uv":[0,0],"uv_size":[1,1]},"south":{"uv":[0,0],"uv_size":[1,1]},"west":{"uv":[0,0],"uv_size":[1,1]},"up":{"uv":[25,30],"uv_size":[-16,-5]},"down":{"uv":[41,30],"uv_size":[-16,-5]}}},{"origin":[-40,10,1],"size":[16,0,5],"pivot":[-32,10,1],"rotation":[51.5,0,0],"uv":{"north":{"uv":[1,0],"uv_size":[-1,1]},"east":{"uv":[1,0],"uv_size":[-1,1]},"south":{"uv":[1,0],"uv_size":[-1,1]},"west":{"uv":[1,0],"uv_size":[-1,1]},"up":{"uv":[25,25],"uv_size":[-16,5]},"down":{"uv":[41,25],"uv_size":[-16,5]}}},{"origin":[-40,14,3],"size":[16,2,2],"uv":{"north":{"uv":[9,21],"uv_size":[16,2]},"east":{"uv":[25,21],"uv_size":[2,2]},"south":{"uv":[9,21],"uv_size":[16,2]},"west":{"uv":[25,21],"uv_size":[2,2]},"up":{"uv":[10,22],"uv_size":[-1,-1]},"down":{"uv":[25,25],"uv_size":[-16,-2]}}},{"origin":[-56,8,-1],"size":[16,2,2],"uv":{"north":{"uv":[9,21],"uv_size":[16,2]},"east":{"uv":[25,21],"uv_size":[2,2]},"south":{"uv":[9,21],"uv_size":[16,2]},"west":{"uv":[25,21],"uv_size":[2,2]},"up":{"uv":[10,22],"uv_size":[-1,-1]},"down":{"uv":[25,25],"uv_size":[-16,-2]}}},{"origin":[-56,14,-5],"size":[16,2,2],"uv":{"north":{"uv":[25,21],"uv_size":[-16,2]},"east":{"uv":[27,21],"uv_size":[-2,2]},"south":{"uv":[25,21],"uv_size":[-16,2]},"west":{"uv":[27,21],"uv_size":[-2,2]},"up":{"uv":[10,21],"uv_size":[-1,1]},"down":{"uv":[25,23],"uv_size":[-16,2]}}},{"origin":[-56,10,-6],"size":[16,0,5],"pivot":[-48,10,-1],"rotation":[-51.5,0,0],"uv":{"north":{"uv":[0,0],"uv_size":[1,1]},"east":{"uv":[0,0],"uv_size":[1,1]},"south":{"uv":[0,0],"uv_size":[1,1]},"west":{"uv":[0,0],"uv_size":[1,1]},"up":{"uv":[25,30],"uv_size":[-16,-5]},"down":{"uv":[41,30],"uv_size":[-16,-5]}}},{"origin":[-56,10,1],"size":[16,0,5],"pivot":[-48,10,1],"rotation":[51.5,0,0],"uv":{"north":{"uv":[1,0],"uv_size":[-1,1]},"east":{"uv":[1,0],"uv_size":[-1,1]},"south":{"uv":[1,0],"uv_size":[-1,1]},"west":{"uv":[1,0],"uv_size":[-1,1]},"up":{"uv":[25,25],"uv_size":[-16,5]},"down":{"uv":[41,25],"uv_size":[-16,5]}}},{"origin":[-56,14,3],"size":[16,2,2],"uv":{"north":{"uv":[9,21],"uv_size":[16,2]},"east":{"uv":[25,21],"uv_size":[2,2]},"south":{"uv":[9,21],"uv_size":[16,2]},"west":{"uv":[25,21],"uv_size":[2,2]},"up":{"uv":[10,22],"uv_size":[-1,-1]},"down":{"uv":[25,25],"uv_size":[-16,-2]}}},{"origin":[-72,8,-1],"size":[16,2,2],"uv":{"north":{"uv":[9,21],"uv_size":[16,2]},"east":{"uv":[25,21],"uv_size":[2,2]},"south":{"uv":[9,21],"uv_size":[16,2]},"west":{"uv":[25,21],"uv_size":[2,2]},"up":{"uv":[10,22],"uv_size":[-1,-1]},"down":{"uv":[25,25],"uv_size":[-16,-2]}}},{"origin":[-72,14,-5],"size":[16,2,2],"uv":{"north":{"uv":[25,21],"uv_size":[-16,2]},"east":{"uv":[27,21],"uv_size":[-2,2]},"south":{"uv":[25,21],"uv_size":[-16,2]},"west":{"uv":[27,21],"uv_size":[-2,2]},"up":{"uv":[10,21],"uv_size":[-1,1]},"down":{"uv":[25,23],"uv_size":[-16,2]}}},{"origin":[-72,10,-6],"size":[16,0,5],"pivot":[-64,10,-1],"rotation":[-51.5,0,0],"uv":{"north":{"uv":[0,0],"uv_size":[1,1]},"east":{"uv":[0,0],"uv_size":[1,1]},"south":{"uv":[0,0],"uv_size":[1,1]},"west":{"uv":[0,0],"uv_size":[1,1]},"up":{"uv":[25,30],"uv_size":[-16,-5]},"down":{"uv":[41,30],"uv_size":[-16,-5]}}},{"origin":[-72,10,1],"size":[16,0,5],"pivot":[-64,10,1],"rotation":[51.5,0,0],"uv":{"north":{"uv":[1,0],"uv_size":[-1,1]},"east":{"uv":[1,0],"uv_size":[-1,1]},"south":{"uv":[1,0],"uv_size":[-1,1]},"west":{"uv":[1,0],"uv_size":[-1,1]},"up":{"uv":[25,25],"uv_size":[-16,5]},"down":{"uv":[41,25],"uv_size":[-16,5]}}},{"origin":[-72,14,3],"size":[16,2,2],"uv":{"north":{"uv":[9,21],"uv_size":[16,2]},"east":{"uv":[25,21],"uv_size":[2,2]},"south":{"uv":[9,21],"uv_size":[16,2]},"west":{"uv":[25,21],"uv_size":[2,2]},"up":{"uv":[10,22],"uv_size":[-1,-1]},"down":{"uv":[25,25],"uv_size":[-16,-2]}}}]},{"name":"4","parent":"root","pivot":[63,8,0],"cubes":[{"origin":[57,-2,-2],"size":[12,8,4],"uv":{"north":{"uv":[46,4],"uv_size":[-12,8]},"east":{"uv":[34,4],"uv_size":[-4,8]},"south":{"uv":[46,4],"uv_size":[-12,8]},"west":{"uv":[34,4],"uv_size":[-4,8]},"up":{"uv":[46,0],"uv_size":[-12,4]},"down":{"uv":[58,4],"uv_size":[-12,-4]}}},{"origin":[62,6,-1],"size":[2,2,2],"uv":{"north":{"uv":[4,23],"uv_size":[-2,2]},"east":{"uv":[6,23],"uv_size":[-2,2]},"south":{"uv":[8,23],"uv_size":[-2,2]},"west":{"uv":[2,23],"uv_size":[-2,2]},"up":{"uv":[4,21],"uv_size":[-2,2]},"down":{"uv":[6,23],"uv_size":[-2,-2]}}}]},{"name":"light3","parent":"4","pivot":[63,1.5,-1],"rotation":[20,0,0],"cubes":[{"origin":[59,-5.5,-8],"size":[8,8,13],"uv":{"north":{"uv":[21,13],"uv_size":[-8,8]},"east":{"uv":[34,13],"uv_size":[-13,8]},"south":{"uv":[42,13],"uv_size":[-8,8]},"west":{"uv":[13,13],"uv_size":[-13,8]},"up":{"uv":[21,0],"uv_size":[-8,13]},"down":{"uv":[29,13],"uv_size":[-8,-13]}}},{"origin":[57,2.5,-8],"size":[12,7,0],"pivot":[63,2.5,-8],"rotation":[25,0,0],"uv":{"north":{"uv":[21,32],"uv_size":[-12,7]},"east":{"uv":[21,32],"uv_size":[0,7]},"south":{"uv":[33,32],"uv_size":[-12,7]},"west":{"uv":[9,32],"uv_size":[0,7]},"up":{"uv":[21,32],"uv_size":[-12,0]},"down":{"uv":[33,32],"uv_size":[-12,0]}}},{"origin":[52,-7.5,-8],"size":[7,12,0],"pivot":[59,-1.5,-8],"rotation":[0,-25,0],"uv":{"north":{"uv":[9,40],"uv_size":[7,12]},"east":{"uv":[9,40],"uv_size":[0,12]},"south":{"uv":[16,40],"uv_size":[7,12]},"west":{"uv":[16,40],"uv_size":[0,12]},"up":{"uv":[9,40],"uv_size":[7,0]},"down":{"uv":[16,40],"uv_size":[7,0]}}},{"origin":[57,-12.5,-8],"size":[12,7,0],"pivot":[63,-5.5,-8],"rotation":[-25,0,0],"uv":{"north":{"uv":[51,32],"uv_size":[-12,7]},"east":{"uv":[52,32],"uv_size":[0,7]},"south":{"uv":[51,39],"uv_size":[-12,7]},"west":{"uv":[40,32],"uv_size":[0,7]},"up":{"uv":[52,32],"uv_size":[-12,0]},"down":{"uv":[64,32],"uv_size":[-12,0]}}},{"origin":[67,-7.5,-8],"size":[7,12,0],"pivot":[67,-1.5,-8],"rotation":[0,25,0],"uv":{"north":{"uv":[16,40],"uv_size":[-7,12]},"east":{"uv":[16,40],"uv_size":[0,12]},"south":{"uv":[23,40],"uv_size":[-7,12]},"west":{"uv":[9,40],"uv_size":[0,12]},"up":{"uv":[16,40],"uv_size":[-7,0]},"down":{"uv":[23,40],"uv_size":[-7,0]}}}]},{"name":"3","parent":"root","pivot":[29,8,0],"cubes":[{"origin":[23,-2,-2],"size":[12,8,4],"uv":{"north":{"uv":[46,4],"uv_size":[-12,8]},"east":{"uv":[34,4],"uv_size":[-4,8]},"south":{"uv":[46,4],"uv_size":[-12,8]},"west":{"uv":[34,4],"uv_size":[-4,8]},"up":{"uv":[46,0],"uv_size":[-12,4]},"down":{"uv":[58,4],"uv_size":[-12,-4]}}},{"origin":[28,6,-1],"size":[2,2,2],"uv":{"north":{"uv":[4,23],"uv_size":[-2,2]},"east":{"uv":[6,23],"uv_size":[-2,2]},"south":{"uv":[8,23],"uv_size":[-2,2]},"west":{"uv":[2,23],"uv_size":[-2,2]},"up":{"uv":[4,21],"uv_size":[-2,2]},"down":{"uv":[6,23],"uv_size":[-2,-2]}}}]},{"name":"light4","parent":"3","pivot":[29,1.5,-1],"rotation":[30,0,0],"cubes":[{"origin":[25,-5.5,-8],"size":[8,8,13],"uv":{"north":{"uv":[21,13],"uv_size":[-8,8]},"east":{"uv":[34,13],"uv_size":[-13,8]},"south":{"uv":[42,13],"uv_size":[-8,8]},"west":{"uv":[13,13],"uv_size":[-13,8]},"up":{"uv":[21,0],"uv_size":[-8,13]},"down":{"uv":[29,13],"uv_size":[-8,-13]}}},{"origin":[23,2.5,-8],"size":[12,7,0],"pivot":[29,2.5,-8],"rotation":[25,0,0],"uv":{"north":{"uv":[21,32],"uv_size":[-12,7]},"east":{"uv":[21,32],"uv_size":[0,7]},"south":{"uv":[33,32],"uv_size":[-12,7]},"west":{"uv":[9,32],"uv_size":[0,7]},"up":{"uv":[21,32],"uv_size":[-12,0]},"down":{"uv":[33,32],"uv_size":[-12,0]}}},{"origin":[18,-7.5,-8],"size":[7,12,0],"pivot":[25,-1.5,-8],"rotation":[0,-25,0],"uv":{"north":{"uv":[9,40],"uv_size":[7,12]},"east":{"uv":[9,40],"uv_size":[0,12]},"south":{"uv":[16,40],"uv_size":[7,12]},"west":{"uv":[16,40],"uv_size":[0,12]},"up":{"uv":[9,40],"uv_size":[7,0]},"down":{"uv":[16,40],"uv_size":[7,0]}}},{"origin":[23,-12.5,-8],"size":[12,7,0],"pivot":[29,-5.5,-8],"rotation":[-25,0,0],"uv":{"north":{"uv":[51,32],"uv_size":[-12,7]},"east":{"uv":[52,32],"uv_size":[0,7]},"south":{"uv":[51,39],"uv_size":[-12,7]},"west":{"uv":[40,32],"uv_size":[0,7]},"up":{"uv":[52,32],"uv_size":[-12,0]},"down":{"uv":[64,32],"uv_size":[-12,0]}}},{"origin":[33,-7.5,-8],"size":[7,12,0],"pivot":[33,-1.5,-8],"rotation":[0,25,0],"uv":{"north":{"uv":[16,40],"uv_size":[-7,12]},"east":{"uv":[16,40],"uv_size":[0,12]},"south":{"uv":[23,40],"uv_size":[-7,12]},"west":{"uv":[9,40],"uv_size":[0,12]},"up":{"uv":[16,40],"uv_size":[-7,0]},"down":{"uv":[23,40],"uv_size":[-7,0]}}}]},{"name":"2","parent":"root","pivot":[-29,8,0],"cubes":[{"origin":[-35,-2,-2],"size":[12,8,4],"uv":{"north":{"uv":[34,4],"uv_size":[12,8]},"east":{"uv":[30,4],"uv_size":[4,8]},"south":{"uv":[34,4],"uv_size":[12,8]},"west":{"uv":[30,4],"uv_size":[4,8]},"up":{"uv":[34,0],"uv_size":[12,4]},"down":{"uv":[46,4],"uv_size":[12,-4]}}},{"origin":[-30,6,-1],"size":[2,2,2],"uv":{"north":{"uv":[2,23],"uv_size":[2,2]},"east":{"uv":[0,23],"uv_size":[2,2]},"south":{"uv":[6,23],"uv_size":[2,2]},"west":{"uv":[4,23],"uv_size":[2,2]},"up":{"uv":[2,21],"uv_size":[2,2]},"down":{"uv":[4,23],"uv_size":[2,-2]}}}]},{"name":"light2","parent":"2","pivot":[-29,1.5,-1],"rotation":[30,0,0],"cubes":[{"origin":[-33,-5.5,-8],"size":[8,8,13],"uv":{"north":{"uv":[13,13],"uv_size":[8,8]},"east":{"uv":[0,13],"uv_size":[13,8]},"south":{"uv":[34,13],"uv_size":[8,8]},"west":{"uv":[21,13],"uv_size":[13,8]},"up":{"uv":[13,0],"uv_size":[8,13]},"down":{"uv":[21,13],"uv_size":[8,-13]}}},{"origin":[-35,2.5,-8],"size":[12,7,0],"pivot":[-29,2.5,-8],"rotation":[25,0,0],"uv":{"north":{"uv":[9,32],"uv_size":[12,7]},"east":{"uv":[9,32],"uv_size":[0,7]},"south":{"uv":[21,32],"uv_size":[12,7]},"west":{"uv":[21,32],"uv_size":[0,7]},"up":{"uv":[9,32],"uv_size":[12,0]},"down":{"uv":[21,32],"uv_size":[12,0]}}},{"origin":[-25,-7.5,-8],"size":[7,12,0],"pivot":[-25,-1.5,-8],"rotation":[0,25,0],"uv":{"north":{"uv":[16,40],"uv_size":[-7,12]},"east":{"uv":[16,40],"uv_size":[0,12]},"south":{"uv":[23,40],"uv_size":[-7,12]},"west":{"uv":[9,40],"uv_size":[0,12]},"up":{"uv":[16,40],"uv_size":[-7,0]},"down":{"uv":[23,40],"uv_size":[-7,0]}}},{"origin":[-35,-12.5,-8],"size":[12,7,0],"pivot":[-29,-5.5,-8],"rotation":[-25,0,0],"uv":{"north":{"uv":[39,32],"uv_size":[12,7]},"east":{"uv":[40,32],"uv_size":[0,7]},"south":{"uv":[39,39],"uv_size":[12,7]},"west":{"uv":[52,32],"uv_size":[0,7]},"up":{"uv":[40,32],"uv_size":[12,0]},"down":{"uv":[52,32],"uv_size":[12,0]}}},{"origin":[-40,-7.5,-8],"size":[7,12,0],"pivot":[-33,-1.5,-8],"rotation":[0,-25,0],"uv":{"north":{"uv":[9,40],"uv_size":[7,12]},"east":{"uv":[9,40],"uv_size":[0,12]},"south":{"uv":[16,40],"uv_size":[7,12]},"west":{"uv":[16,40],"uv_size":[0,12]},"up":{"uv":[9,40],"uv_size":[7,0]},"down":{"uv":[16,40],"uv_size":[7,0]}}}]},{"name":"1","parent":"root","pivot":[-63,8,0],"cubes":[{"origin":[-69,-2,-2],"size":[12,8,4],"uv":{"north":{"uv":[34,4],"uv_size":[12,8]},"east":{"uv":[30,4],"uv_size":[4,8]},"south":{"uv":[34,4],"uv_size":[12,8]},"west":{"uv":[30,4],"uv_size":[4,8]},"up":{"uv":[34,0],"uv_size":[12,4]},"down":{"uv":[46,4],"uv_size":[12,-4]}}},{"origin":[-64,6,-1],"size":[2,2,2],"uv":{"north":{"uv":[2,23],"uv_size":[2,2]},"east":{"uv":[0,23],"uv_size":[2,2]},"south":{"uv":[6,23],"uv_size":[2,2]},"west":{"uv":[4,23],"uv_size":[2,2]},"up":{"uv":[2,21],"uv_size":[2,2]},"down":{"uv":[4,23],"uv_size":[2,-2]}}}]},{"name":"light5","parent":"1","pivot":[-63,1.5,-1],"rotation":[20,0,0],"cubes":[{"origin":[-67,-5.5,-8],"size":[8,8,13],"uv":{"north":{"uv":[13,13],"uv_size":[8,8]},"east":{"uv":[0,13],"uv_size":[13,8]},"south":{"uv":[34,13],"uv_size":[8,8]},"west":{"uv":[21,13],"uv_size":[13,8]},"up":{"uv":[13,0],"uv_size":[8,13]},"down":{"uv":[21,13],"uv_size":[8,-13]}}},{"origin":[-69,2.5,-8],"size":[12,7,0],"pivot":[-63,2.5,-8],"rotation":[25,0,0],"uv":{"north":{"uv":[9,32],"uv_size":[12,7]},"east":{"uv":[9,32],"uv_size":[0,7]},"south":{"uv":[21,32],"uv_size":[12,7]},"west":{"uv":[21,32],"uv_size":[0,7]},"up":{"uv":[9,32],"uv_size":[12,0]},"down":{"uv":[21,32],"uv_size":[12,0]}}},{"origin":[-59,-7.5,-8],"size":[7,12,0],"pivot":[-59,-1.5,-8],"rotation":[0,25,0],"uv":{"north":{"uv":[16,40],"uv_size":[-7,12]},"east":{"uv":[16,40],"uv_size":[0,12]},"south":{"uv":[23,40],"uv_size":[-7,12]},"west":{"uv":[9,40],"uv_size":[0,12]},"up":{"uv":[16,40],"uv_size":[-7,0]},"down":{"uv":[23,40],"uv_size":[-7,0]}}},{"origin":[-69,-12.5,-8],"size":[12,7,0],"pivot":[-63,-5.5,-8],"rotation":[-25,0,0],"uv":{"north":{"uv":[39,32],"uv_size":[12,7]},"east":{"uv":[40,32],"uv_size":[0,7]},"south":{"uv":[39,39],"uv_size":[12,7]},"west":{"uv":[52,32],"uv_size":[0,7]},"up":{"uv":[40,32],"uv_size":[12,0]},"down":{"uv":[52,32],"uv_size":[12,0]}}},{"origin":[-74,-7.5,-8],"size":[7,12,0],"pivot":[-67,-1.5,-8],"rotation":[0,-25,0],"uv":{"north":{"uv":[9,40],"uv_size":[7,12]},"east":{"uv":[9,40],"uv_size":[0,12]},"south":{"uv":[16,40],"uv_size":[7,12]},"west":{"uv":[16,40],"uv_size":[0,12]},"up":{"uv":[9,40],"uv_size":[7,0]},"down":{"uv":[16,40],"uv_size":[7,0]}}}]}]}]}