{"format_version":"1.12.0","minecraft:geometry":[{"description":{"identifier":"geometry.hive.hub.arcade.text","texture_width":64,"texture_height":64,"visible_bounds_width":4,"visible_bounds_height":2.5,"visible_bounds_offset":[0,0.75,0]},"bones":[{"name":"bone","pivot":[0,0,0]},{"name":"A","parent":"bone","pivot":[-19.5,4.75,2],"cubes":[{"origin":[-19,0,0],"size":[3,10,4],"uv":{"north":{"uv":[8,0],"uv_size":[6,20]},"east":{"uv":[33,4],"uv_size":[2,2]},"south":{"uv":[8,0],"uv_size":[6,20]},"west":{"uv":[33,4],"uv_size":[2,2]},"up":{"uv":[35,6],"uv_size":[-2,-2]},"down":{"uv":[35,6],"uv_size":[-2,-2]}}},{"origin":[-23,0,0],"size":[3,10,4],"uv":{"north":{"uv":[0,0],"uv_size":[6,20]},"east":{"uv":[33,4],"uv_size":[2,2]},"south":{"uv":[0,0],"uv_size":[6,20]},"west":{"uv":[33,4],"uv_size":[2,2]},"up":{"uv":[35,6],"uv_size":[-2,-2]},"down":{"uv":[35,6],"uv_size":[-2,-2]}}},{"origin":[-20,8,0],"size":[1,2,4],"uv":{"north":{"uv":[6,0],"uv_size":[2,4]},"south":{"uv":[6,0],"uv_size":[2,4]},"up":{"uv":[35,6],"uv_size":[-2,-2]},"down":{"uv":[35,6],"uv_size":[-2,-2]}}},{"origin":[-20,4,0],"size":[1,2,4],"uv":{"north":{"uv":[6,8],"uv_size":[2,4]},"south":{"uv":[6,8],"uv_size":[2,4]},"up":{"uv":[35,6],"uv_size":[-2,-2]},"down":{"uv":[35,6],"uv_size":[-2,-2]}}}]},{"name":"R","parent":"bone","pivot":[-11.15,4.65,2],"cubes":[{"origin":[-11,6,0],"size":[3,4,4],"uv":{"north":{"uv":[24,0],"uv_size":[6,8]},"east":{"uv":[35,4],"uv_size":[2,2]},"south":{"uv":[24,0],"uv_size":[6,8]},"west":{"uv":[35,4],"uv_size":[2,2]},"up":{"uv":[37,6],"uv_size":[-2,-2]},"down":{"uv":[37,6],"uv_size":[-2,-2]}}},{"origin":[-11,0,0],"size":[3,5,4],"uv":{"north":{"uv":[24,10],"uv_size":[6,10]},"east":{"uv":[35,4],"uv_size":[2,2]},"south":{"uv":[30,10],"uv_size":[-6,10]},"west":{"uv":[35,4],"uv_size":[2,2]},"up":{"uv":[37,6],"uv_size":[-2,-2]},"down":{"uv":[37,6],"uv_size":[-2,-2]}}},{"origin":[-12,4,0],"size":[3,2,4],"uv":{"north":{"uv":[22,8],"uv_size":[6,4]},"east":{"uv":[0,16],"uv_size":[16,8]},"south":{"uv":[28,8],"uv_size":[-6,4]},"west":{"uv":[35,4],"uv_size":[2,2]},"up":{"uv":[37,6],"uv_size":[-2,-2]},"down":{"uv":[37,6],"uv_size":[-2,-2]}}},{"origin":[-15,0,0],"size":[3,10,4],"uv":{"north":{"uv":[16,0],"uv_size":[6,20]},"east":{"uv":[35,4],"uv_size":[2,2]},"south":{"uv":[16,0],"uv_size":[6,20]},"west":{"uv":[35,4],"uv_size":[2,2]},"up":{"uv":[37,6],"uv_size":[-2,-2]},"down":{"uv":[37,6],"uv_size":[-2,-2]}}},{"origin":[-12,8,0],"size":[1,2,4],"uv":{"north":{"uv":[22,0],"uv_size":[2,4]},"south":{"uv":[22,0],"uv_size":[2,4]},"up":{"uv":[37,6],"uv_size":[-2,-2]},"down":{"uv":[37,6],"uv_size":[-2,-2]}}}]},{"name":"C","parent":"bone","pivot":[-3.75,5,2],"cubes":[{"origin":[-7,0,0],"size":[3,10,4],"uv":{"north":{"uv":[0,21],"uv_size":[6,20]},"east":{"uv":[37,4],"uv_size":[2,2]},"south":{"uv":[0,21],"uv_size":[6,20]},"west":{"uv":[37,4],"uv_size":[2,2]},"up":{"uv":[39,6],"uv_size":[-2,-2]},"down":{"uv":[39,6],"uv_size":[-2,-2]}}},{"origin":[-4,8,0],"size":[3,2,4],"uv":{"north":{"uv":[6,21],"uv_size":[6,4]},"south":{"uv":[6,21],"uv_size":[6,4]},"west":{"uv":[37,4],"uv_size":[2,2]},"up":{"uv":[39,6],"uv_size":[-2,-2]},"down":{"uv":[39,6],"uv_size":[-2,-2]}}},{"origin":[-4,0,0],"size":[3,2,4],"uv":{"north":{"uv":[6,37],"uv_size":[6,4]},"south":{"uv":[6,37],"uv_size":[6,4]},"west":{"uv":[37,4],"uv_size":[2,2]},"up":{"uv":[39,6],"uv_size":[-2,-2]},"down":{"uv":[39,6],"uv_size":[-2,-2]}}}]},{"name":"A2","parent":"bone","pivot":[3.5,4.75,2],"cubes":[{"origin":[4,0,0],"size":[3,10,4],"uv":{"north":{"uv":[24,21],"uv_size":[6,20]},"east":{"uv":[39,4],"uv_size":[2,2]},"south":{"uv":[24,21],"uv_size":[6,20]},"west":{"uv":[39,4],"uv_size":[2,2]},"up":{"uv":[41,6],"uv_size":[-2,-2]},"down":{"uv":[41,6],"uv_size":[-2,-2]}}},{"origin":[0,0,0],"size":[3,10,4],"uv":{"north":{"uv":[16,21],"uv_size":[6,20]},"east":{"uv":[39,4],"uv_size":[2,2]},"south":{"uv":[16,21],"uv_size":[6,20]},"west":{"uv":[39,4],"uv_size":[2,2]},"up":{"uv":[41,6],"uv_size":[-2,-2]},"down":{"uv":[41,6],"uv_size":[-2,-2]}}},{"origin":[3,8,0],"size":[1,2,4],"uv":{"north":{"uv":[22,21],"uv_size":[2,4]},"south":{"uv":[22,21],"uv_size":[2,4]},"up":{"uv":[41,6],"uv_size":[-2,-2]},"down":{"uv":[41,6],"uv_size":[-2,-2]}}},{"origin":[3,4,0],"size":[1,2,4],"uv":{"north":{"uv":[22,29],"uv_size":[2,4]},"south":{"uv":[22,29],"uv_size":[2,4]},"up":{"uv":[41,6],"uv_size":[-2,-2]},"down":{"uv":[41,6],"uv_size":[-2,-2]}}}]},{"name":"D","parent":"bone","pivot":[11.5,5,2],"cubes":[{"origin":[8,0,0],"size":[3,10,4],"uv":{"north":{"uv":[0,42],"uv_size":[6,20]},"east":{"uv":[41,4],"uv_size":[2,2]},"south":{"uv":[0,42],"uv_size":[6,20]},"west":{"uv":[41,4],"uv_size":[2,1]},"up":{"uv":[43,6],"uv_size":[-2,-2]},"down":{"uv":[43,6],"uv_size":[-2,-2]}}},{"origin":[12,1,0],"size":[3,8,4],"uv":{"north":{"uv":[8,44],"uv_size":[6,16]},"east":{"uv":[41,4],"uv_size":[2,2]},"south":{"uv":[14,44],"uv_size":[-6,16]},"west":{"uv":[41,4],"uv_size":[2,2]},"up":{"uv":[43,6],"uv_size":[-2,-2]},"down":{"uv":[43,6],"uv_size":[-2,-2]}}},{"origin":[11,8,0],"size":[3,2,4],"uv":{"north":{"uv":[6,42],"uv_size":[6,4]},"south":{"uv":[6,42],"uv_size":[6,4]},"west":{"uv":[41,4],"uv_size":[2,2]},"up":{"uv":[43,6],"uv_size":[-2,-2]},"down":{"uv":[43,6],"uv_size":[-2,-2]}}},{"origin":[11,0,0],"size":[3,2,4],"uv":{"north":{"uv":[6,58],"uv_size":[6,4]},"south":{"uv":[12,58],"uv_size":[-6,4]},"west":{"uv":[41,4],"uv_size":[2,2]},"up":{"uv":[43,6],"uv_size":[-2,-2]},"down":{"uv":[43,6],"uv_size":[-2,-2]}}}]},{"name":"E","parent":"bone","pivot":[19.75,5,2],"cubes":[{"origin":[16,0,0],"size":[3,10,4],"uv":{"north":{"uv":[16,42],"uv_size":[6,20]},"east":{"uv":[43,4],"uv_size":[2,2]},"south":{"uv":[16,42],"uv_size":[6,20]},"west":{"uv":[43,4],"uv_size":[2,2]},"up":{"uv":[45,6],"uv_size":[-2,-2]},"down":{"uv":[45,6],"uv_size":[-2,-2]}}},{"origin":[19,4,0],"size":[3,2,4],"uv":{"north":{"uv":[22,50],"uv_size":[6,4]},"south":{"uv":[22,50],"uv_size":[6,4]},"west":{"uv":[43,4],"uv_size":[2,2]},"up":{"uv":[45,6],"uv_size":[-2,-2]},"down":{"uv":[45,6],"uv_size":[-2,-2]}}},{"origin":[19,0,0],"size":[4,2,4],"uv":{"north":{"uv":[22,58],"uv_size":[8,4]},"south":{"uv":[22,58],"uv_size":[8,4]},"west":{"uv":[43,4],"uv_size":[2,2]},"up":{"uv":[45,6],"uv_size":[-2,-2]},"down":{"uv":[45,6],"uv_size":[-2,-2]}}},{"origin":[19,8,0],"size":[4,2,4],"uv":{"north":{"uv":[22,42],"uv_size":[8,4]},"south":{"uv":[22,42],"uv_size":[8,4]},"west":{"uv":[43,4],"uv_size":[2,2]},"up":{"uv":[45,6],"uv_size":[-2,-2]},"down":{"uv":[45,6],"uv_size":[-2,-2]}}}]}]}]}