{"minecraft:geometry":[{"description":{"identifier":"geometry.hive.hats.axe","texture_width":10,"texture_height":21,"visible_bounds_width":4,"visible_bounds_height":6,"visible_bounds_offset":[0,2,0]},"bones":[{"name":"root","pivot":[0,0,0]},{"name":"waist","parent":"root","pivot":[0,12,0]},{"name":"body","parent":"waist","pivot":[0,24,0]},{"name":"head","parent":"body","pivot":[0,24,0]},{"name":"hiveHat","parent":"head","pivot":[0,24,0],"cubes":[{"origin":[7,24,-1],"size":[2,12,2],"pivot":[4,32,0],"rotation":[0,0,-45],"uv":{"north":{"uv":[2,9],"uv_size":[2,12]},"east":{"uv":[0,9],"uv_size":[2,12]},"south":{"uv":[6,9],"uv_size":[2,12]},"west":{"uv":[4,9],"uv_size":[2,12]},"up":{"uv":[2,7],"uv_size":[2,2]},"down":{"uv":[4,9],"uv_size":[2,-2]}}},{"origin":[2,29,0],"size":[10,7,0],"pivot":[4,32,0],"rotation":[0,0,-45],"uv":{"north":{"uv":[0,0],"uv_size":[10,7]}}},{"origin":[9,28.25,0],"size":[2,3,0],"uv":{"north":{"uv":[8,7],"uv_size":[2,3]}}}]}]}],"format_version":"1.12.0"}