{"minecraft:geometry":[{"description":{"identifier":"geometry.hive.hats.bunny.ears","texture_width":16,"texture_height":16,"visible_bounds_width":2,"visible_bounds_height":4,"visible_bounds_offset":[0,1,0]},"bones":[{"name":"root","pivot":[0,0,0]},{"name":"waist","parent":"root","pivot":[0,12,0]},{"name":"body","parent":"waist","pivot":[0,24,0]},{"name":"head","parent":"body","pivot":[0,24,0]},{"name":"hat_name","parent":"head","pivot":[0,24,0],"cubes":[{"origin":[-3.9,32,-1],"size":[3,6,2],"pivot":[-1,32,0],"rotation":[0,0,-14.5],"uv":{"north":{"uv":[0,0],"uv_size":[3,6]},"east":{"uv":[0,6],"uv_size":[2,6]},"south":{"uv":[3,0],"uv_size":[3,6]},"west":{"uv":[6,0],"uv_size":[2,6]},"up":{"uv":[2,6],"uv_size":[3,2]},"down":{"uv":[5,8],"uv_size":[3,-2]}}},{"origin":[0.9,32,-1],"size":[3,6,2],"pivot":[1,32,0],"rotation":[0,0,14.5],"uv":{"north":{"uv":[3,0],"uv_size":[-3,6]},"east":{"uv":[8,0],"uv_size":[-2,6]},"south":{"uv":[6,0],"uv_size":[-3,6]},"west":{"uv":[2,6],"uv_size":[-2,6]},"up":{"uv":[5,6],"uv_size":[-3,2]},"down":{"uv":[8,8],"uv_size":[-3,-2]}}}]}]}],"format_version":"1.12.0"}