{"format_version":"1.12.0","minecraft:geometry":[{"description":{"identifier":"geometry.hive.hats.captains.hat","texture_width":64,"texture_height":64,"visible_bounds_width":2,"visible_bounds_height":5,"visible_bounds_offset":[0,1.5,0]},"bones":[{"name":"root","pivot":[0,0,0]},{"name":"waist","parent":"root","pivot":[0,12,0]},{"name":"body","parent":"waist","pivot":[0,24,0]},{"name":"head","parent":"body","pivot":[0,24,0]},{"name":"captainshat","parent":"head","pivot":[0,31,-4],"rotation":[-5,0,0],"cubes":[{"origin":[-6,31,-9],"size":[12,2,15],"uv":[0,0]},{"origin":[-5,33,-5],"size":[10,2,10],"uv":[0,33]},{"origin":[-6,35,-6],"size":[12,4,12],"pivot":[0,35,-5],"rotation":[-3.25,0,0],"uv":[0,17]},{"origin":[-2.5,35,-7],"size":[5,5,1],"pivot":[0,35,-5],"rotation":[-3.25,0,0],"uv":[0,0]},{"origin":[-6,39,-6],"size":[12,2,6],"pivot":[0,35,-5],"rotation":[-3.25,0,0],"uv":[16,33]}]}]}]}