{"minecraft:geometry":[{"description":{"identifier":"geometry.hive.hats.cardboard.box","texture_width":48,"texture_height":32,"visible_bounds_width":3,"visible_bounds_height":4,"visible_bounds_offset":[0,1,0]},"bones":[{"name":"root","pivot":[0,0,0]},{"name":"leftLeg","parent":"root","pivot":[1.9,12,0]},{"name":"leftLegging","parent":"leftLeg","pivot":[1.9,12,0]},{"name":"leftBoot","parent":"leftLeg","pivot":[1.9,12,0]},{"name":"rightLeg","parent":"root","pivot":[-1.9,12,0]},{"name":"rightLegging","parent":"rightLeg","pivot":[-1.9,12,0]},{"name":"rightBoot","parent":"rightLeg","pivot":[-1.9,12,0]},{"name":"waist","parent":"root","pivot":[0,12,0]},{"name":"body","parent":"waist","pivot":[0,24,0]},{"name":"bodyArmor","parent":"body","pivot":[0,24,0]},{"name":"belt","parent":"body","pivot":[0,24,0]},{"name":"head","parent":"body","pivot":[0,24,0]},{"name":"helmet","parent":"head","pivot":[0,24,0]},{"name":"hiveHat","parent":"head","pivot":[0,24,0],"cubes":[{"origin":[-5,24,-5],"size":[10,11,10],"uv":[0,0]},{"origin":[-5,24,5],"size":[10,0,4],"pivot":[0,24,5],"rotation":[20,0,0],"uv":[-4,21]},{"origin":[-9,24,-5],"size":[4,0,10],"pivot":[-5,24,0],"rotation":[0,0,20],"uv":[20,0]},{"origin":[5,24,-5],"size":[4,0,10],"pivot":[5,24,0],"rotation":[0,0,-20],"uv":[20,0],"mirror":true}]},{"name":"rightEye","parent":"hiveHat","pivot":[-2.25,28.25,-5.1],"rotation":[0,0,-45],"cubes":[{"origin":[-3.75,26.75,-5.1],"size":[3,3,0],"uv":[0,0]}]},{"name":"leftEye","parent":"hiveHat","pivot":[2.25,28.25,-5.1],"rotation":[0,0,45],"cubes":[{"origin":[0.75,26.75,-5.1],"size":[3,3,0],"uv":[0,0]}]},{"name":"leftArm","parent":"body","pivot":[5,21.5,0]},{"name":"leftArmArmor","parent":"leftArm","pivot":[5,21.5,0]},{"name":"leftItem","parent":"leftArm","pivot":[6,15,0]},{"name":"rightArm","parent":"body","pivot":[-5,21.5,0]},{"name":"rightArmArmor","parent":"rightArm","pivot":[-5,21.5,0]},{"name":"rightItem","parent":"rightArm","pivot":[-6,15,0]}]}],"format_version":"1.12.0"}