{"minecraft:geometry":[{"description":{"identifier":"geometry.hive.hats.cat.cap","texture_width":32,"texture_height":32,"visible_bounds_width":2,"visible_bounds_height":4,"visible_bounds_offset":[0,1,0]},"bones":[{"name":"root","pivot":[0,0,0]},{"name":"waist","parent":"root","pivot":[0,12,0]},{"name":"body","parent":"waist","pivot":[0,24,0]},{"name":"head","parent":"body","pivot":[0,24,0]},{"name":"hat_name","parent":"head","pivot":[0,31,-4],"rotation":[-10,0,0],"cubes":[{"origin":[-5,31,-5],"size":[10,6,10],"uv":{"north":{"uv":[10,10],"uv_size":[10,6]},"east":{"uv":[0,10],"uv_size":[10,6]},"south":{"uv":[12,21],"uv_size":[10,6]},"west":{"uv":[20,10],"uv_size":[10,6]},"up":{"uv":[10,0],"uv_size":[10,10]},"down":{"uv":[20,10],"uv_size":[10,-10]}}},{"origin":[-8,31,-5],"size":[3,3,0],"pivot":[-5,31,-5],"rotation":[0,40,0],"uv":{"north":{"uv":[0,4],"uv_size":[3,3]},"east":{"uv":[0,4],"uv_size":[0,3]},"south":{"uv":[3,4],"uv_size":[3,3]},"west":{"uv":[3,4],"uv_size":[0,3]},"up":{"uv":[0,4],"uv_size":[3,0]},"down":{"uv":[3,4],"uv_size":[3,0]}}},{"origin":[5,31,-5],"size":[3,3,0],"pivot":[5,31,-5],"rotation":[0,-40,0],"uv":{"north":{"uv":[3,4],"uv_size":[-3,3]},"east":{"uv":[3,4],"uv_size":[0,3]},"south":{"uv":[6,4],"uv_size":[-3,3]},"west":{"uv":[0,4],"uv_size":[0,3]},"up":{"uv":[3,4],"uv_size":[-3,0]},"down":{"uv":[6,4],"uv_size":[-3,0]}}},{"origin":[-2.5,34,-5.11],"size":[0.5,0.5,0],"uv":{"north":{"uv":[0,3],"uv_size":[0,0]},"east":{"uv":[0,3],"uv_size":[0,0]},"south":{"uv":[0,3],"uv_size":[0,0]},"west":{"uv":[0,3],"uv_size":[0,0]},"up":{"uv":[0,3],"uv_size":[0,0]},"down":{"uv":[0,3],"uv_size":[0,0]}}},{"origin":[-4,34,-5.11],"size":[2,0.5,0],"uv":{"north":{"uv":[4,0],"uv_size":[2,0]},"east":{"uv":[4,0],"uv_size":[0,0]},"south":{"uv":[6,0],"uv_size":[2,0]},"west":{"uv":[6,0],"uv_size":[0,0]},"up":{"uv":[4,0],"uv_size":[2,0]},"down":{"uv":[6,0],"uv_size":[2,0]}}},{"origin":[2,34,-5.11],"size":[2,0.5,0],"uv":{"north":{"uv":[4,0],"uv_size":[2,0]},"east":{"uv":[4,0],"uv_size":[0,0]},"south":{"uv":[6,0],"uv_size":[2,0]},"west":{"uv":[6,0],"uv_size":[0,0]},"up":{"uv":[4,0],"uv_size":[2,0]},"down":{"uv":[6,0],"uv_size":[2,0]}}},{"origin":[2,34,-5.11],"size":[0.5,0.5,0],"uv":{"north":{"uv":[0,3],"uv_size":[0,0]},"east":{"uv":[0,3],"uv_size":[0,0]},"south":{"uv":[0,3],"uv_size":[0,0]},"west":{"uv":[0,3],"uv_size":[0,0]},"up":{"uv":[0,3],"uv_size":[0,0]},"down":{"uv":[0,3],"uv_size":[0,0]}}}]},{"name":"bone3","parent":"hat_name","pivot":[0,31,-5],"rotation":[-2.5,0,0],"cubes":[{"origin":[-2,31,-7],"size":[4,3,2],"uv":{"north":{"uv":[2,18],"uv_size":[4,3]},"east":{"uv":[0,18],"uv_size":[2,3]},"south":{"uv":[8,18],"uv_size":[4,3]},"west":{"uv":[6,18],"uv_size":[2,3]},"up":{"uv":[2,16],"uv_size":[4,2]},"down":{"uv":[6,18],"uv_size":[4,-2]}}},{"origin":[-0.25,31.5,-7.11],"size":[0.5,1.5,0],"uv":{"north":{"uv":[0,0],"uv_size":[0,1]},"east":{"uv":[0,0],"uv_size":[0,1]},"south":{"uv":[0,0],"uv_size":[0,1]},"west":{"uv":[0,0],"uv_size":[0,1]},"up":{"uv":[0,0],"uv_size":[0,0]},"down":{"uv":[0,0],"uv_size":[0,0]}}},{"origin":[0.25,31.5,-7.11],"size":[1.25,0.5,0],"uv":{"north":{"uv":[1,0],"uv_size":[-1,0]},"east":{"uv":[1,0],"uv_size":[0,0]},"south":{"uv":[2,0],"uv_size":[-1,0]},"west":{"uv":[0,0],"uv_size":[0,0]},"up":{"uv":[1,0],"uv_size":[-1,0]},"down":{"uv":[2,0],"uv_size":[-1,0]}}},{"origin":[1,32,-7.11],"size":[0.5,0.5,0],"uv":{"north":{"uv":[0,0],"uv_size":[0,0]},"east":{"uv":[0,0],"uv_size":[0,0]},"south":{"uv":[0,0],"uv_size":[0,0]},"west":{"uv":[0,0],"uv_size":[0,0]},"up":{"uv":[0,0],"uv_size":[0,0]},"down":{"uv":[0,0],"uv_size":[0,0]}}},{"origin":[-1.5,32,-7.11],"size":[0.5,0.5,0],"uv":{"north":{"uv":[0,0],"uv_size":[0,0]},"east":{"uv":[0,0],"uv_size":[0,0]},"south":{"uv":[0,0],"uv_size":[0,0]},"west":{"uv":[0,0],"uv_size":[0,0]},"up":{"uv":[0,0],"uv_size":[0,0]},"down":{"uv":[0,0],"uv_size":[0,0]}}},{"origin":[-1.5,31.5,-7.11],"size":[1.25,0.5,0],"uv":{"north":{"uv":[0,0],"uv_size":[1,0]},"east":{"uv":[0,0],"uv_size":[0,0]},"south":{"uv":[1,0],"uv_size":[1,0]},"west":{"uv":[1,0],"uv_size":[0,0]},"up":{"uv":[0,0],"uv_size":[1,0]},"down":{"uv":[1,0],"uv_size":[1,0]}}}]},{"name":"bone","parent":"hat_name","pivot":[-1,37,-1],"rotation":[0,0,-15],"cubes":[{"origin":[-5,40,-1],"size":[3,1,0],"uv":{"north":{"uv":[0,9],"uv_size":[3,1]},"east":{"uv":[0,9],"uv_size":[0,1]},"south":{"uv":[3,9],"uv_size":[3,1]},"west":{"uv":[3,9],"uv_size":[0,1]},"up":{"uv":[0,9],"uv_size":[3,0]},"down":{"uv":[3,9],"uv_size":[3,0]}}},{"origin":[-5,37,-1],"size":[4,3,2],"uv":{"north":{"uv":[2,23],"uv_size":[4,3]},"east":{"uv":[0,23],"uv_size":[2,3]},"south":{"uv":[8,23],"uv_size":[4,3]},"west":{"uv":[6,23],"uv_size":[2,3]},"up":{"uv":[2,21],"uv_size":[4,2]},"down":{"uv":[6,23],"uv_size":[4,-2]}}}]},{"name":"bone2","parent":"hat_name","pivot":[1,37,-1],"rotation":[0,0,15],"cubes":[{"origin":[1,37,-1],"size":[4,3,2],"uv":{"north":{"uv":[14,18],"uv_size":[4,3]},"east":{"uv":[12,18],"uv_size":[2,3]},"south":{"uv":[20,18],"uv_size":[4,3]},"west":{"uv":[18,18],"uv_size":[2,3]},"up":{"uv":[14,16],"uv_size":[4,2]},"down":{"uv":[18,18],"uv_size":[4,-2]}}},{"origin":[2,40,-1],"size":[3,1,0],"uv":{"north":{"uv":[0,8],"uv_size":[3,1]},"east":{"uv":[0,8],"uv_size":[0,1]},"south":{"uv":[3,8],"uv_size":[3,1]},"west":{"uv":[3,8],"uv_size":[0,1]},"up":{"uv":[0,8],"uv_size":[3,0]},"down":{"uv":[3,8],"uv_size":[3,0]}}}]}]}],"format_version":"1.12.0"}