{"minecraft:geometry":[{"description":{"identifier":"geometry.hive.hats.elf.hat","texture_width":40,"texture_height":25,"visible_bounds_width":2,"visible_bounds_height":5,"visible_bounds_offset":[0,1.5,0]},"bones":[{"name":"root","pivot":[0,0,0]},{"name":"waist","parent":"root","pivot":[0,12,0]},{"name":"body","parent":"waist","pivot":[0,24,0]},{"name":"head","parent":"body","pivot":[0,24,0]},{"name":"elf_hat","parent":"head","pivot":[0,24,0],"cubes":[{"origin":[-7,26,-1],"size":[3,4,1],"pivot":[-4,26,-1],"rotation":[0,35,0],"uv":[0,0]},{"origin":[-8,27,-1],"size":[2,4,0],"pivot":[-4,26,-1],"rotation":[0,35,0],"uv":[0,5]},{"origin":[4,26,-1],"size":[3,4,1],"pivot":[4,26,-1],"rotation":[0,-35,0],"uv":[0,0],"mirror":true},{"origin":[6,27,-1],"size":[2,4,0],"pivot":[4,26,-1],"rotation":[0,-35,0],"uv":[0,5],"mirror":true}]},{"name":"elf_hat2","parent":"elf_hat","pivot":[0,31,-4],"rotation":[-5,0,0],"cubes":[{"origin":[-5,31,-5],"size":[10,3,10],"uv":[0,0]},{"origin":[-4,34,-4],"size":[8,4,8],"pivot":[0,34,-4],"rotation":[-12.5,0,0],"uv":[0,13]},{"origin":[-2,38,-1],"size":[4,4,4],"pivot":[0,34,-4],"rotation":[-12.5,0,0],"uv":[24,13]}]}]}],"format_version":"1.12.0"}