{"minecraft:geometry":[{"description":{"identifier":"geometry.hive.hats.endolotl.buddy","texture_width":27,"texture_height":23,"visible_bounds_width":3,"visible_bounds_height":4,"visible_bounds_offset":[0,1,0]},"bones":[{"name":"root","pivot":[0,0,0]},{"name":"waist","parent":"root","pivot":[0,12,0]},{"name":"body","parent":"waist","pivot":[0,24,0]},{"name":"head","parent":"body","pivot":[0,24,0]},{"name":"hiveHat","parent":"head","pivot":[0,24,0]},{"name":"rotate","parent":"hiveHat","pivot":[0,32,1]},{"name":"axolotlHead","parent":"rotate","pivot":[0,34,-1],"cubes":[{"origin":[-3,31.8333,-5.81808],"size":[6,5,5],"uv":[0,10]},{"origin":[-3,36.8333,-3.81808],"size":[6,2,0],"pivot":[0,36.8333,-3.81808],"rotation":[-35,0,0],"uv":[15,4]},{"origin":[-5,31.8333,-2.81808],"size":[2,5,0],"pivot":[-3,34.3333,-2.81808],"rotation":[0,25,0],"uv":[0,0]},{"origin":[3,31.8333,-2.81808],"size":[2,5,0],"pivot":[3,34.3333,-2.81808],"rotation":[0,-25,0],"uv":[0,0],"mirror":true}]},{"name":"axolotlRightEye","parent":"axolotlHead","pivot":[-1.5,33.3333,-5.82808],"cubes":[{"origin":[-2,32.8333,-5.82808],"size":[1,2,0],"uv":[0,5]}]},{"name":"axolotlLeftEye","parent":"axolotlHead","pivot":[1.5,33.3333,-5.82808],"cubes":[{"origin":[1,32.8333,-5.82808],"size":[1,2,0],"uv":[0,5],"mirror":true}]},{"name":"axolotlBody","parent":"rotate","pivot":[0,35,-1],"rotation":[-5,0,0],"cubes":[{"origin":[-2,32,-1],"size":[4,3,7],"uv":[0,0]},{"origin":[0,35,0],"size":[0,1,6],"uv":[10,14]}]},{"name":"axolotlTail","parent":"axolotlBody","pivot":[0,35,6],"rotation":[-10,0,0],"cubes":[{"origin":[0,32,6],"size":[0,3,5],"uv":[0,15]}]},{"name":"axolotlRightLeg","parent":"axolotlBody","pivot":[-2,34,0],"rotation":[0,0,-10],"cubes":[{"origin":[-6,32,-1],"size":[4,2,2],"uv":[15,0]}]},{"name":"axolotlLeftLeg","parent":"axolotlBody","pivot":[2,34,0],"rotation":[0,0,10],"cubes":[{"origin":[2,32,-1],"size":[4,2,2],"uv":[15,0],"mirror":true}]},{"name":"axolotlRightLeg2","parent":"axolotlBody","pivot":[-2,34,3],"rotation":[-5,22,-24],"cubes":[{"origin":[-6,32,3],"size":[4,2,2],"uv":[15,0]}]},{"name":"axolotlLeftLeg2","parent":"axolotlBody","pivot":[2,34,3],"rotation":[-5,-22,24],"cubes":[{"origin":[2,32,3],"size":[4,2,2],"uv":[15,0],"mirror":true}]}]}],"format_version":"1.12.0"}