{"format_version":"1.12.0","minecraft:geometry":[{"description":{"identifier":"geometry.hive.hats.flower.crown","texture_width":48,"texture_height":32,"visible_bounds_width":2,"visible_bounds_height":4,"visible_bounds_offset":[0,1,0]},"bones":[{"name":"root","pivot":[0,0,0]},{"name":"waist","parent":"root","pivot":[0,12,0]},{"name":"body","parent":"waist","pivot":[0,24,0]},{"name":"head","parent":"body","pivot":[0,24,0]},{"name":"flowercrown","parent":"head","pivot":[0,30,-4],"rotation":[-7.5,0,0],"cubes":[{"origin":[5.75,29,-2.25],"size":[0,4,4],"pivot":[5.5,31,-0.25],"rotation":[-55,0,10],"uv":[0,13]},{"origin":[1,29.5,-5.85],"size":[4,4,0],"pivot":[3,31.5,-5.75],"rotation":[9.96271,-0.86717,-10.07558],"uv":[36,17],"mirror":true},{"origin":[-5,32,-5],"size":[10,3,10],"uv":[0,0]},{"origin":[-4.5,30,5.5],"size":[3,3,0],"pivot":[0,31,5.5],"rotation":[0,0,-12.5],"uv":[0,7],"mirror":true},{"origin":[1.5,30,5.5],"size":[3,3,0],"pivot":[0,31,5.5],"rotation":[0,0,12.5],"uv":[0,7]},{"origin":[3.25,31.5,-5.5],"size":[3,3,0],"pivot":[4,34,-5.5],"rotation":[0,0,10],"uv":[3,7]},{"origin":[3,29.25,-5.25],"size":[3,3,0],"pivot":[4.75,30,-5.25],"rotation":[0,0,10],"uv":[0,1],"mirror":true},{"origin":[-6,29.25,-5.25],"size":[3,3,0],"pivot":[-4.75,30,-5.25],"rotation":[0,0,-10],"uv":[0,1]},{"origin":[-6.25,31.5,-5.5],"size":[3,3,0],"pivot":[-4,34,-5.5],"rotation":[0,0,-10],"uv":[3,7],"mirror":true},{"origin":[-5.3,30.5,1],"size":[0,3,3],"uv":[0,1]},{"origin":[-5,30,-5],"size":[10,2,10],"uv":[0,13]}]},{"name":"flower2","parent":"flowercrown","pivot":[-5.7462,30.95659,-0.25],"cubes":[{"origin":[-5.75,29,-2.25],"size":[0,4,4],"pivot":[-5.5,31,-0.25],"rotation":[-55,0,-10],"uv":[0,13],"mirror":true}]},{"name":"flower6","parent":"flowercrown","pivot":[-5.32263,32.5881,-2.87911],"cubes":[{"origin":[-5.25,30.5,-5],"size":[0,4,4],"pivot":[-5.25,33,-3.25],"rotation":[15,0,10],"uv":[0,9]}]},{"name":"flower3","parent":"flowercrown","pivot":[5.32263,32.5881,-2.87911],"cubes":[{"origin":[5.25,30.5,-5],"size":[0,4,4],"pivot":[5.25,33,-3.25],"rotation":[15,0,-10],"uv":[0,9],"mirror":true}]},{"name":"flower1","parent":"flowercrown","pivot":[-3.00449,31.48323,-5.84848],"cubes":[{"origin":[-5,29.5,-5.85],"size":[4,4,0],"pivot":[-3,31.5,-5.75],"rotation":[9.96271,0.86717,10.07558],"uv":[36,17]}]},{"name":"flower7","parent":"flowercrown","pivot":[0,32.97867,-6.47771],"cubes":[{"origin":[-2,31,-6.5],"size":[4,4,0],"pivot":[0,33.5,-6],"rotation":[2.5,0,0],"uv":[0,13]}]},{"name":"flower5","parent":"flowercrown","pivot":[-0.01233,30.77341,5.87839],"cubes":[{"origin":[-2.01233,28.73222,5.75],"size":[4,4,0],"pivot":[-0.16233,31.73222,5.5],"rotation":[7.5,0,0],"uv":[32,17]}]},{"name":"flower4","parent":"flowercrown","pivot":[5.3,32,2.5],"cubes":[{"origin":[5.3,30.5,1],"size":[0,3,3],"uv":[0,1],"mirror":true}]}]}]}