{"minecraft:geometry":[{"description":{"identifier":"geometry.hive.hats.fox.buddy","texture_width":35,"texture_height":19,"visible_bounds_width":3,"visible_bounds_height":4,"visible_bounds_offset":[0,1,0]},"bones":[{"name":"root","pivot":[0,0,0]},{"name":"waist","parent":"root","pivot":[0,12,0]},{"name":"body","parent":"waist","pivot":[0,24,0]},{"name":"head","parent":"body","pivot":[0,24,0]},{"name":"hiveHat","parent":"head","pivot":[0,24,0]},{"name":"foxBody","parent":"hiveHat","pivot":[0,35,-1],"rotation":[-5,0,0],"cubes":[{"origin":[-2,32,-1],"size":[4,3,7],"uv":[0,0]}]},{"name":"foxTail","parent":"foxBody","pivot":[0,33,6],"rotation":[22.5,0,0],"cubes":[{"origin":[-1,33,6],"size":[2,2,2],"uv":[27,0]}]},{"name":"foxTail2","parent":"foxTail","pivot":[0,33,8],"rotation":[15,0,0],"cubes":[{"origin":[-2,32,8],"size":[4,4,5],"uv":[17,5]}]},{"name":"foxRightLeg","parent":"foxBody","pivot":[-2,34,0],"rotation":[0,0,-10],"cubes":[{"origin":[-6,32,-1],"size":[4,2,2],"uv":[15,0]}]},{"name":"foxLeftLeg","parent":"foxBody","pivot":[2,34,0],"rotation":[0,0,10],"cubes":[{"origin":[2,32,-1],"size":[4,2,2],"uv":[15,0],"mirror":true}]},{"name":"foxRightLeg2","parent":"foxBody","pivot":[-2,34,3],"rotation":[-5,22,-24],"cubes":[{"origin":[-6,32,3],"size":[4,2,2],"uv":[15,0]}]},{"name":"foxLeftLeg2","parent":"foxBody","pivot":[2,34,3],"rotation":[-5,-22,24],"cubes":[{"origin":[2,32,3],"size":[4,2,2],"uv":[15,0],"mirror":true}]},{"name":"foxHead","parent":"hiveHat","pivot":[0,32,-1.125],"cubes":[{"origin":[-3,32,-6],"size":[6,4,5],"uv":[0,10]},{"origin":[-1,32,-8],"size":[2,2,2],"uv":[26,14]}]},{"name":"foxRightEye","parent":"foxHead","pivot":[-1.5,33.5,-6.01],"cubes":[{"origin":[-2,33,-6.01],"size":[1,2,0],"uv":[0,5]}]},{"name":"foxLeftEye","parent":"foxHead","pivot":[1.5,33.5,-6.01],"cubes":[{"origin":[1,33,-6.01],"size":[1,2,0],"uv":[0,5],"mirror":true}]},{"name":"foxRightEar","parent":"foxHead","pivot":[-0.9,36,-3],"rotation":[0,0,-12.5],"cubes":[{"origin":[-2.9,36,-4],"size":[2,2,1],"uv":[0,0]}]},{"name":"foxLeftEar","parent":"foxHead","pivot":[0.9,36,-3],"rotation":[0,0,12.5],"cubes":[{"origin":[0.9,36,-4],"size":[2,2,1],"uv":[0,0],"mirror":true}]}]}],"format_version":"1.12.0"}