{"minecraft:geometry":[{"description":{"identifier":"geometry.hive.hats.froggy.cap","texture_width":36,"texture_height":20,"visible_bounds_width":2,"visible_bounds_height":4,"visible_bounds_offset":[0,1,0]},"bones":[{"name":"root","pivot":[0,0,0]},{"name":"waist","parent":"root","pivot":[0,12,0]},{"name":"body","parent":"waist","pivot":[0,24,0]},{"name":"head","parent":"body","pivot":[0,24,0]},{"name":"hiveHat","parent":"head","pivot":[0,24,0]},{"name":"froggy","parent":"hiveHat","pivot":[0,31,-3],"rotation":[-5,0,0],"cubes":[{"origin":[-5,29,-3],"size":[10,5,8],"uv":[0,0]}]},{"name":"hatRightEye","parent":"froggy","pivot":[-3,34,-1],"rotation":[-10,0,0],"cubes":[{"origin":[-4.99,33.5,-1],"size":[4,4,3],"uv":[0,13]}]},{"name":"hatLeftEye","parent":"froggy","pivot":[3,34,-1],"rotation":[-10,0,0],"cubes":[{"origin":[0.99,33.5,-1],"size":[4,4,3],"uv":[0,13],"mirror":true}]}]}],"format_version":"1.12.0"}