{"minecraft:geometry":[{"description":{"identifier":"geometry.hive.hats.gamer.headset","texture_width":26,"texture_height":20,"visible_bounds_width":2,"visible_bounds_height":4,"visible_bounds_offset":[0,1,0]},"bones":[{"name":"root","pivot":[0,0,0]},{"name":"leftLeg","parent":"root","pivot":[1.9,12,0]},{"name":"leftLegging","parent":"leftLeg","pivot":[1.9,12,0]},{"name":"leftBoot","parent":"leftLeg","pivot":[1.9,12,0]},{"name":"rightLeg","parent":"root","pivot":[-1.9,12,0]},{"name":"rightLegging","parent":"rightLeg","pivot":[-1.9,12,0]},{"name":"rightBoot","parent":"rightLeg","pivot":[-1.9,12,0]},{"name":"waist","parent":"root","pivot":[0,12,0]},{"name":"body","parent":"waist","pivot":[0,24,0]},{"name":"bodyArmor","parent":"body","pivot":[0,24,0]},{"name":"belt","parent":"body","pivot":[0,24,0]},{"name":"head","parent":"body","pivot":[0,24,0]},{"name":"helmet","parent":"head","pivot":[0,24,0]},{"name":"hiveHat","parent":"head","pivot":[0,24,0],"cubes":[{"origin":[-7,25,-2],"size":[3,5,5],"uv":[0,5]},{"origin":[-5,30,-1],"size":[1,2,3],"uv":[11,5]},{"origin":[4,30,-1],"size":[1,2,3],"uv":[11,5],"mirror":true},{"origin":[4,25,-2],"size":[3,5,5],"uv":[0,5],"mirror":true},{"origin":[-5,32,-1],"size":[10,2,3],"uv":[0,0]},{"origin":[-5,34,-0.99],"size":[4,4,2],"pivot":[-1,34,-1],"rotation":[0,0,-10],"uv":[14,13]},{"origin":[-5,38,-0.99],"size":[4,1,0],"pivot":[-1,34,-1],"rotation":[0,0,-10],"uv":[0,15]},{"origin":[1,34,-0.99],"size":[4,4,2],"pivot":[1,34,-1],"rotation":[0,0,10],"uv":[14,13],"mirror":true},{"origin":[1,38,-0.99],"size":[4,1,0],"pivot":[1,34,-1],"rotation":[0,0,10],"uv":[0,15],"mirror":true}]},{"name":"leftArm","parent":"body","pivot":[5,21.5,0]},{"name":"leftArmArmor","parent":"leftArm","pivot":[5,21.5,0]},{"name":"leftItem","parent":"leftArm","pivot":[6,15,0]},{"name":"rightArm","parent":"body","pivot":[-5,21.5,0]},{"name":"rightArmArmor","parent":"rightArm","pivot":[-5,21.5,0]},{"name":"rightItem","parent":"rightArm","pivot":[-6,15,0]}]}],"format_version":"1.12.0"}