{"format_version":"1.12.0","minecraft:geometry":[{"description":{"identifier":"geometry.hive.hats.gifter","texture_width":32,"texture_height":32,"visible_bounds_width":2,"visible_bounds_height":5,"visible_bounds_offset":[0,1.5,0]},"bones":[{"name":"root","pivot":[0,0,0]},{"name":"waist","parent":"root","pivot":[0,12,0]},{"name":"body","parent":"waist","pivot":[0,24,0]},{"name":"head","parent":"body","pivot":[0,24,0]},{"name":"giftbox","parent":"head","pivot":[0,25,0],"cubes":[{"origin":[-3,32,-3],"size":[6,4,6],"uv":[0,11]},{"origin":[-4,36,-4],"size":[8,3,8],"uv":[0,0]},{"origin":[-5,39,0],"size":[10,4,0],"uv":[0,22]},{"origin":[0,39,-4],"size":[2,0,4],"pivot":[0,39,0],"rotation":[-16.47027,-24.09293,6.8817],"uv":[-1,0]},{"origin":[-2,39,-4],"size":[2,0,4],"pivot":[0,39,0],"rotation":[-16.47027,24.09293,-6.8817],"uv":[-1,0],"mirror":true},{"origin":[-2,39,0],"size":[2,0,4],"pivot":[0,39,0],"rotation":[16.47027,-24.09293,-6.8817],"uv":[-4,4]},{"origin":[0,39,0],"size":[2,0,4],"pivot":[0,39,0],"rotation":[16.47027,24.09293,6.8817],"uv":[-4,4],"mirror":true}]}]}]}