{"minecraft:geometry":[{"description":{"identifier":"geometry.hive.hats.horns","texture_width":16,"texture_height":16,"visible_bounds_width":3,"visible_bounds_height":4,"visible_bounds_offset":[0,1,0]},"bones":[{"name":"root","pivot":[0,0,0]},{"name":"waist","parent":"root","pivot":[0,12,0]},{"name":"body","parent":"waist","pivot":[0,24,0]},{"name":"head","parent":"body","pivot":[0,24,0]},{"name":"horns_hat","parent":"head","pivot":[0,24,0],"cubes":[{"origin":[-4.5,32,-2],"size":[3,6,2],"pivot":[-1.5,32,0],"rotation":[15,0,-50],"uv":[0,0]},{"origin":[-1.5,36,-2],"size":[3,2,2],"pivot":[-1.5,32,0],"rotation":[15,0,-50],"uv":[0,8]},{"origin":[0.5,38,-2],"size":[1,2,2],"pivot":[-1.5,32,0],"rotation":[15,0,-50],"uv":[8,6]},{"origin":[1.5,32,-2],"size":[3,6,2],"pivot":[1.5,32,0],"rotation":[15,0,50],"uv":[0,0],"mirror":true},{"origin":[-1.5,36,-2],"size":[3,2,2],"pivot":[1.5,32,0],"rotation":[15,0,50],"uv":[0,8],"mirror":true},{"origin":[-1.5,38,-2],"size":[1,2,2],"pivot":[1.5,32,0],"rotation":[15,0,50],"uv":[8,6],"mirror":true}]}]}],"format_version":"1.12.0"}