{"format_version":"1.12.0","minecraft:geometry":[{"description":{"identifier":"geometry.hive.hats.mushroom.cap","texture_width":48,"texture_height":48,"visible_bounds_width":3,"visible_bounds_height":5,"visible_bounds_offset":[0,1.5,0]},"bones":[{"name":"root","pivot":[0,0,0]},{"name":"waist","parent":"root","pivot":[0,12,0]},{"name":"body","parent":"waist","pivot":[0,24,0]},{"name":"head","parent":"body","pivot":[0,24,0]},{"name":"mushroomcap","parent":"head","pivot":[0,24,0],"cubes":[{"origin":[-9,33,-9],"size":[18,7,18],"pivot":[0,31,-4],"rotation":[-10,0,0],"uv":{"north":{"uv":[18,18],"uv_size":[18,7]},"east":{"uv":[0,18],"uv_size":[18,7]},"south":{"uv":[18,18],"uv_size":[18,7]},"west":{"uv":[0,18],"uv_size":[18,7]},"up":{"uv":[18,0],"uv_size":[18,18]},"down":{"uv":[0,18],"uv_size":[18,-18]}}},{"origin":[-7,31,-7],"size":[14,2,14],"pivot":[0,31,-4],"rotation":[-10,0,0],"uv":{"north":{"uv":[24,39],"uv_size":[14,2]},"east":{"uv":[24,39],"uv_size":[14,2]},"south":{"uv":[24,39],"uv_size":[14,2]},"west":{"uv":[24,39],"uv_size":[14,2]},"down":{"uv":[24,39],"uv_size":[14,-14]}}},{"origin":[-6,40,-6],"size":[12,4,12],"pivot":[0,31,-4],"rotation":[-10,0,0],"uv":{"north":{"uv":[12,37],"uv_size":[12,4]},"east":{"uv":[0,37],"uv_size":[12,4]},"south":{"uv":[12,37],"uv_size":[12,4]},"west":{"uv":[0,37],"uv_size":[12,4]},"up":{"uv":[0,25],"uv_size":[12,12]}}}]}]}]}