{"minecraft:geometry":[{"description":{"identifier":"geometry.hive.hats.party.zuk.goggles","texture_width":19,"texture_height":18,"visible_bounds_width":2,"visible_bounds_height":4,"visible_bounds_offset":[0,1,0]},"bones":[{"name":"root","pivot":[0,0,0]},{"name":"waist","parent":"root","pivot":[0,12,0]},{"name":"body","parent":"waist","pivot":[0,24,0]},{"name":"head","parent":"body","pivot":[0,24,0]},{"name":"zukGoggles","parent":"head","pivot":[0,24,0]},{"name":"goggles","parent":"zukGoggles","pivot":[0,31,0],"rotation":[-10,0,0],"cubes":[{"origin":[-4.5,30,-4],"size":[0,2,9],"uv":[0,0]},{"origin":[4.5,30,-4],"size":[0,2,9],"uv":[0,0],"mirror":true},{"origin":[-4.5,30,5],"size":[9,2,0],"uv":[0,7]},{"origin":[-2,30,-4.5],"size":[4,2,0],"uv":[11,0]}]},{"name":"rightGoggle","parent":"goggles","pivot":[-3,31,-4],"cubes":[{"origin":[-5,29,-6],"size":[4,4,3],"uv":[0,11]}]},{"name":"leftGoggle","parent":"goggles","pivot":[3,31,-4],"cubes":[{"origin":[1,29,-6],"size":[4,4,3],"uv":[0,0]}]}]}],"format_version":"1.12.0"}