{"minecraft:geometry":[{"description":{"identifier":"geometry.hive.hats.party.neon.crown","texture_width":32,"texture_height":16,"visible_bounds_width":2,"visible_bounds_height":6,"visible_bounds_offset":[0,2,0]},"bones":[{"name":"root","pivot":[0,0,0]},{"name":"waist","parent":"root","pivot":[0,12,0]},{"name":"body","parent":"waist","pivot":[0,24,0]},{"name":"head","parent":"body","pivot":[0,24,0]},{"name":"hiveHat","parent":"head","pivot":[0,24,0]},{"name":"halo","parent":"hiveHat","pivot":[0,35,0],"rotation":[-5,0,0]},{"name":"haloRoot","parent":"halo","pivot":[0,35,0],"cubes":[{"origin":[-4,34,-4],"size":[8,1,1],"uv":{"north":{"uv":[9,3],"uv_size":[8,1]},"east":{"uv":[8,3],"uv_size":[1,1]},"south":{"uv":[18,3],"uv_size":[8,1]},"west":{"uv":[17,3],"uv_size":[1,1]},"up":{"uv":[9,2],"uv_size":[8,1]},"down":{"uv":[17,3],"uv_size":[8,-1]}}},{"origin":[-4,34,3],"size":[8,1,1],"uv":{"north":{"uv":[9,1],"uv_size":[8,1]},"east":{"uv":[8,1],"uv_size":[1,1]},"south":{"uv":[18,1],"uv_size":[8,1]},"west":{"uv":[17,1],"uv_size":[1,1]},"up":{"uv":[9,0],"uv_size":[8,1]},"down":{"uv":[17,1],"uv_size":[8,-1]}}},{"origin":[3,34,-3],"size":[1,1,6],"uv":{"north":{"uv":[6,6],"uv_size":[1,1]},"east":{"uv":[0,6],"uv_size":[6,1]},"south":{"uv":[13,6],"uv_size":[1,1]},"west":{"uv":[7,6],"uv_size":[6,1]},"up":{"uv":[6,0],"uv_size":[1,6]},"down":{"uv":[7,6],"uv_size":[1,-6]}}},{"origin":[-4,34,-3],"size":[1,1,6],"uv":{"north":{"uv":[6,13],"uv_size":[1,1]},"east":{"uv":[0,13],"uv_size":[6,1]},"south":{"uv":[13,13],"uv_size":[1,1]},"west":{"uv":[7,13],"uv_size":[6,1]},"up":{"uv":[6,7],"uv_size":[1,6]},"down":{"uv":[7,13],"uv_size":[1,-6]}}},{"origin":[-4.5,33.5,4.5],"size":[9,2,0],"uv":{"north":{"uv":[15,5],"uv_size":[8,2]}}},{"origin":[-4.5,35.5,2.5],"size":[9,0,2],"uv":{"north":{"uv":[15,5],"uv_size":[8,2]},"down":{"uv":[18,6],"uv_size":[2,-1]}}},{"origin":[-4.5,35.5,-2.5],"size":[2,0,5],"uv":{"north":{"uv":[15,5],"uv_size":[8,2]},"down":{"uv":[17,6],"uv_size":[2,-1]}}},{"origin":[2.5,35.5,-2.5],"size":[2,0,5],"uv":{"north":{"uv":[15,5],"uv_size":[8,2]},"down":{"uv":[19,6],"uv_size":[2,-1]}}},{"origin":[-4.5,35.5,-4.5],"size":[9,0,2],"uv":{"north":{"uv":[15,5],"uv_size":[8,2]},"down":{"uv":[18,6],"uv_size":[2,-1]}}},{"origin":[-4.5,33.5,2.5],"size":[9,0,2],"uv":{"north":{"uv":[15,7],"uv_size":[8,-2]},"up":{"uv":[18,6],"uv_size":[2,1]}}},{"origin":[-4.5,33.5,-2.5],"size":[2,0,5],"uv":{"north":{"uv":[15,7],"uv_size":[8,-2]},"up":{"uv":[17,6],"uv_size":[2,1]}}},{"origin":[2.5,33.5,-2.5],"size":[2,0,5],"uv":{"north":{"uv":[15,7],"uv_size":[8,-2]},"up":{"uv":[19,6],"uv_size":[2,1]}}},{"origin":[-4.5,33.5,-4.5],"size":[9,0,2],"uv":{"north":{"uv":[15,7],"uv_size":[8,-2]},"up":{"uv":[18,6],"uv_size":[2,1]}}},{"origin":[-4.5,33.5,-4.5],"size":[9,2,0],"uv":{"south":{"uv":[23,5],"uv_size":[-8,2]}}},{"origin":[-4.5,33.5,-4.5],"size":[0,2,9],"uv":{"north":{"uv":[15,5],"uv_size":[8,2]},"west":{"uv":[15,5],"uv_size":[4,2]}}},{"origin":[4.5,33.5,-4.5],"size":[0,2,9],"uv":{"north":{"uv":[23,5],"uv_size":[-8,2]},"east":{"uv":[23,5],"uv_size":[-4,2]}}}]}]}],"format_version":"1.12.0"}