{"minecraft:geometry":[{"description":{"identifier":"geometry.hive.hats.party.disco.ball","texture_width":16,"texture_height":16,"visible_bounds_width":2,"visible_bounds_height":4,"visible_bounds_offset":[0,1,0]},"bones":[{"name":"root","pivot":[0,0,0]},{"name":"waist","parent":"root","pivot":[0,12,0]},{"name":"body","parent":"waist","pivot":[0,24,0]},{"name":"head","parent":"body","pivot":[0,24,0]},{"name":"disco_ball","parent":"head","pivot":[0,24,0]},{"name":"haloRoot","parent":"disco_ball","pivot":[0,35.5,0],"cubes":[{"origin":[-2.5,33,-2.5],"size":[5,5,5],"uv":{"north":{"uv":[0,0],"uv_size":[5,5]},"east":{"uv":[0,0],"uv_size":[5,5]},"south":{"uv":[0,0],"uv_size":[5,5]},"west":{"uv":[0,0],"uv_size":[5,5]},"up":{"uv":[0,0],"uv_size":[5,5]},"down":{"uv":[0,5],"uv_size":[5,-5]}}},{"origin":[-2.5,33,-2.5],"size":[5,5,5],"inflate":0.3,"uv":{"north":{"uv":[5,0],"uv_size":[5,5]},"east":{"uv":[5,0],"uv_size":[5,5]},"south":{"uv":[5,0],"uv_size":[5,5]},"west":{"uv":[5,0],"uv_size":[5,5]},"up":{"uv":[5,0],"uv_size":[5,5]},"down":{"uv":[5,5],"uv_size":[5,-5]}}}]}]}],"format_version":"1.12.0"}