{"minecraft:geometry":[{"description":{"identifier":"geometry.hive.hats.propeller","texture_width":64,"texture_height":64,"visible_bounds_width":2,"visible_bounds_height":4,"visible_bounds_offset":[0,1,0]},"bones":[{"name":"root","pivot":[0,0,0]},{"name":"waist","parent":"root","pivot":[0,12,0]},{"name":"body","parent":"waist","pivot":[0,24,0]},{"name":"head","parent":"body","pivot":[0,24,0]},{"name":"propellercap","parent":"head","pivot":[0,31,-4],"rotation":[-5,0,0],"cubes":[{"origin":[-5,31,-9],"size":[10,2,4],"uv":[23,21]},{"origin":[-5,31,-5],"size":[10,5,10],"uv":[0,0]},{"origin":[-0.5,36,-0.5],"size":[1,3,1],"uv":[0,0]}]},{"name":"propeller","parent":"propellercap","pivot":[0,39,0],"cubes":[{"origin":[-4.5,38,-4.5],"size":[9,0,9],"uv":[0,16]}]}]}],"format_version":"1.12.0"}