{"minecraft:geometry":[{"description":{"identifier":"geometry.hive.hats.santa.hat","texture_width":42,"texture_height":35,"visible_bounds_width":3,"visible_bounds_height":4,"visible_bounds_offset":[0,1,0]},"bones":[{"name":"root","pivot":[0,0,0]},{"name":"waist","parent":"root","pivot":[0,12,0]},{"name":"body","parent":"waist","pivot":[0,24,0]},{"name":"head","parent":"body","pivot":[0,24,0]},{"name":"santa_hat","parent":"head","pivot":[0,31,-4],"rotation":[-5,0,0],"cubes":[{"origin":[-5,31,-5],"size":[10,3,10],"uv":[0,0]},{"origin":[-4,34,-4],"size":[8,4,8],"pivot":[0,34,-4],"rotation":[-12.5,0,0],"uv":[0,13]}]},{"name":"santa_hat2","parent":"santa_hat","pivot":[0,38,1],"cubes":[{"origin":[-2,36,-1],"size":[4,3,7],"uv":[0,25]}]},{"name":"bobble","parent":"santa_hat2","pivot":[0,39,6],"rotation":[-35,0,0],"cubes":[{"origin":[-2.5,35,6],"size":[5,5,5],"uv":[22,25]}]}]}],"format_version":"1.12.0"}