{"minecraft:geometry":[{"description":{"identifier":"geometry.hive.hats.shining.crown","texture_width":26,"texture_height":14,"visible_bounds_width":2,"visible_bounds_height":6,"visible_bounds_offset":[0,2,0]},"bones":[{"name":"root","pivot":[0,0,0]},{"name":"waist","parent":"root","pivot":[0,12,0]},{"name":"body","parent":"waist","pivot":[0,24,0]},{"name":"head","parent":"body","pivot":[0,24,0]},{"name":"hiveHat","parent":"head","pivot":[0,24,0]},{"name":"halo","parent":"hiveHat","pivot":[0,35,0],"rotation":[-5,0,0]},{"name":"haloRoot","parent":"halo","pivot":[0,35,0],"cubes":[{"origin":[-4,34,-4],"size":[8,1,1],"uv":[8,2]},{"origin":[-4,34,3],"size":[8,1,1],"uv":[8,0]},{"origin":[-4,34,-3],"size":[1,1,6],"uv":[0,7]},{"origin":[3,34,-3],"size":[1,1,6],"uv":[0,0]}]}]}],"format_version":"1.12.0"}