{"minecraft:geometry":[{"description":{"identifier":"geometry.hive.hats.traffic.cone","texture_width":24,"texture_height":24,"visible_bounds_width":2,"visible_bounds_height":5,"visible_bounds_offset":[0,1.5,0]},"bones":[{"name":"root","pivot":[0,0,0]},{"name":"waist","parent":"root","pivot":[0,12,0]},{"name":"body","parent":"waist","pivot":[0,24,0]},{"name":"head","parent":"body","pivot":[0,24,0]},{"name":"hiveHat","parent":"head","pivot":[0,24,0]},{"name":"coneHat","parent":"hiveHat","pivot":[0,32,-4],"rotation":[-10,0,0],"cubes":[{"origin":[-6,32,-6],"size":[12,2,12],"uv":{"north":{"uv":[0,12],"uv_size":[12,2]},"east":{"uv":[0,12],"uv_size":[12,2]},"south":{"uv":[0,12],"uv_size":[12,2]},"west":{"uv":[0,12],"uv_size":[12,2]},"up":{"uv":[0,0],"uv_size":[12,12]},"down":{"uv":[12,12],"uv_size":[12,-12]}}},{"origin":[-4,34,-4],"size":[8,5,8],"uv":{"north":{"uv":[0,14],"uv_size":[8,5]},"east":{"uv":[0,14],"uv_size":[8,5]},"south":{"uv":[0,14],"uv_size":[8,5]},"west":{"uv":[0,14],"uv_size":[8,5]},"up":{"uv":[8,14],"uv_size":[8,8]}}},{"origin":[-2,39,-2],"size":[4,5,4],"uv":{"north":{"uv":[0,19],"uv_size":[4,5]},"east":{"uv":[0,19],"uv_size":[4,5]},"south":{"uv":[0,19],"uv_size":[4,5]},"west":{"uv":[0,19],"uv_size":[4,5]},"up":{"uv":[4,19],"uv_size":[4,4]},"down":{"uv":[5,22],"uv_size":[2,-2]}}}]}]}],"format_version":"1.12.0"}