{"format_version":"1.12.0","minecraft:geometry":[{"description":{"identifier":"geometry.hive.hats.witch.hat","texture_width":64,"texture_height":64,"visible_bounds_width":4,"visible_bounds_height":4.5,"visible_bounds_offset":[0,1.75,0]},"bones":[{"name":"root","pivot":[0,31,-4]},{"name":"head","parent":"root","pivot":[0,24,0]},{"name":"witchHat","parent":"head","pivot":[0,32,-4],"rotation":[-20,0,0],"cubes":[{"origin":[-10,31,-10],"size":[20,0,20],"uv":{"up":{"uv":[8,0],"uv_size":[20,20]}}},{"origin":[-9,30.99,-9],"size":[18,0,18],"uv":{"down":{"uv":[29,19],"uv_size":[18,-18]}}},{"origin":[-5,31,-5],"size":[10,10,10],"uv":{"north":{"uv":[0,30],"uv_size":[10,10]},"east":{"uv":[0,30],"uv_size":[10,10]},"south":{"uv":[10,30],"uv_size":[10,10]},"west":{"uv":[0,30],"uv_size":[10,10]},"up":{"uv":[0,20],"uv_size":[10,10]}}},{"origin":[-5,31.25,-5],"size":[10,10,10],"inflate":0.25,"uv":{"north":{"uv":[42,19],"uv_size":[10,10]},"east":{"uv":[42,19],"uv_size":[-10,10]},"south":{"uv":[42,29],"uv_size":[10,10]},"west":{"uv":[32,19],"uv_size":[10,10]}}},{"origin":[-2,31,-6],"size":[4,6,1],"uv":{"north":{"uv":[1,0],"uv_size":[4,6]},"east":{"uv":[0,0],"uv_size":[1,6]},"west":{"uv":[5,0],"uv_size":[1,6]},"up":{"uv":[1,0],"uv_size":[2,1]}}}],"locators":{"hatparticle":[0,36,0]}},{"name":"hatTail","parent":"witchHat","pivot":[0,41,0],"rotation":[10,0,0],"cubes":[{"origin":[0,31,6],"size":[0,11,8],"pivot":[0,37,9],"rotation":[20,0,0],"uv":{"east":{"uv":[0,6],"uv_size":[8,11]},"west":{"uv":[8,6],"uv_size":[-8,11]}}},{"origin":[-3,36,0],"size":[6,7,9],"uv":{"north":{"uv":[29,33],"uv_size":[6,7]},"east":{"uv":[29,33],"uv_size":[-9,7]},"south":{"uv":[35,33],"uv_size":[6,7]},"west":{"uv":[20,33],"uv_size":[9,7]},"up":{"uv":[20,24],"uv_size":[6,9]},"down":{"uv":[26,33],"uv_size":[6,-9]}}}]}]}]}