{"format_version":"1.10.0","animation_controllers":{"controller.animation.hive.pets.babydragon.idle":{"states":{"default":{"animations":["idle_float","idle_fly","travel_lean"],"particle_effects":[{"effect":"idle_dust","locator":"wings"}]}}},"controller.animation.hive.pets.babydragon.face":{"states":{"default":{"transitions":[{"decide":"variable.idleTimer \u003d\u003d 0"}]},"decide":{"transitions":[{"blink":"math.random_integer(0, 3) \u003d\u003d 0"},{"look_left":"math.random_integer(0, 3) \u003d\u003d 0"},{"look_right":"math.random_integer(0, 3) \u003d\u003d 0"}]},"blink":{"animations":["face_blink"],"transitions":[{"default":"query.all_animations_finished"}]},"look_left":{"animations":["face_look_left"],"transitions":[{"default":"query.all_animations_finished"}]},"look_right":{"animations":["face_look_right"],"transitions":[{"default":"query.all_animations_finished"}]}}},"controller.animation.hive.pets.babydragon.idle.action":{"states":{"default":{"transitions":[{"sneeze":"query.mark_variant \u003d\u003d 1"},{"spin":"query.mark_variant \u003d\u003d 2"},{"relax":"query.mark_variant \u003d\u003d 3"}]},"sneeze":{"animations":["sneeze"],"transitions":[{"default":"query.all_animations_finished"}]},"spin":{"animations":["spin"],"transitions":[{"default":"query.all_animations_finished"}]},"relax":{"animations":["relax"],"transitions":[{"default":"query.all_animations_finished"}]}}},"controller.animation.hive.pets.babydragon.state":{"states":{"default":{"transitions":[{"faded_wait":"query.is_tamed"},{"normal_wait":"!query.is_tamed"}]},"faded_wait":{"transitions":[{"normal":"!query.is_tamed"}]},"normal_wait":{"transitions":[{"faded":"query.is_tamed"}]},"faded":{"animations":["state_change"],"transitions":[{"faded_wait":"query.all_animations_finished"}]},"normal":{"animations":["state_change"],"transitions":[{"normal_wait":"query.all_animations_finished"}]}}}}}