{"format_version":"1.10.0","animation_controllers":{"controller.animation.hive.pets.pirate.parrot.base":{"states":{"default":{"animations":["props","move_forward","idle_float"]}}},"controller.animation.hive.pets.pirate.parrot.idle":{"states":{"default":{"animations":["idle_head","idle_face","idle_flap"],"transitions":[{"none":"query.mark_variant \u003e 1"}],"blend_transition":0.4},"none":{"transitions":[{"default":"query.mark_variant \u003c\u003d 1"}],"blend_transition":0.4}}},"controller.animation.hive.pets.pirate.parrot.action":{"states":{"default":{"transitions":[{"action_cracker":"query.mark_variant \u003d\u003d 1"},{"action_spyglass":"query.mark_variant \u003d\u003d 2"},{"action_plank":"query.mark_variant \u003d\u003d 3"}]},"action_cracker":{"animations":["action_cracker"],"transitions":[{"default":"query.all_animations_finished"}]},"action_spyglass":{"animations":["action_spyglass"],"transitions":[{"default":"query.all_animations_finished"}]},"action_plank":{"animations":["action_plank"],"transitions":[{"default":"query.all_animations_finished"}]}}}}}