{"format_version":"1.10.0","animation_controllers":{"controller.animation.hive.pets.rock.idle":{"states":{"default":{"animations":["spawn","idle"]}}},"controller.animation.hive.pets.rock.blink":{"states":{"default":{"transitions":[{"decide":"variable.idleTimer \u003d\u003d 0"}]},"decide":{"transitions":[{"blink1":"math.random_integer(0, 2) \u003d\u003d 0"},{"blink2":"math.random_integer(0, 2) \u003d\u003d 0"}]},"blink1":{"animations":["blink1"],"transitions":[{"default":"query.all_animations_finished"}]},"blink2":{"animations":["blink2"],"transitions":[{"default":"query.all_animations_finished"}]}}}}}