{"format_version":"1.10.0","animation_controllers":{"controller.animation.hive.pets.witch.cat.idle":{"states":{"default":{"animations":["idle","idle2","idle_face","move_forward","variant"]}}},"controller.animation.hive.pets.witch.cat.particle":{"states":{"default":{"transitions":[{"purple":"query.variant \u003d\u003d 0"},{"green":"query.variant \u003d\u003d 1"},{"red":"query.variant \u003d\u003d 2"}]},"purple":{"particle_effects":[{"effect":"idle_purple","locator":"leftwing"},{"effect":"idle_purple","locator":"rightwing"}],"transitions":[{"default":"query.variant !\u003d 0"}]},"green":{"particle_effects":[{"effect":"idle_green","locator":"leftwing"},{"effect":"idle_green","locator":"rightwing"}],"transitions":[{"default":"query.variant !\u003d 1"}]},"red":{"particle_effects":[{"effect":"idle_red","locator":"leftwing"},{"effect":"idle_red","locator":"rightwing"}],"transitions":[{"default":"query.variant !\u003d 2"}]}}},"controller.animation.hive.pets.witch.cat.action":{"states":{"default":{"transitions":[{"action_scared":"query.mark_variant \u003d\u003d 1 ? (variable.scared \u003d 1; return true;) : 0;"},{"action_lick":"query.mark_variant \u003d\u003d 2"},{"action_look_around":"query.mark_variant \u003d\u003d 3"}]},"action_scared":{"animations":["action_scared"],"transitions":[{"default":"query.all_animations_finished ? (variable.scared \u003d 0; return true;) : 0;"}]},"action_lick":{"animations":["action_lick"],"transitions":[{"default":"query.all_animations_finished"}]},"action_look_around":{"animations":["action_look_around"],"transitions":[{"default":"query.all_animations_finished"}]}}}}}