{"format_version":"1.8.0","animations":{"animation.hive.hub.bundle.block.friday.22.idle":{"loop":true,"bones":{"captainshat":{"rotation":["math.cos(query.anim_time * 40) * 2","math.sin(query.anim_time * 20) * 2","math.cos(query.anim_time * 30) * 3"],"position":[0,"math.cos(query.anim_time * 25) * 0.5",0]},"cone":{"rotation":["math.sin(query.anim_time + 50 * 20) * 2","math.cos(query.anim_time * 44) * 3","math.cos(query.anim_time * 27) * 2"],"position":[0,"math.cos(query.anim_time + 10 * 30) * 0.5",0]},"cat":{"rotation":["math.sin(query.anim_time * 20) * 2","math.cos((query.anim_time + 10) * 27) * 3","math.cos((query.anim_time + 5) * 35) * 2"],"position":[0,"math.cos(query.anim_time * 25) * 0.6",0]}}}}}