{"minecraft:geometry":[{"description":{"identifier":"geometry.hive.hub.billboard.pirates.frame","texture_width":256,"texture_height":256,"visible_bounds_width":12,"visible_bounds_height":7,"visible_bounds_offset":[0,2.5,0]},"bones":[{"name":"root","pivot":[0,0,0]},{"name":"sign","parent":"root","pivot":[0,15,0],"cubes":[{"origin":[-38,12,-3],"size":[76,4,6],"uv":[0,12]},{"origin":[-14,10,-3],"size":[28,6,2],"pivot":[0,16,-3],"rotation":[-35,0,0],"uv":[0,46]},{"origin":[-30,0,-3],"size":[6,12,6],"uv":[63,46]},{"origin":[-3,0,-3],"size":[6,12,6],"uv":[0,56]},{"origin":[-24,0,0],"size":[21,12,0],"uv":[89,52]},{"origin":[3,0,0],"size":[21,12,0],"uv":[89,52],"mirror":true},{"origin":[24,0,-3],"size":[6,12,6],"uv":[63,46],"mirror":true},{"origin":[-41,64,-3],"size":[82,6,6],"uv":[0,0]},{"origin":[-45,18,-3],"size":[7,44,6],"pivot":[-38,18,0],"rotation":[0,0,-2.5],"uv":[178,0]},{"origin":[-50,62,-5],"size":[12,12,10],"pivot":[-38,18,0],"rotation":[0,0,-2.5],"uv":[0,22]},{"origin":[-48,8,-5],"size":[10,10,10],"uv":[46,24]},{"origin":[38,8,-5],"size":[10,10,10],"uv":[46,24],"mirror":true},{"origin":[38,18,-3],"size":[7,44,6],"pivot":[38,18,0],"rotation":[0,0,2.5],"uv":[178,0],"mirror":true},{"origin":[38,62,-5],"size":[12,12,10],"pivot":[38,18,0],"rotation":[0,0,2.5],"uv":[0,22],"mirror":true}]},{"name":"keyArt","parent":"sign","pivot":[0,16,0]},{"name":"woodenPlank","parent":"sign","pivot":[28,16,-3],"rotation":[0,0,27.5],"cubes":[{"origin":[29.39273,14.24558,-4],"size":[7,30,2],"uv":[206,6]}]},{"name":"woodenPlank2","parent":"sign","pivot":[-50,57,-3],"rotation":[0,0,55],"cubes":[{"origin":[-50,55,-4],"size":[7,30,2],"uv":[206,6]}]},{"name":"skull","parent":"sign","pivot":[0,68,-2],"rotation":[-7.5,0,0],"cubes":[{"origin":[-7,68,-8],"size":[14,12,13],"uv":[88,23]},{"origin":[-4,66,-8],"size":[8,2,3],"uv":[132,25]},{"origin":[-4,64,-8],"size":[8,2,0],"uv":[132,31]}]}]}],"format_version":"1.12.0"}