{"minecraft:geometry":[{"description":{"identifier":"geometry.hive.ctf.icon.flag","texture_width":46,"texture_height":20,"visible_bounds_width":4,"visible_bounds_height":4,"visible_bounds_offset":[0,1,0]},"bones":[{"name":"root","pivot":[0,-10,0]},{"name":"bone","parent":"root","pivot":[0,0,0],"cubes":[{"origin":[-10,-10,0],"size":[20,20,0],"pivot":[0,0,0],"rotation":[0,0,45],"uv":{"north":{"uv":[0,0.125],"uv_size":[20,20]}}}]},{"name":"back","parent":"bone","pivot":[0,0,0.5]},{"name":"ripple","parent":"back","pivot":[0,0,0.5]},{"name":"tl","parent":"ripple","pivot":[-6,6.75,0.5],"rotation":[0,0,45],"cubes":[{"origin":[-5.98439,-2.78033,0.5],"size":[1,18,0],"uv":{"north":{"uv":[3.15625,3.4375],"uv_size":[0.71875,0.625]}}}]},{"name":"tr","parent":"ripple","pivot":[6,6.75,0.5],"rotation":[0,0,135],"cubes":[{"origin":[6.01561,-1.71967,0.5],"size":[1,18,0],"uv":{"north":{"uv":[3.15625,3.4375],"uv_size":[0.71875,0.625]}}}]},{"name":"bl","parent":"ripple","pivot":[-6,-6.75,0.5],"rotation":[0,0,-45],"cubes":[{"origin":[-5.98439,-15.21967,0.5],"size":[1,18,0],"uv":{"north":{"uv":[3.15625,3.4375],"uv_size":[0.71875,0.625]}}}]},{"name":"br","parent":"ripple","pivot":[6,-6.75,0.5],"rotation":[0,0,-135],"cubes":[{"origin":[6.01561,-16.28033,0.5],"size":[1,18,0],"uv":{"north":{"uv":[3.15625,3.4375],"uv_size":[0.71875,0.625]}}}]},{"name":"flag_shadow","parent":"bone","pivot":[0.17242,-0.15778,-0.5],"cubes":[{"origin":[-5.32758,-7.65778,-0.5],"size":[11,15,0],"uv":{"north":{"uv":[33.0375,1.925],"uv_size":[11,15]}}}]},{"name":"front","parent":"bone","pivot":[0,-10,0]},{"name":"flag","parent":"front","pivot":[0.18301,0.5,-1],"cubes":[{"origin":[-5.31699,-7,-1],"size":[11,15,0],"uv":{"north":{"uv":[21.0375,1.925],"uv_size":[11,15]}}}]}]}],"format_version":"1.12.0"}