{"format_version":"1.12.0","minecraft:geometry":[{"description":{"identifier":"geometry.hive.hub.arcade.sign.text","texture_width":378,"texture_height":42,"visible_bounds_width":15,"visible_bounds_height":8,"visible_bounds_offset":[0,3,0]},"bones":[{"name":"root","pivot":[0,0,0]},{"name":"arcadeSign","parent":"root","pivot":[-0.00001,0,0]},{"name":"letters","parent":"arcadeSign","pivot":[-44.00016,50,-106.22557],"cubes":[{"origin":[-45,27,-109.99119],"size":[90,42,0],"uv":{"north":{"uv":[144.125,0],"uv_size":[90,42]}}},{"origin":[-16.66639,27,-181.09774],"size":[80,42,0],"pivot":[-71.66639,0,-71.10655],"rotation":[0,-45,0],"uv":{"north":{"uv":[234.125,0],"uv_size":[80,42]}}},{"origin":[-7.6839,27,-46.74745],"size":[80,42,0],"pivot":[-62.6839,0,63.24374],"rotation":[0,45,0],"uv":{"north":{"uv":[63.125,0],"uv_size":[80,42]}}}]},{"name":"arcadeSign2","parent":"arcadeSign","pivot":[-0.00001,0,0],"rotation":[0,180,0]},{"name":"letters2","parent":"arcadeSign2","pivot":[-44.00016,50,-106.22557],"cubes":[{"origin":[-45,27,-109.99119],"size":[90,42,0],"uv":{"north":{"uv":[144.125,0],"uv_size":[90,42]}}},{"origin":[-16.66639,27,-181.09774],"size":[80,42,0],"pivot":[-71.66639,0,-71.10655],"rotation":[0,-45,0],"uv":{"north":{"uv":[234.125,0],"uv_size":[80,42]}}},{"origin":[-7.6839,27,-46.74745],"size":[80,42,0],"pivot":[-62.6839,0,63.24374],"rotation":[0,45,0],"uv":{"north":{"uv":[63.125,0],"uv_size":[80,42]}}}]}]}]}