{"format_version":"1.8.0","render_controllers":{"controller.render.hive.hub.lny.lantern":{"arrays":{"textures":{"array.textures":["Texture.bee","Texture.ice_queen","Texture.mailbot","Texture.moobloom","Texture.ox","Texture.potter","Texture.red","Texture.short","Texture.tall"]},"geometries":{"array.models":["Geometry.bee","Geometry.ice_queen","Geometry.mailbot","Geometry.moobloom","Geometry.ox","Geometry.potter","Geometry.red","Geometry.short","Geometry.tall"]}},"geometry":"array.models[query.variant]","materials":[{"*":"Material.default"}],"textures":["array.textures[query.variant]"]}}}