{"format_version":"1.8.0","animations":{"animation.hive.hub.arcade.elevator.doors.open":{"loop":"hold_on_last_frame","animation_length":2.48,"bones":{"leftDoor":{"position":{"0.0":[0,0,0],"0.08":[-1.825,0,0],"0.16":[-1.53,0,0],"0.32":[-1.68,0,0],"0.52":[-1.68,0,0],"0.72":[-2.415,0,0],"0.96":[-4.57,0,0],"1.24":[-8.61,0,0],"1.56":[-14.11,0,0],"1.68":[-15.54,0,0],"1.76":[-16.26,0,0],"1.88":[-16.62,0,0],"2.0":[-16.8,0,0],"2.12":[-16.93,0,0],"2.44":[-17,0,0]}},"rightDoor":{"position":{"0.0":[0,0,0],"0.08":[1.825,0,0],"0.16":[1.53,0,0],"0.28":[1.68,0,0],"0.48":[1.68,0,0],"0.68":[2.415,0,0],"0.92":[4.57,0,0],"1.2":[8.61,0,0],"1.6":[14.11,0,0],"1.72":[15.54,0,0],"1.8":[16.26,0,0],"1.92":[16.62,0,0],"2.04":[16.8,0,0],"2.16":[16.93,0,0],"2.48":[17,0,0]}}}},"animation.hive.hub.arcade.elevator.doors.hold":{"loop":"hold_on_last_frame","bones":{"leftDoor":{"position":[-17,0,0]},"rightDoor":{"position":[17,0,0]}}},"animation.hive.hub.arcade.elevator.doors.close":{"loop":"hold_on_last_frame","animation_length":2.12,"bones":{"leftDoor":{"position":{"0.0":[-17,0,0],"0.08":[-16.96,0,0],"0.2":[-16.385,0,0],"0.28":[-15.665,0,0],"0.4":[-14.235,0,0],"1.28":[-3.16,0,0],"1.44":[-1.58,0,0],"1.56":[-0.79,0,0],"1.72":[0,0,0],"1.8":[-0.108,0,0],"1.92":[-0.165,0,0],"2.08":[0,0,0]}},"rightDoor":{"position":{"0.0":[17,0,0],"0.12":[16.96,0,0],"0.24":[16.385,0,0],"0.32":[15.665,0,0],"0.44":[14.235,0,0],"1.24":[3.16,0,0],"1.4":[1.58,0,0],"1.52":[0.79,0,0],"1.68":[0,0,0],"1.76":[0.108,0,0],"1.88":[0.165,0,0],"2.04":[0,0,0]}}}},"animation.hive.hub.arcade.elevator.doors.start":{"loop":"hold_on_last_frame","animation_length":4.12,"bones":{"elevator":{"rotation":{"0.4":[0,0,0],"0.52":[0,0,-0.06737],"0.68":[0,0,0.06064],"0.84":[0,0,-0.13475],"1.0":[0,0,0.05775],"1.16":[0,0,-0.05775],"1.32":[0,0,0.05775],"1.48":[0,0,-0.05775],"1.64":[0,0,0.05775],"1.8":[0,0,-0.05775],"1.96":[0,0,0.05775],"2.12":[0,0,-0.05775],"2.28":[0,0,0.05775],"2.44":[0,0,-0.02865],"2.6":[0,0,0.02865],"2.76":[0,0,-0.02865],"2.92":[0,0,0.02865],"3.08":[0,0,-0.02865],"3.24":[0,0,0.03465],"3.4":[0,0,-0.01862],"3.56":[0,0,0.01862],"3.72":[0,0,-0.00931],"3.88":[0,0,0.00931],"4.12":[0,0,0]},"scale":{"0.4":[1,1,1],"0.64":[1,0.99,1],"1.28":[1,0.9962,1],"1.8":[1,0.9984,1],"2.36":[1,1,1]}}}}}}