{"format_version":"1.8.0","animations":{"animation.hive.hub.arcade.mailbox.idle":{"loop":true,"animation_length":4.16,"bones":{"mailbox":{"position":{"0.0":[0,0,0],"0.16":[0,0.03,0],"0.36":[0,0.1,0],"1.0":[0,0.79,0],"1.28":[0,0.91,0],"1.48":[0,0.96,0],"1.64":[0,0.98,0],"1.84":[0,1,0],"2.04":[0,0.98,0],"2.2":[0,0.96,0],"2.4":[0,0.91,0],"2.68":[0,0.79,0],"3.32":[0,0.1,0],"3.6":[0,0.03,0],"3.84":[0,0.01,0],"4.16":[0,0,0]}}}},"animation.hive.hub.arcade.mailbox.idle.face":{"loop":true,"animation_length":6.6,"bones":{"eyes":{"position":{"0.72":[0,0,0],"0.88":[-0.275,0,0],"1.0":[-0.23,0,0],"1.76":[-0.23,0,0],"1.88":[-0.13,0.1,0.125],"1.96":[-0.15,0.08,0.1],"3.36":[-0.15,0.08,0.1],"3.48":[0.425,-0.325,-0.175],"3.56":[0.4,-0.31,-0.16],"4.2":[0.4,-0.31,-0.16],"4.32":[0.325,-0.31,-0.16],"4.4":[0.355,-0.31,-0.16],"5.24":[0.36,-0.31,-0.16],"5.4":[-0.05,0.025,0],"5.48":[-0.02,0.01,0],"5.6":[0,0,0]}},"rightEye":{"scale":{"0.0":[1,1,1],"0.12":[1.0625,0.8275,1],"0.2":[2,0.4275,1],"0.24":[1.7725,0.7875,1],"0.28":[1,1.06,1],"0.36":[1,1,1],"3.2":[1,1,1],"3.32":[1.0625,0.8275,1],"3.4":[2,0.4275,1],"3.44":[1.7725,0.7875,1],"3.48":[1,1.06,1],"3.56":[1,1,1]}},"leftEye":{"scale":{"0.04":[1,1,1],"0.16":[1.0625,0.8275,1],"0.24":[2,0.4275,1],"0.28":[1.7725,0.7875,1],"0.32":[1,1.06,1],"0.4":[1,1,1],"3.24":[1,1,1],"3.36":[1.0625,0.8275,1],"3.44":[2,0.4275,1],"3.48":[1.7725,0.7875,1],"3.52":[1,1.06,1],"3.6":[1,1,1]}}}},"animation.hive.hub.arcade.mailbox.proximity.enter":{"loop":"hold_on_last_frame","animation_length":0.68,"bones":{"mailbox":{"scale":{"0.0":[1,1,1],"0.08":[1.0169,0.99,0.99],"0.16":[1.0675,0.96,0.96],"0.32":[1,1.0575,1],"0.44":[1,0.985,1],"0.52":[1,0.995,1],"0.68":[1,1,1]}},"leftEye":{"scale":{"0.12":[1,1,1],"0.2":[1.4175,1,1],"0.28":[1.3467,1,1],"0.36":[1,1,1]}},"rightEye":{"scale":{"0.12":[1,1,1],"0.2":[1.4175,1,1],"0.28":[1.3467,1,1],"0.36":[1,1,1]}},"bone":{"rotation":{"0.08":[0,0,0],"0.2":[9,0,0],"0.28":[12,0,0]}},"eyes":{"scale":{"0.04":[1,1,1],"0.16":[1,0.4975,1],"0.24":[1,0.6225,1],"0.36":[1,1.115,1],"0.44":[1,0.97,1],"0.56":[1,1,1]}}}},"animation.hive.hub.arcade.mailbox.proximity.close":{"loop":"hold_on_last_frame","animation_length":0.68,"bones":{"mailbox":{"scale":{"0.0":[1,1,1],"0.08":[1.0169,0.99,0.99],"0.16":[1.0675,0.96,0.96],"0.32":[1,1.0575,1],"0.44":[1,0.985,1],"0.52":[1,0.995,1],"0.68":[1,1,1]}},"bone":{"rotation":{"0.0":[12,0,0],"0.16":[12,0,0],"0.36":[-2.5,0,0],"0.48":[0,0,0]}},"eyes":{"scale":{"0.0":[1,1,1],"0.04":[1,1,1],"0.16":[1,0.4975,1],"0.24":[1,0.6225,1],"0.36":[1,1.115,1],"0.44":[1,0.97,1],"0.56":[1,1,1]}}}}}}