{"format_version":"1.8.0","animations":{"animation.hive.hub.arcade.microphone.hit":{"animation_length":1.2,"bones":{"mic":{"rotation":{"0.0":[0,0,0],"0.08":[10,0,0],"0.2":[11.5,0,0],"0.32":[11.175,0,0],"0.4":[10.15,0,0],"0.44":[8.46,0,0],"0.52":[0,0,0],"1.04":[0,0,0],"1.12":[0.75,0,0],"1.2":[0,0,0]}},"micTop":{"rotation":{"0.0":[0,0,0],"0.04":[-12,0,0],"0.12":[0,0,0],"0.4":[3.25,0,0],"0.48":[7.75,0,0],"0.6":[0,0,0]},"scale":{"0.0":[1,1,1],"0.04":[1.245,0.7525,1],"0.12":[1,1,1]}},"mic2":{"rotation":{"0.52":[0,0,0],"0.6":[-2.25,0,0],"0.76":[-2.5,0,0],"0.88":[-2.425,0,0],"0.96":[-2.25,0,0],"1.0":[-1.5,0,0],"1.04":[0,0,0]}}}}}}