{"format_version":"1.8.0","animations":{"animation.hive.hub.arcade.pressureplate.spawn":{"loop":"hold_on_last_frame","animation_length":0.72,"bones":{"root":{"scale":{"0.0":[1,0.1,1],"0.2":[1,1,1],"0.4":[1,0.94,1],"0.52":[1,0.976,1],"0.6":[1,0.988,1],"0.72":[1,1,1]}}}},"animation.hive.hub.arcade.pressureplate.activate":{"loop":"hold_on_last_frame","animation_length":0.32,"bones":{"button":{"position":{"0.0":[0,0,0],"0.08":[0,-0.5,0],"0.16":[0,-1.5,0],"0.32":[0,-1,0]}},"idle":{"scale":{"0.16":[1,1,1],"0.28":[0.9,0.975,0.9]}},"activated":{"scale":{"0.12":[0.95,0.95,0.925],"0.16":[1,1,1]}}}},"animation.hive.hub.arcade.pressureplate.active.hold":{"loop":"hold_on_last_frame","bones":{"button":{"position":[0,-1,0]},"idle":{"scale":0},"activated":{"scale":1}}},"animation.hive.hub.arcade.pressureplate.reset":{"loop":"hold_on_last_frame","animation_length":0.4,"bones":{"button":{"position":{"0.0":[0,-1,0],"0.12":[0,-0.82,0],"0.28":[0,0.25,0],"0.4":[0,0,0]}},"idle":{"scale":{"0.2":[0.95,0.95,0.925],"0.24":[1,1,1]}},"activated":{"scale":{"0.24":[1,1,1],"0.36":[0.9,0.975,0.9]}}}},"animation.hive.hub.arcade.pressureplate.reset.hold":{"loop":"hold_on_last_frame","bones":{"activated":{"scale":0}}}}}