{"format_version":"1.8.0","animations":{"animation.hive.hub.arcade.securitybot.spawn":{"loop":"hold_on_last_frame","animation_length":0.96,"bones":{"root":{"scale":{"0.0":[0,1,0],"0.04":[0.0357,1,0.0357],"0.12":[0.0714,1,0.0714],"0.16":[0.1896,1,0.1896],"0.4":[0.6623,1,0.6623],"0.56":[0.8874,1,0.8874],"0.76":[0.9719,1,0.9719],"0.96":[1,1,1]}}}},"animation.hive.hub.arcade.securitybot.reset":{"loop":"hold_on_last_frame","bones":{"hand2":{"scale":0},"hand":{"scale":0}}},"animation.hive.hub.arcade.securitybot.halt":{"loop":"hold_on_last_frame","animation_length":2.76,"bones":{"root":{"rotation":{"0.0":[0,0,0],"0.04":[0,1.5,0],"0.12":[0,22.88,0],"0.2":[0,30,0],"0.32":[0,30,0],"2.32":[0,30,0],"2.4":[0,24.67,0],"2.44":[0,3.33,0],"2.52":[0,0,0]}},"wheel":{"rotation":{"0.6":[0,0,0],"0.68":[1.67,0,0],"0.72":[5,0,0],"0.84":[30,0,0],"0.92":[29.25,0,0],"2.32":[29.25,0,0],"2.48":[0,0,0]}},"waist":{"rotation":{"0.6":[0,0,0],"0.68":[0,-0.56,0],"0.72":[0,-1.67,0],"0.84":[0,-10,0],"0.92":[0,-8.75,0],"2.32":[0,-8.75,0],"2.4":[0,-4.37,0],"2.44":[0,-1.09,0],"2.56":[0,0,0]},"position":{"0.6":[0,0,0],"0.68":[0,0,-0.11],"0.72":[0,0,-0.33],"0.84":[0,0,-2],"2.32":[0,0,-2],"2.4":[0,0,-1],"2.44":[0,0,-0.25],"2.56":[0,0,0]}},"body":{"position":{"0.0":[0,0,0],"0.12":[0,-0.525,0],"0.2":[0,-0.15,0],"0.4":[0,-0.195,0],"1.04":[0,-0.19,0],"1.16":[0,-0.08,0],"1.28":[0,-0.04,0],"1.56":[0,-0.04,0],"1.68":[0,-0.225,0],"1.8":[0,-0.175,0],"2.32":[0,-0.17,0],"2.48":[0,0,0]}},"leftEyebrow":{"position":{"0.0":[0,0,0],"0.04":[0,-1,0],"0.12":[0,0.7,0],"0.2":[0,0.6125,0],"0.68":[0,0.6125,0],"0.8":[0,-0.575,0],"0.92":[0,-0.5,0],"1.0":[0,-0.5,0],"1.12":[0,-0.25,0],"1.2":[0,-0.2,0],"1.48":[0,-0.2,0],"1.56":[0,-0.55,0],"1.68":[0,-0.5,0],"2.36":[0,-0.5,0],"2.48":[0,0.05,0],"2.64":[0,0,0]}},"rightEyebrow":{"position":{"0.0":[0,0,0],"0.04":[0,-1,0],"0.12":[0,2,0],"0.2":[0,1.75,0],"0.68":[0,1.75,0],"0.8":[0,-0.575,0],"0.92":[0,-0.5,0],"1.0":[0,-0.5,0],"1.12":[0,-0.25,0],"1.2":[0,-0.2,0],"1.48":[0,-0.2,0],"1.56":[0,-0.55,0],"1.68":[0,-0.5,0],"2.36":[0,-0.5,0],"2.48":[0,0.05,0],"2.64":[0,0,0]}},"leftArm":{"rotation":{"0.04":[0,0,0],"0.12":[22.5,0,0],"0.2":[30,0,0],"0.72":[30,0,0],"0.88":[70,0,0],"2.24":[70,0,0],"2.32":[70,0,0],"2.48":[0,0,0],"2.6":[-1.75,0,0],"2.76":[0,0,0]},"position":{"0.04":[0,0,0],"0.72":[0,0,0],"0.88":[0,0,1],"2.24":[0,0,1],"2.32":[0,0,1],"2.48":[0,0,0]}},"hand":{"scale":{"0.72":[0,0,0],"2.48":[0,0,0]}},"rightArm":{"rotation":{"0.0":[0,0,0],"0.68":[0,0,0],"0.76":[-9.16667,1.04167,0],"0.8":[-27.5,3.125,0],"0.84":[-68.49567,9.68607,1.67191],"0.88":[-110,12.5,0],"0.96":[-109,12.5,0],"1.08":[-110,12.5,0],"2.24":[-110,12.5,0],"2.36":[-102.5,12.5,0],"2.48":[2,0,0],"2.6":[-1.25,0,0],"2.76":[0,0,0]},"position":{"0.68":[0,0,0],"0.76":[0.04167,0,-0.33333],"0.8":[0.125,0,-1],"0.88":[0.5,0,-4],"0.96":[0.5,0,-3.5],"1.08":[0.5,0,-3.75],"2.24":[0.5,0,-3.75],"2.36":[0.5,0,-3.75],"2.48":[0,0,0]}},"bone2":{"rotation":{"0.68":[0,0,0],"0.76":[7.5,0,0],"0.8":[22.5,0,0],"0.88":[90,0,0],"2.24":[90,0,0],"2.36":[75,0,0],"2.4":[27.5,0,0],"2.48":[0,0,0]},"position":{"0.68":[0,0,0],"2.24":[0,0,0]}},"hand2":{"rotation":{"0.84":[50,0,0],"0.92":[0,0,0],"1.04":[0,0,0],"2.36":[0,0,0],"2.4":[32.5,0,0]},"position":{"0.0":[0,-1,0],"0.84":[0,-1,0],"0.88":[0,-3,2],"0.92":[0,0,0],"2.36":[0,0,0],"2.4":[0,-2,1.5],"2.48":[0,0,0]},"scale":{"0.0":[0,0,0],"0.8":[0,0,0],"0.84":[1.3,1.1,0.5],"0.88":[1.4,1.4,1],"0.92":[1,1,1],"2.36":[1,1,1],"2.4":[1,1.5,1],"2.44":[0.5,1,1],"2.48":[0,0,0]}},"eyes":{"position":{"0.0":[0,0,0],"0.16":[-0.5,0,0],"0.68":[-0.5,0,0],"0.8":[-0.33,0,0],"2.4":[-0.33,0,0],"2.44":[0,0,0]},"scale":{"1.48":[1,1,1],"1.6":[1.0175,0.835,1],"2.4":[1.0175,0.835,1],"2.44":[1,1,1]}},"arms":{"position":{"0.0":[0,0,0],"0.04":[0,0.12,0],"0.16":[0,-0.475,0],"0.32":[0,0.125,0],"0.4":[0,0,0],"1.48":[0,0,0],"1.6":[0,-0.55,0],"1.72":[0,-0.375,0],"1.84":[0,-0.42,0],"2.36":[0,-0.42,0],"2.48":[0,0,0]}}},"sound_effects":{"0.0":{"effect":"securitybot"}}},"animation.hive.hub.arcade.securitybot.idle":{"loop":true,"animation_length":0.24,"bones":{"body":{"position":{"0.0":[0,0,0],"0.08":[0,-0.03656,0],"0.16":[0,0.02194,0],"0.24":[0,0,0]}},"arms":{"position":{"0.0":[0,0,0],"0.08":[0,-0.03839,0],"0.16":[0,0.02303,0],"0.24":[0,0,0]}}}},"animation.hive.hub.arcade.securitybot.face.left":{"animation_length":7.04,"bones":{"eyes":{"position":{"0.08":[0,0,0],"0.16":[0.25,0,0],"1.12":[0.25,0,0],"1.24":[0.2,0,0],"2.8":[0.2,0,0],"2.88":[0.2,0,0],"3.0":[0,0,0],"7.04":[0,0,0]},"scale":{"0.0":[1,1,1],"0.08":[1,0.5,1],"0.12":[1,0.1,1],"0.2":[1,1.1,1],"0.28":[1,1,1],"2.8":[1,1,1],"2.88":[1,0.5,1],"2.92":[1,0.1,1],"3.0":[1,1.1,1],"3.08":[1,1,1]}}}},"animation.hive.hub.arcade.securitybot.face.right":{"animation_length":10.12,"bones":{"eyes":{"position":{"0.08":[0,0,0],"0.16":[-0.25,0,0],"1.48":[-0.25,0,0],"1.6":[-0.2,0,0],"2.96":[-0.2,0,0],"3.04":[-0.2,0,0],"3.16":[0,0,0],"5.76":[0,0,0],"5.84":[-0.12,0,0],"5.92":[-0.2,0,0],"7.16":[-0.2,0,0],"7.24":[0.025,0,0],"7.36":[0,0,0],"10.12":[0,0,0]},"scale":{"0.0":[1,1,1],"0.08":[1,0.5,1],"0.12":[1,0.1,1],"0.2":[1,1.1,1],"0.28":[1,1,1],"2.96":[1,1,1],"3.04":[1,0.5,1],"3.08":[1,0.1,1],"3.16":[1,1.1,1],"3.24":[1,1,1]}}}}}}