{"format_version":"1.8.0","animations":{"animation.hive.hub.arcade.speakers.play":{"loop":true,"animation_length":0.48,"bones":{"tweeter":{"scale":{"0.0":[1,1,1],"0.08":[0.9825,0.9825,0.9825],"0.16":[0.965,0.965,0.965],"0.24":[1.0075,1.0075,1.0075],"0.32":[0.975,0.975,0.975],"0.4":[1,1,1]}},"sub":{"scale":{"0.0":[1,1,1],"0.08":[0.9475,0.9475,0.9475],"0.16":[0.93,0.93,0.93],"0.24":[1.075,1.075,1.075],"0.32":[0.975,0.975,0.975],"0.4":[1,1,1]}},"speakers":{"scale":{"0.0":[1,1,1],"0.16":[1,1,0.96],"0.24":[1,1,1.01],"0.32":[1,1,0.9933],"0.44":[1,1,1]}}}}}}