{"format_version":"1.8.0","animations":{"animation.hive.hub.arcade.text.idle":{"loop":true,"bones":{"bone":{"position":[0,0,-1.5]},"A":{"rotation":[-4.99917,-2.27268,-2.29171],"scale":1.1},"R":{"rotation":[2.50238,-2.49762,2.39088],"scale":0.94},"C":{"rotation":[-2.46666,-2.23609,-2.40633],"position":[-0.25,0,0]},"E":{"rotation":[-0.05653,9.732,3.59621],"position":[0.5,0,0],"scale":1.1},"D":{"rotation":[-0.00706,2.4786,-2.82652],"position":[0,0,0.5]},"A2":{"rotation":[-2.62275,2.98994,2.62863],"scale":1.06}}},"animation.hive.hub.arcade.text.move":{"loop":true,"bones":{"A":{"rotation":["math.cos(query.anim_time * 80) * 1","math.sin(query.anim_time * 120) * 1","math.sin(query.anim_time * 70) * 2"]},"R":{"rotation":["math.sin(query.anim_time * 70) * 1","math.cos(query.anim_time * 60) * 1","math.sin(query.anim_time * 100) * 2 * -1"]},"C":{"rotation":["math.cos(query.anim_time * 50) * 2","math.sin(query.anim_time * 120) * 1","math.cos(query.anim_time * 100) * 1"]},"E":{"rotation":["math.sin(query.anim_time * 65) * 1","math.cos(query.anim_time * 120) * 1 * -1","math.sin(query.anim_time * 85) * 2"]},"D":{"rotation":["math.sin(query.anim_time * 80) * 2","math.sin(query.anim_time * 90) * 1","math.cos(query.anim_time * 120) * 1"]},"A2":{"rotation":["math.cos(query.anim_time * 60) * 1","math.cos(query.anim_time * 120) * 1","math.sin(query.anim_time * 40) * 2 * -1"]}}}}}