{"format_version":"1.8.0","animations":{"animation.hive.hats.endolotl.buddy.idle":{"loop":true,"bones":{"hiveHat":{"position":[0,3,0]},"axolotlHead":{"rotation":["-math.cos(query.life_time * 91) * 4",0,0]},"axolotlTail":{"rotation":["-math.cos(query.life_time * 82) * 10 ",0,0]},"axolotlRightLeg":{"rotation":[0,"-math.cos(query.life_time * 22) * 11","math.cos(query.life_time * 92) * 10"]},"axolotlLeftLeg":{"rotation":[0,"math.cos(query.life_time * 22) * 11","-math.cos(query.life_time * 92) * 10"]},"axolotlRightLeg2":{"rotation":[0,"-math.cos(query.life_time * 24) * 7","math.cos(query.life_time * 92) * 10"]},"axolotlLeftLeg2":{"rotation":[0,"math.cos(query.life_time * 24) * 7","-math.cos(query.life_time * 92) * 10"]},"rotate":{"rotation":["-math.cos(query.life_time * 82) * 5 ",0,0],"position":[0,"math.cos(query.life_time * 80) * 1",0]}}},"animation.hive.hats.endolotl.buddy.eyes":{"loop":true,"animation_length":14.96,"bones":{"axolotlHead":{"scale":{"0.08":[1,1,1],"0.24":[1,0.94,1],"0.32":[1,0.976,1],"0.48":[1,1,1],"5.28":[1,1,1],"5.44":[1,0.94,1],"5.52":[1,0.976,1],"5.68":[1,1,1],"12.32":[1,1,1],"12.48":[1,0.94,1],"12.56":[1,0.976,1],"12.72":[1,1,1]}},"axolotlRightEye":{"scale":{"0.0":[1,1,1],"0.08":[1.0275,0.9358,1],"0.12":[1.0825,0.8075,1],"0.2":[1.76,0.3875,1],"0.24":[2.025,0.03,1],"0.28":[1.045,0.55,1],"0.36":[0.9475,1.0775,1],"0.44":[1.0525,0.9775,1],"0.56":[1,1,1],"5.12":[1,1,1],"5.2":[1.0275,0.9358,1],"5.24":[1.0825,0.8075,1],"5.32":[1.76,0.3875,1],"5.36":[2.025,0.03,1],"5.4":[1.045,0.55,1],"5.48":[0.9475,1.0775,1],"5.56":[1.0525,0.9775,1],"5.68":[1,1,1],"12.2":[1,1,1],"12.28":[1.0275,0.9358,1],"12.32":[1.0825,0.8075,1],"12.4":[1.76,0.3875,1],"12.44":[2.025,0.03,1],"12.48":[1.045,0.55,1],"12.56":[0.9475,1.0775,1],"12.64":[1.0525,0.9775,1],"12.76":[1,1,1],"14.96":[1,1,1]}},"axolotlLeftEye":{"scale":{"0.04":[1,1,1],"0.12":[1.0275,0.9358,1],"0.16":[1.0825,0.8075,1],"0.24":[1.76,0.3875,1],"0.28":[2.025,0.03,1],"0.32":[1.045,0.55,1],"0.4":[0.9475,1.0775,1],"0.48":[1.0525,0.9775,1],"0.6":[1,1,1],"5.16":[1,1,1],"5.24":[1.0275,0.9358,1],"5.28":[1.0825,0.8075,1],"5.36":[1.76,0.3875,1],"5.4":[2.025,0.03,1],"5.44":[1.045,0.55,1],"5.52":[0.9475,1.0775,1],"5.6":[1.0525,0.9775,1],"5.72":[1,1,1],"12.16":[1,1,1],"12.24":[1.0275,0.9358,1],"12.28":[1.0825,0.8075,1],"12.36":[1.76,0.3875,1],"12.4":[2.025,0.03,1],"12.44":[1.045,0.55,1],"12.52":[0.9475,1.0775,1],"12.6":[1.0525,0.9775,1],"12.72":[1,1,1],"14.96":[1,1,1]}}}}}}