{"format_version":"1.8.0","animations":{"animation.hive.hats.flower.crown.idle":{"loop":true,"bones":{"flower1":{"rotation":["math.cos(query.anim_time * 40) * 2 + 2",0,"math.cos(query.anim_time * 52) * 6 + 5"]},"flower2":{"rotation":["math.cos(query.anim_time * 40) * 5 + 5",0,0]},"flower3":{"rotation":["math.cos(query.anim_time * 30) * 6",0,0]},"flower4":{"rotation":["math.cos(query.anim_time * 60) * 2 + 2","math.cos(query.anim_time * 40) * 5 + 5",0]},"flower5":{"rotation":[0,0,"math.cos(query.anim_time * 50) * 3 + 3"]},"flower6":{"rotation":["math.cos(query.anim_time * 20) * -5 - 5",0,0]},"flower7":{"rotation":[0,0,"math.cos(query.anim_time * 30) * -5 - 5"]}}}}}