{"format_version":"1.8.0","animations":{"animation.hive.pets.babydragon.spawn":{"loop":"hold_on_last_frame","animation_length":3.96,"bones":{"root":{"rotation":{"0.0":[0,-9.29,0],"0.32":[0,0,0]}},"body":{"rotation":{"0.0":[0,0,-271.25],"0.24":[0,0,-340.28],"0.32":[0,0,-350.14],"0.56":[0,0,-360]},"scale":{"0.0":[0.05,0.05,0.1333],"0.24":[0.8611,0.8611,0.9074],"0.56":[1,1,1]}},"head":{"rotation":{"0.0":[-3.5,0,0],"0.2":[3.25,0,0],"0.36":[12.25,0,0],"1.36":[0,0,0]},"position":{"0.0":[0,0,0],"0.36":[0,0,0]}},"eyebrows":{"position":{"0.0":[0,-1.42,0],"0.12":[0,-1.42,0],"0.36":[0,-1.82,0],"0.76":[0,0,0]}},"mouthLower":{"rotation":{"0.0":[6.33,0,0],"0.12":[0,0,0],"0.48":[0,0,0],"1.36":[9.75,0,0],"2.36":[0,0,0]}},"mass":{"rotation":{"0.0":[56.5,0,0],"0.32":[56.5,0,0],"0.36":[45.2,0,0],"0.48":[15.07,0,0],"0.56":[6.03,0,0],"0.68":[1.72,0,0],"0.8":[0,0,0]},"position":{"0.0":[0,-2.15,5.85],"0.32":[0,-2.15,5.85],"0.36":[0,-1.72,4.68],"0.48":[0,-0.57,1.56],"0.56":[0,-0.23,0.62],"0.68":[0,-0.07,0.18],"0.8":[0,0,0]}},"wingRight":{"rotation":{"0.0":[-40,40,0],"0.36":[0,0,0],"0.56":[0,-35,0],"0.68":[0,8.79,0],"0.8":[0,-35,0],"1.0":[0,8.79,0],"1.24":[0,-35,0],"1.56":[0,8.79,0],"2.0":[0,0,0]},"scale":{"0.36":[1,1,1],"0.56":[1,1.3,1.2],"0.8":[1,1,1]}},"wingLeft":{"rotation":{"0.0":[-40,-40,0],"0.44":[0,0,0],"0.64":[0,35,0],"0.76":[0,-8.79,0],"0.88":[0,35,0],"1.04":[0,-8.79,0],"1.32":[0,35,0],"1.6":[0,-8.79,0],"2.04":[0,0,0]},"scale":{"0.36":[1,1,1],"0.56":[1,1.3,1.2],"0.8":[1,1,1]}},"tail":{"rotation":{"0.0":[-37.5,0,0],"0.56":[0,0,0]}},"armRight":{"rotation":{"0.0":[0,-87.5,-30],"0.48":[0,0,0],"1.04":[-10,0,0],"1.44":[-14.25,0,0],"2.36":[0,0,0]},"position":{"0.0":[1,0,-3],"0.48":[0,0,0]}},"armLeft":{"rotation":{"0.0":[0,87.5,30],"0.64":[0,0,0],"1.16":[-10,0,0],"1.56":[-14.25,0,0],"2.36":[0,0,0]},"position":{"0.0":[-1,0,-3],"0.64":[0,0,0]}},"legRight":{"rotation":{"0.0":[0,0,0],"0.36":[25,0,0],"1.12":[-20,0,0],"1.56":[-25,0,0],"2.24":[-0.25,0,0],"2.4":[2.45,0,0],"2.68":[4.25,0,0],"2.92":[3.31,0,0],"3.28":[1.32,0,0],"3.96":[0,0,0]}},"legLeft":{"rotation":{"0.0":[0,0,0],"0.48":[25,0,0],"1.24":[-20,0,0],"1.68":[-25,0,0],"2.36":[-0.25,0,0],"2.56":[2.45,0,0],"2.8":[4.25,0,0],"3.04":[3.31,0,0],"3.4":[1.32,0,0],"3.96":[0,0,0]}},"fly":{"rotation":{"0.0":[-613.06,0,0],"0.32":[-704.01,0,0],"0.56":[-724.8,0,0],"0.76":[-728.7,0,0],"0.88":[-729.57,0,0],"1.0":[-729.86,0,0],"1.16":[-730,0,0],"1.48":[-728.57,0,0],"1.8":[-725.14,0,0],"2.12":[-722.06,0,0],"2.48":[-721.03,0,0],"2.96":[-720.34,0,0],"3.52":[-720,0,0]},"position":{"0.0":[0,4.45,0],"0.32":[0,2.02,0],"0.92":[0,0.58,0],"1.48":[0,0.11,0],"2.12":[0,0,0]}}}},"animation.hive.pets.babydragon.despawn":{"loop":"hold_on_last_frame","animation_length":0.76,"bones":{"root":{"rotation":{"0.0":[0,0,0],"0.08":[0,2.71,0],"0.24":[0,18.95,0],"0.36":[0,41.96,0],"0.56":[0,99.48,0],"0.76":[0,180,0]},"scale":{"0.0":[1,1,1],"0.28":[0.7125,0.7142,0.7193],"0.52":[0.3563,0.3571,0.3597],"0.64":[0.1,0.1,0.1],"0.76":[0,0,0]}}}},"animation.hive.pets.babydragon.statechange":{"loop":"hold_on_last_frame","animation_length":0.56,"bones":{"body":{"position":{"0.0":[0,0,0],"0.08":[0,-0.75,0],"0.24":[0,0.55,0],"0.36":[0,0.22,0],"0.44":[0,0.06,0],"0.52":[0,0,0]},"scale":{"0.0":[1,1,1],"0.08":[1.2,0.7,1.2],"0.2":[1.012,1.02,1.04],"0.24":[0.9885,1.06,1.02],"0.28":[0.9768,1.08,1.01],"0.36":[0.965,1.1,1],"0.44":[0.979,1.06,1],"0.48":[1.0175,0.975,1],"0.56":[1,1,1]}}}},"animation.hive.pets.babydragon.idle.fly":{"anim_time_update":"(1.0 + (query.modified_move_speed * 0.05)) * (query.delta_time + query.anim_time)","loop":true,"animation_length":0.44,"bones":{"body":{"position":{"0.0":[0,0,0],"0.16":[0,0.21,0],"0.2":[0,0.24,0],"0.28":[0,0.275,0],"0.4":[0,0.05,0],"0.44":[0,0,0]}},"wingRight":{"rotation":{"0.0":[-20,-17.5,0],"0.04":[-20,-11.25,0],"0.12":[-20,25.21,0],"0.2":[-20,32.5,0],"0.24":[-20,28.89,0],"0.36":[-20,-8.22,0],"0.44":[-20,-17.5,0]},"scale":{"0.0":[1,1,1],"0.16":[1,1,0.8],"0.36":[1,1,1]}},"wingLeft":{"rotation":{"0.0":[-20,17.5,0],"0.04":[-20,11.25,0],"0.12":[-20,-25.21,0],"0.2":[-20,-32.5,0],"0.24":[-20,-28.89,0],"0.36":[-20,8.22,0],"0.44":[-20,17.5,0]},"scale":{"0.0":[1,1,1],"0.16":[1,1,0.8],"0.36":[1,1,1]}},"tail":{"rotation":{"0.0":[0,0,0],"0.2":[-2.25,0,0],"0.32":[-0.75,0,0],"0.44":[0,0,0]}},"tailMid":{"rotation":{"0.0":[0,0,0],"0.2":[-2.25,0,0],"0.32":[-0.75,0,0],"0.44":[0,0,0]}},"tailEnd":{"rotation":{"0.0":[0,0,0],"0.2":[-4.5,0,0],"0.32":[-1.5,0,0],"0.44":[0,0,0]}},"armRight":{"rotation":{"0.0":[0,0,0],"0.16":[0,0,-2.7625],"0.32":[0,0,-0.8125],"0.4":[0,0,0]}},"armLeft":{"rotation":{"0.0":[0,0,0],"0.16":[0,0,2.7625],"0.28":[0,0,0.8125],"0.4":[0,0,0]}},"legRight":{"rotation":{"0.0":[0,0,0],"0.16":[2.25,0,0],"0.28":[0.564,0,0],"0.4":[0,0,0]}},"legLeft":{"rotation":{"0.0":[0,0,0],"0.2":[2.25,0,0],"0.32":[0.564,0,0],"0.4":[0,0,0]}},"head":{"rotation":{"0.0":[0,0,0],"0.08":[0.42,0,0],"0.16":[1.25,0,0],"0.44":[0,0,0]}}}},"animation.hive.pets.babydragon.idle.float":{"loop":true,"animation_length":2.84,"bones":{"body":{"rotation":{"0.0":[28.5,0,0],"0.16":[29.1,0,0],"0.28":[29.35,0,0],"0.44":[29.35,0,0],"0.56":[28.86,0,0],"0.76":[27.465,0,0],"1.24":[23.23,0,0],"1.44":[21.82,0,0],"1.56":[21.255,0,0],"1.68":[20.98,0,0],"1.84":[21.4,0,0],"2.0":[22.465,0,0],"2.6":[27.41,0,0],"2.84":[28.5,0,0]},"position":[0,"math.cos(query.life_time * 100) * 2 + 2",0]},"tail":{"rotation":{"0.0":[0,0,0],"0.72":[-5,0,0],"1.6":[-0.5,0,0],"2.84":[0,0,0]}},"legRight":{"rotation":{"0.0":[11.88,0,0],"0.16":[12.8304,0,0],"0.28":[13.2264,0,0],"0.44":[13.2264,0,0],"0.56":[12.45024,0,0],"0.76":[10.24056,0,0],"1.24":[3.53232,0,0],"1.44":[1.29888,0,0],"1.56":[0.83952,0,0],"1.68":[0.56232,0,0],"1.84":[0.792,0,0],"2.0":[2.32056,0,0],"2.6":[10.15344,0,0],"2.84":[11.88,0,0]}},"head":{"rotation":{"0.0":[-18.88,0,0],"0.16":[-19.8304,0,0],"0.28":[-20.2264,0,0],"0.44":[-20.2264,0,0],"0.56":[-19.45024,0,0],"0.76":[-17.24056,0,0],"1.24":[-10.53232,0,0],"1.44":[-8.29888,0,0],"1.6":[-7.54,0,0],"1.72":[-7.16232,0,0],"1.84":[-7.792,0,0],"2.0":[-9.32056,0,0],"2.6":[-17.15344,0,0],"2.84":[-18.88,0,0]}},"mouthLower":{"rotation":{"0.0":[7.5,0,0],"0.12":[7.32,0,0],"0.24":[6.95,0,0],"0.84":[0,0,0],"2.0":[0,0,0],"2.64":[7.14,0,0],"2.72":[7.38,0,0],"2.84":[7.5,0,0]}},"arms":{"position":{"0.0":[0,0,0],"0.12":[0,-0.015,0],"0.2":[0,-0.039,0],"0.72":[0,-0.42,0],"0.92":[0,-0.522,0],"1.16":[0,-0.579,0],"1.36":[0,-0.6,0],"1.52":[0,-0.588,0],"1.72":[0,-0.5265,0],"1.96":[0,-0.339,0],"2.16":[0,-0.186,0],"2.32":[0,-0.099,0],"2.44":[0,-0.039,0],"2.6":[0,-0.012,0],"2.72":[0,-0.003,0],"2.84":[0,0,0]}}}},"animation.hive.pets.babydragon.face.blink":{"loop":"hold_on_last_frame","animation_length":0.64,"bones":{"head":{"scale":{"0.2":[1,1,1],"0.32":[1,0.975,1],"0.4":[1,0.9967,1],"0.48":[1,1.0075,1],"0.64":[1,1,1]}},"eyes":{"position":{"0.08":[0,0,0],"0.16":[0,-0.03,0],"0.2":[0,-0.17,0],"0.24":[0,-0.3,0],"0.28":[0,-0.3,0],"0.36":[0,0.01,0],"0.48":[0,0,0]}},"eyebrowRight":{"position":{"0.0":[0,0,0],"0.08":[0,-0.04,0],"0.12":[0,-0.08,0],"0.16":[0,-0.15,0],"0.2":[0,-0.925,0],"0.28":[0,-3.08,0],"0.36":[0,0.2,0],"0.48":[0,-0.075,0],"0.6":[0,0,0]},"scale":{"0.16":[1,1,1],"0.28":[1,1.575,1],"0.36":[1,1,1]}},"eyebrowLeft":{"position":{"0.0":[0,0,0],"0.08":[0,-0.04,0],"0.12":[0,-0.08,0],"0.16":[0,-0.15,0],"0.2":[0,-0.925,0],"0.28":[0,-3.08,0],"0.4":[0,0.2,0],"0.52":[0,-0.075,0],"0.64":[0,0,0]},"scale":{"0.16":[1,1,1],"0.28":[1,1.575,1],"0.4":[1,1,1]}}}},"animation.hive.pets.babydragon.face.look.left":{"loop":"hold_on_last_frame","animation_length":4.4,"bones":{"root":{"rotation":{"0.0":[0,0,0],"0.12":[0,1.22,0],"0.28":[0,4.07,0],"0.52":[0,5.5,0],"3.64":[0,5.5,0],"3.76":[0,4.5,0],"3.88":[0,2,0],"4.12":[0,0.5,0],"4.4":[0,0,0]}},"head":{"rotation":{"0.0":[0,0,0],"0.12":[0.81,0.88,0],"0.2":[3.25,3.5,0],"0.32":[0.75,12.75,0],"0.48":[0.19,14.25,0],"0.72":[0,14.75,0],"1.56":[0,14.75,0],"1.64":[0,16.18,0],"1.76":[0,20.275,0],"1.92":[0,20.76,0],"2.16":[0,21.125,0],"3.56":[0,21.125,0],"3.64":[0,20.54,0],"3.76":[0,14.44,0],"3.96":[0,-1,0],"4.04":[0,-0.33,0],"4.16":[0,0,0]}},"eyes":{"position":{"2.56":[0,0,0],"2.64":[-0.049,0,0],"2.72":[-0.0805,0,0],"2.88":[-0.09625,0,0],"3.64":[-0.098,0,0],"3.72":[-0.1505,0,0],"3.8":[0,0,0]}},"eyebrows":{"position":{"0.0":[0,0,0],"0.12":[0,-0.425,0],"0.24":[0,-2.855,0],"0.32":[0,0,0],"3.64":[0,0,0],"3.76":[0,-0.425,0],"3.88":[0,-2.73,0],"4.04":[0,0,0]},"scale":{"0.12":[1,1,1],"0.24":[1,1.5,1],"0.32":[1,1,1],"3.64":[1,1,1],"3.76":[1,1,1],"3.88":[1,1.2775,1],"4.04":[1,1,1]}},"eyebrowRight":{"position":{"0.24":[0,0,0],"0.32":[0,1.2,0],"0.48":[0,1.05,0],"1.56":[0,1.05,0],"1.68":[0,0.95,0],"1.8":[0,0.82,0],"1.96":[0,0.725,0],"3.84":[0,0.73,0],"3.96":[0,0,0]}},"eyebrowLeft":{"position":{"0.24":[0,0,0],"0.32":[0,-0.55,0],"1.56":[0,-0.55,0],"1.68":[0,0.03,0],"1.8":[0,0.27,0],"1.96":[0,0.425,0],"3.84":[0,0.43,0],"3.96":[0,0,0]}},"mouthLower":{"rotation":{"0.2":[0,0,0],"0.36":[8.75,0,0],"0.48":[5.25,0,0],"1.56":[5.25,0,0],"1.68":[2.1,0,0],"1.88":[0,0,0]}},"pupil":{"position":{"0.2":[0,0,0],"0.32":[-0.35875,0,0],"1.56":[-0.357,0,0],"1.68":[-0.4375,0,0],"1.8":[-0.4795,0,0],"3.84":[-0.4795,0,0],"3.96":[0,0,0]}}}},"animation.hive.pets.babydragon.face.look.right":{"loop":"hold_on_last_frame","animation_length":4.4,"bones":{"root":{"rotation":{"0.0":[0,0,0],"0.12":[0,-1.22,0],"0.28":[0,-4.07,0],"0.52":[0,-5.5,0],"3.64":[0,-5.5,0],"3.76":[0,-4.5,0],"3.88":[0,-2,0],"4.12":[0,-0.5,0],"4.4":[0,0,0]}},"head":{"rotation":{"0.0":[0,0,0],"0.12":[0.81,-0.88,0],"0.2":[3.25,-3.5,0],"0.32":[0.75,-12.75,0],"0.48":[0.19,-14.25,0],"0.72":[0,-14.75,0],"1.56":[0,-14.75,0],"1.64":[0,-16.18,0],"1.76":[0,-20.275,0],"1.92":[0,-20.76,0],"2.16":[0,-21.125,0],"3.56":[0,-21.125,0],"3.64":[0,-20.54,0],"3.76":[0,-14.44,0],"3.96":[0,1,0],"4.04":[0,0.33,0],"4.16":[0,0,0]}},"eyes":{"position":{"2.56":[0,0,0],"2.64":[0.056,0,0],"2.72":[0.092,0,0],"2.88":[0.11,0,0],"3.64":[0.112,0,0],"3.72":[0.172,0,0],"3.8":[0,0,0]}},"eyebrows":{"position":{"0.0":[0,0,0],"0.12":[0,-0.425,0],"0.24":[0,-2.855,0],"0.32":[0,0,0],"3.64":[0,0,0],"3.76":[0,-0.425,0],"3.88":[0,-2.53,0],"4.04":[0,0,0]},"scale":{"0.12":[1,1,1],"0.24":[1,1.5,1],"0.32":[1,1,1],"3.64":[1,1,1],"3.76":[1,1,1],"3.88":[1,1.155,1],"4.04":[1,1,1]}},"eyebrowRight":{"position":{"0.24":[0,0,0],"0.32":[0,-0.55,0],"1.56":[0,-0.55,0],"1.68":[0,0.03,0],"1.8":[0,0.27,0],"1.96":[0,0.425,0],"3.84":[0,0.43,0],"3.96":[0,0,0]}},"eyebrowLeft":{"position":{"0.24":[0,0,0],"0.32":[0,1.2,0],"0.48":[0,1.05,0],"1.56":[0,1.05,0],"1.68":[0,0.95,0],"1.8":[0,0.82,0],"1.96":[0,0.725,0],"3.84":[0,0.73,0],"3.96":[0,0,0]}},"mouthLower":{"rotation":{"0.2":[0,0,0],"0.36":[8.75,0,0],"0.48":[5.25,0,0],"1.56":[5.25,0,0],"1.68":[2.1,0,0],"1.88":[0,0,0]}},"pupil2":{"position":{"0.2":[0,0,0],"0.32":[0.35875,0,0],"1.56":[0.357,0,0],"1.68":[0.4375,0,0],"1.8":[0.4795,0,0],"3.84":[0.4795,0,0],"3.96":[0,0,0]}}}},"animation.hive.pets.babydragon.sneeze":{"animation_length":5.44,"bones":{"root":{"position":{"1.76":[0,0,0],"1.8":[0,-1.975,-4.835],"1.88":[0,-1.215,-5.85],"1.96":[0,0,-6.275],"3.32":[0,0,-6.27],"3.44":[0,0,-1.34],"3.6":[0,0,0]}},"body":{"position":{"0.0":[0,0,0],"0.08":[0,-0.04,-0.11],"0.12":[0,-0.13,-0.32],"0.2":[0,-0.31,-0.81],"0.24":[0,-0.575,-0.975],"0.28":[0,-0.82,-0.46],"0.32":[0,-0.59,0.91],"0.4":[0,0.045,2.64],"0.44":[0,0.92,3.43],"0.48":[0,1.54,3.725],"0.56":[0,2.05,3.92],"0.64":[0,2.57,4.015],"0.8":[0,2.72,4.04],"0.96":[0,2.76,4.05],"1.12":[0,2.775,4.055],"1.44":[0,2.78,4.06],"1.56":[0,2.77,4.05],"1.64":[0,2.76,4.04],"1.72":[0,2.71,3.99],"1.88":[0,-0.125,-2.05],"2.0":[0,0.06,-1.66],"2.12":[0,0.1,-1.58],"2.24":[0,0.11,-1.55],"2.36":[0,0.12,-1.525],"3.32":[0,0.12,-1.53],"3.52":[0,0,0]}},"head":{"rotation":{"0.0":[0,0,0],"0.2":[0,0,0],"0.44":[3.5,0,0],"1.36":[-1.89,0,2.88],"1.44":[-2.36,0.75,3.13],"1.48":[-2.59,-1.36,3.25],"1.52":[-2.36,0.75,3.13],"1.56":[-2.59,-1.36,3.25],"1.6":[-2.36,0.75,3.13],"1.64":[-2.59,-1.36,3.25],"1.68":[-2.36,0.75,3.13],"1.72":[-2.59,-1.36,3.25],"1.76":[-15,0,4],"1.8":[-22.75,0,4],"1.84":[0,0,0],"2.8":[0,0,0],"2.88":[3,1,0],"2.96":[14.25,4.75,0],"3.0":[18,6,0],"3.08":[18,-11.75,0],"3.16":[18,10.5,0],"3.24":[18,-17.25,0],"3.28":[18,10.5,0],"3.32":[18,-17.25,0],"3.36":[18,10.5,0],"3.4":[18,-17.25,0],"3.44":[18,10.5,0],"3.52":[9.2,2.1,0],"3.64":[7.55,0.52,0],"3.8":[7,0,0],"4.28":[7,0,0],"4.52":[-1.25,0,0],"4.72":[-0.36,0,0],"4.88":[0,0,0]},"scale":{"0.0":[1,1,1],"0.24":[1,1,1],"0.28":[0.9857,0.9857,0.9857],"0.36":[0.8857,0.8857,0.8857],"0.44":[0.8286,0.8286,0.8286],"0.6":[0.8,0.8,0.8],"1.72":[0.7675,0.7825,0.7925],"1.76":[1.0275,0.7725,0.67],"1.88":[1.235,0.73,1.3225],"1.96":[1,1.0325,0.9075],"2.0":[1,1,1],"2.08":[1,1.013,0.963],"2.2":[1,1,1],"4.52":[1,1,1]}},"eyebrowRight":{"rotation":{"1.44":[0,0,0],"1.64":[0,0,6],"1.72":[0,0,21],"1.88":[0,0,21],"1.96":[0,0,6],"2.8":[0,0,6],"3.08":[0,0,-6.5],"4.28":[0,0,-6.5],"4.44":[0,0,-4.64],"4.48":[0,0,0],"4.6":[0,0,-0.18]},"position":{"0.0":[0,0,0],"0.24":[0,-0.475,0],"0.28":[0,-1.245,0],"0.32":[0,-1.65,0],"0.44":[0,0.42,0],"0.76":[0,1.42,0],"1.44":[0,1.8,0],"1.64":[0,1.23,0],"1.72":[0,-0.2,0],"1.76":[0,-0.2,0],"1.88":[0,-1.5,0],"1.96":[0,-0.74812,0],"2.8":[0,-0.74812,0],"2.88":[0,-0.79135,0],"3.08":[0,-0.08312,0],"3.48":[0,0.925,0],"4.28":[0,0.93,0],"4.44":[0,-0.12,0],"4.48":[0,-2.75,0],"4.6":[0,0.2,0],"4.72":[0,0,0]},"scale":{"1.88":[1,1,1],"1.96":[1,1.2,1],"2.8":[1,1.2,1],"4.28":[1,1.2,1],"4.44":[1,1.2821,1],"4.48":[1,1.4875,1],"4.6":[1,1,1]}},"eyebrowLeft":{"rotation":{"1.44":[0,0,0],"1.64":[0,0,-6],"1.72":[0,0,-21],"1.88":[0,0,-21],"1.96":[0,0,-6],"2.8":[0,0,-6],"3.08":[0,0,6.5],"4.28":[0,0,6.5],"4.44":[0,0,4.64],"4.48":[0,0,0],"4.6":[0,0,0.18]},"position":{"0.0":[0,0,0],"0.28":[0,-0.475,0],"0.32":[0,-1.245,0],"0.36":[0,-1.65,0],"0.48":[0,0.42,0],"0.8":[0,1.42,0],"1.44":[0,1.8,0],"1.64":[0,1.23,0],"1.72":[0,-0.2,0],"1.76":[0,-0.2,0],"1.88":[0,-1.5,0],"1.96":[0,-0.7875,0],"2.8":[0,-0.7875,0],"2.88":[0,-0.833,0],"3.08":[0,-0.25,0],"3.48":[0,0.925,0],"4.28":[0,0.93,0],"4.44":[0,-0.12,0],"4.48":[0,-2.75,0],"4.6":[0,0.2,0],"4.72":[0,0,0]},"scale":{"1.88":[1,1,1],"1.96":[1,1.2,1],"2.8":[1,1.2,1],"4.28":[1,1.2,1],"4.44":[1,1.2821,1],"4.48":[1,1.4875,1],"4.6":[1,1,1]}},"mouth":{"rotation":{"0.16":[0,0,0],"0.36":[0,0,6.25],"0.44":[-12,0,14.25],"0.64":[-13.72,0,14.41],"0.8":[-14.41,0,14.47],"1.04":[-14.75,0,14.5],"1.32":[-14.75,0,14.5],"1.36":[-17,0,13],"1.4":[-13.5,3,13],"1.44":[-14.75,0,14.5],"1.48":[-17,0,13],"1.52":[-13.5,3,13],"1.56":[-14.75,0,14.5],"1.6":[-17,0,13],"1.64":[-13.5,3,13],"1.68":[-14.75,0,14.5],"1.72":[-17,0,13],"1.76":[-13.5,3,13],"1.88":[0,0,0]},"scale":{"1.32":[1,1,1],"1.72":[0.8,0.9,0.8],"1.84":[1,2,1.4],"1.88":[2.1,1.45,1.2],"1.92":[0.8,0.9,1],"1.96":[1,1,1]}},"mouthUpper":{"rotation":{"1.4":[0,0,0],"1.72":[-12.5,0,0],"1.84":[-12.5,0,0],"1.88":[0,0,0]}},"mouthLower":{"rotation":{"0.0":[0,0,0],"0.2":[6.25,0,0],"0.28":[34.75,0,0],"0.4":[40,0,0],"0.6":[14.25,0,0],"0.68":[8.25,0,0],"0.76":[11,0,0],"0.84":[9.5,0,0],"0.92":[11,0,0],"1.0":[9.5,0,0],"1.36":[9.5,0,0],"1.72":[0,0,0],"1.8":[0,0,0],"1.84":[12.5,0,0],"1.88":[75,0,0],"1.92":[67.5,0,0],"2.0":[77.5,0,0],"2.08":[62.5,0,0],"2.2":[67.5,0,0],"2.8":[67.5,0,0],"2.88":[54,0,0],"3.04":[0,0,0]},"position":[0,0,0]},"hornRight":{"rotation":{"0.4":[0,0,0],"1.8":[0,0,0],"1.92":[-47.5,0,0],"4.44":[-47.5,0,0],"4.6":[3.25,0,0],"4.72":[0,0,0]}},"hornLeft":{"rotation":{"0.4":[0,0,0],"1.8":[0,0,0],"1.92":[-47.5,0,0],"4.44":[-47.5,0,0],"4.6":[3.25,0,0],"4.72":[0,0,0]}},"mass":{"rotation":{"0.2":[0,0,0],"0.28":[-4.42,0,0],"0.44":[-20.25,0,0],"0.8":[-11.94,0,0],"1.04":[-8.62,0,0],"1.4":[-6.4,0,0],"1.72":[-2.98,0,0],"1.76":[2.27,0,0],"1.8":[49.5,0,0],"1.88":[74.25,0,0],"2.8":[74.25,0,0],"3.04":[70.83,0,0],"3.32":[52,0,0],"3.52":[0,0,0],"3.64":[-5.55,0,0],"3.76":[-7.77,0,0],"3.88":[-8.66,0,0],"4.04":[-9.25,0,0],"4.16":[-9.04,0,0],"4.28":[-8.41,0,0],"4.52":[-2.1,0,0],"4.64":[-1.05,0,0],"4.8":[-0.35,0,0],"5.04":[0,0,0]},"position":{"0.76":[0,0,0],"1.72":[0,0,0],"1.76":[0,-0.24,0.45],"1.8":[0,-2.425,4.5],"1.88":[0,-2.43,6.675],"2.8":[0,-2.43,6.68],"3.04":[0,-2.43,6.44],"3.32":[0,-2.43,5.105],"3.52":[0,0,0]},"scale":{"1.72":[1,1,1],"1.84":[0.6,0.7,1],"1.88":[1,1,1],"1.96":[1,1.17,1],"2.04":[1,0.9675,1],"2.12":[1,1,1],"2.8":[1,1,1],"3.52":[1,1,1]}},"wingRight":{"rotation":{"0.12":[0,0,0],"0.4":[0,-27.5,0],"1.0":[0,-14.46,0],"1.36":[0,-9.64,0],"1.6":[0,-7.5,0],"1.76":[0,-7.5,0],"1.84":[-65,20,0],"2.8":[-65,20,0],"3.32":[-52,16,0],"3.52":[0,0,0]},"scale":{"0.12":[1,1,1],"0.4":[1,0.8,1],"0.68":[1,1,1],"2.8":[1,1,1],"3.32":[1,1,1],"3.52":[1,1,1]}},"tail":{"rotation":{"0.2":[0,0,0],"0.32":[24,0,0],"0.52":[8.82,0,0],"0.68":[2.75,0,0],"0.92":[5.3,0,0],"1.16":[6.57,0,0],"1.44":[7,0,0],"1.76":[7,0,0],"1.84":[-45.5,0,0],"2.0":[-38.5,0,0],"2.08":[-44.25,0,0],"2.2":[-41.25,0,0],"2.32":[-43.5,0,0],"2.44":[-42,0,0],"3.04":[-42,0,0],"3.16":[-38.5,0,0],"3.24":[-35,0,0],"3.52":[0,0,0],"3.88":[-4,0,0],"4.12":[-5,0,0],"4.28":[-5,0,0],"4.6":[0,0,0]},"position":{"1.76":[0,0,0],"1.84":[0,-4,0.575],"3.04":[0,-4,0.58],"3.16":[0,-3.66,0.53],"3.24":[0,-3.33,0.48],"3.52":[0,0,0],"4.6":[0,0,0]}},"tailMid":{"rotation":{"0.28":[0,0,0],"0.4":[24,0,0],"0.6":[8.82,0,0],"0.76":[2.75,0,0],"1.0":[5.3,0,0],"1.24":[6.57,0,0],"1.52":[7,0,0],"1.76":[7,0,0],"1.84":[-12.5,0,0],"3.24":[-12.5,0,0],"3.64":[0,0,0],"4.0":[-4,0,0],"4.24":[-5,0,0],"4.4":[-5,0,0],"4.72":[0,0,0]}},"tailEnd":{"rotation":{"0.36":[0,0,0],"0.48":[24,0,0],"0.68":[8.82,0,0],"0.84":[2.75,0,0],"1.08":[5.3,0,0],"1.32":[6.57,0,0],"1.6":[7,0,0],"1.76":[7,0,0],"1.84":[-12.5,0,0],"3.24":[-12.5,0,0],"3.8":[0,0,0],"4.16":[-4,0,0],"4.4":[-5,0,0],"4.56":[-5,0,0],"4.88":[0,0,0]}},"armRight":{"rotation":{"0.16":[0,0,0],"0.48":[-70.25,0,0],"1.72":[-77.02,0,0],"1.76":[-92.25,0,0],"1.8":[-114.75,22.5,-22.5],"1.84":[5.25,0,0],"3.04":[5.25,0,0],"3.32":[24.25,0,0],"3.6":[-10.5,0,0],"3.88":[-19.06,0,0],"4.04":[-20.45,0,0],"4.28":[-21.5,0,0],"4.76":[3.625,0,0],"4.92":[1.455,0,0],"5.08":[0,0,0]},"position":{"0.16":[0,0,0],"0.48":[-1.675,0,0],"3.32":[-1.67,0,0],"3.6":[0,0,0]},"scale":{"1.72":[1,1,1],"1.76":[1,1,1.6],"1.8":[2.2,1.3,2.4],"1.84":[1,1.5,1],"3.04":[1,1.5,1],"3.6":[1,1,1]}},"armLeft":{"rotation":{"0.16":[0,0,0],"0.48":[-70.25,0,0],"1.72":[-77.02,0,0],"1.76":[-92.25,0,0],"1.8":[-114.75,-22.5,22.5],"1.84":[5.25,0,0],"3.04":[5.25,0,0],"3.32":[24.25,0,0],"3.6":[-10.5,0,0],"3.88":[-19.06,0,0],"4.04":[-20.45,0,0],"4.28":[-21.5,0,0],"4.76":[2.725,0,0],"4.92":[0.555,0,0],"5.08":[0,0,0]},"position":{"0.16":[0,0,0],"0.48":[1.675,0,0],"3.32":[1.67,0,0],"3.6":[0,0,0]},"scale":{"1.72":[1,1,1],"1.76":[1,1,1.6],"1.8":[2.2,1.3,2.4],"1.84":[1,1.5,1],"3.04":[1,1.5,1],"3.6":[1,1,1]}},"legRight":{"rotation":{"0.16":[0,0,0],"0.4":[-25,0,0],"0.52":[-37.5,0,0],"1.76":[-15.75,0,0],"1.84":[0,0,0],"2.84":[0,0,0],"3.28":[9.25,0,0],"3.76":[-20.35,0,0],"3.92":[-25.28,0,0],"4.08":[-27.75,0,0],"4.36":[-30.75,0,0],"4.84":[-2.46,0,0],"5.04":[2.25,0,0],"5.16":[1.13,0,0],"5.28":[0.45,0,0],"5.4":[0,0,0]}},"legLeft":{"rotation":{"0.28":[0,0,0],"0.52":[-25,0,0],"0.64":[-37.5,0,0],"1.76":[-15.75,0,0],"1.84":[0,0,0],"2.88":[0,0,0],"3.32":[9.25,0,0],"3.76":[-17.88,0,0],"3.92":[-23.52,0,0],"4.12":[-27.75,0,0],"4.4":[-30.75,0,0],"4.88":[-2.46,0,0],"5.08":[2.25,0,0],"5.2":[1.13,0,0],"5.32":[0.45,0,0],"5.44":[0,0,0]}},"chest":{"scale":{"0.24":[1,1,1],"0.36":[1.1,1,1.4],"0.6":[1.4,1,1.4],"1.12":[1.4356,1.0074,1.4],"1.72":[1.46,1.0125,1.4],"1.76":[1.5675,1.0125,1.5475],"1.88":[0.45,1,0.535],"1.92":[0.69,1,0.535],"1.96":[0.63,1,0.535],"2.0":[0.8075,1,0.535],"2.04":[0.78,1,0.535],"2.08":[0.8025,1,0.535],"3.32":[0.8025,1,0.535],"3.52":[1,1,1]}},"pupil":{"position":{"0.08":[0,0,0],"0.4":[0,-0.225,0],"1.8":[0,-0.225,0],"2.0":[0,0,0],"2.8":[0,0,0],"3.36":[0,-0.35,0],"3.48":[0,0,0],"3.72":[0,0,0],"3.8":[0.2,0,0],"3.88":[0.175,0,0],"4.12":[0.18,0,0],"4.2":[-0.195,0,0],"4.32":[-0.14,0,0],"4.44":[-0.14,0,0],"4.48":[0,0,0]},"scale":{"0.08":[1,1,1],"0.4":[0.775,0.725,1],"1.8":[0.775,0.725,1],"2.0":[1,1,1],"2.8":[1,1,1],"3.36":[0.6,0.6,1],"4.44":[0.6,0.6,1],"4.48":[1,1,1]}},"pupil2":{"position":{"0.08":[0,0,0],"0.4":[0,-0.225,0],"1.8":[0,-0.225,0],"2.0":[0,0,0],"2.8":[0,0,0],"3.36":[0,-0.35,0],"3.48":[0,0,0],"3.72":[0,0,0],"3.8":[0.2,0,0],"3.88":[0.175,0,0],"4.12":[0.18,0,0],"4.2":[-0.195,0,0],"4.32":[-0.14,0,0],"4.44":[-0.14,0,0],"4.48":[0,0,0]},"scale":{"0.08":[1,1,1],"0.4":[0.775,0.725,1],"1.8":[0.775,0.725,1],"2.0":[1,1,1],"2.8":[1,1,1],"3.36":[0.6,0.6,1],"4.44":[0.6,0.6,1],"4.48":[1,1,1]}},"eyes":{"position":{"1.88":[0,0,0],"1.96":[0,1.25,0],"2.16":[0,1.3,0],"2.68":[0,1.325,0],"3.28":[0,1.32,0],"3.52":[0,0,0]},"scale":{"1.88":[1,1,1],"1.96":[1,0.175,1],"2.16":[1,0.1417,1],"2.68":[1,0.125,1],"3.28":[1,0.125,1],"3.52":[1,1,1]}},"eyebrows":{"position":{"1.88":[0,0,0],"1.96":[0,-0.75,0],"2.48":[0,-0.83,0],"2.8":[0,-0.85,0],"3.0":[0,-0.85,0],"3.32":[0,0,0]}}},"particle_effects":{"1.84":{"effect":"fire","locator":"mouth"},"1.88":[{"effect":"steam","locator":"gillleft"},{"effect":"steam","locator":"gillright"}]}},"animation.hive.pets.babydragon.spin":{"loop":"hold_on_last_frame","animation_length":5.16,"bones":{"root":{"rotation":{"0.8":[0,0,0],"1.96":[0,-32.5,0],"2.8":[0,0,0]}},"body":{"rotation":{"1.72":[0,0,0],"2.04":[0,0,-128.57],"2.36":[0,0,-202.21],"2.76":[0,0,-340.28],"2.8":[0,0,-350.14],"2.96":[0,0,-360]},"scale":{"0.4":[1,1,1],"0.56":[0.945,0.945,0.9633],"0.72":[0.78,0.78,0.8533],"0.88":[0.7,0.7,0.8],"2.48":[0.7,0.7,0.8],"2.96":[1,1,1]}},"head":{"rotation":{"0.2":[0,0,0],"0.32":[-6.75,0,0],"0.4":[-16.75,0,0],"0.52":[-28.5,0,0],"0.64":[-3.5,0,0],"2.6":[-3.5,0,0],"2.72":[3.25,0,0],"2.84":[12.25,0,0],"3.48":[0,0,0]},"position":{"0.2":[0,0,0],"0.4":[0,0,0],"0.52":[0,1.875,-4.175],"0.64":[0,0,0],"2.6":[0,0,0],"2.84":[0,0,0]}},"eyebrows":{"position":{"0.0":[0,0,0],"0.28":[0,-1.425,0],"2.68":[0,-1.42,0],"2.84":[0,-1.82,0],"3.08":[0,0,0]}},"mouthLower":{"rotation":{"1.6":[0,0,0],"1.76":[48.5,0,0],"2.68":[0,0,0],"2.92":[0,0,0],"3.48":[9.75,0,0],"4.12":[0,0,0]}},"mass":{"rotation":{"0.28":[0,0,0],"0.36":[2.25,0,0],"0.48":[11.25,0,0],"0.64":[56.5,0,0],"2.8":[56.5,0,0],"2.84":[45.2,0,0],"2.92":[15.07,0,0],"2.96":[6.03,0,0],"3.04":[1.72,0,0],"3.12":[0,0,0]},"position":{"0.48":[0,0,0],"0.64":[0,-2.15,5.85],"2.8":[0,-2.15,5.85],"2.84":[0,-1.72,4.68],"2.92":[0,-0.57,1.56],"2.96":[0,-0.23,0.62],"3.04":[0,-0.07,0.18],"3.12":[0,0,0]}},"wingRight":{"rotation":{"0.0":[0,0,0],"0.32":[0,25,0],"0.4":[0,-42.5,0],"0.48":[0,25,0],"0.56":[0,-42.5,0],"0.88":[0,-32.5,0],"1.4":[0,-32.5,0],"1.6":[0,27.5,0],"1.68":[0,-15.5,0],"1.76":[0,24,0],"1.88":[0,-80,0],"1.96":[0,24,0],"2.08":[0,-80,0],"2.28":[-40,40,0],"2.48":[-40,40,0],"2.84":[0,0,0],"2.96":[0,-35,0],"3.04":[0,8.79,0],"3.12":[0,-35,0],"3.24":[0,8.79,0],"3.4":[0,-35,0],"3.6":[0,8.79,0],"3.88":[0,0,0]},"scale":{"2.84":[1,1,1],"2.96":[1,1.3,1.2],"3.12":[1,1,1]}},"wingLeft":{"rotation":{"0.0":[0,0,0],"0.32":[0,-25,0],"0.4":[0,42.5,0],"0.48":[0,-25,0],"0.56":[0,42.5,0],"0.88":[0,32.5,0],"1.4":[0,32.5,0],"1.68":[0,-27.5,0],"1.76":[0,15.5,0],"1.84":[0,-24,0],"1.96":[0,80,0],"2.04":[0,-24,0],"2.16":[0,80,0],"2.36":[-40,-40,0],"2.56":[-40,-40,0],"2.88":[0,0,0],"3.0":[0,35,0],"3.08":[0,-8.79,0],"3.16":[0,35,0],"3.28":[0,-8.79,0],"3.44":[0,35,0],"3.64":[0,-8.79,0],"3.92":[0,0,0]},"scale":{"2.84":[1,1,1],"2.96":[1,1.3,1.2],"3.12":[1,1,1]}},"tail":{"rotation":{"0.48":[0,0,0],"0.84":[-42.5,0,0],"1.52":[-52.5,0,0],"2.4":[-52.5,0,0],"2.96":[0,0,0]}},"armRight":{"rotation":{"0.4":[0,0,0],"0.64":[0,-87.5,-30],"1.6":[0,-87.5,-30],"2.68":[0,-87.5,-30],"2.92":[0,0,0],"3.28":[-10,0,0],"3.52":[-14.25,0,0],"4.12":[0,0,0]},"position":{"0.4":[0,0,0],"0.64":[1,0,-3],"2.68":[1,0,-3],"2.92":[0,0,0]}},"armLeft":{"rotation":{"0.48":[0,0,0],"0.72":[0,87.5,30],"1.68":[0,87.5,30],"2.76":[0,87.5,30],"3.0":[0,0,0],"3.36":[-10,0,0],"3.6":[-14.25,0,0],"4.12":[0,0,0]},"position":{"0.48":[0,0,0],"0.72":[-1,0,-3],"2.76":[-1,0,-3],"3.0":[0,0,0]}},"legRight":{"rotation":{"2.68":[0,0,0],"2.84":[25,0,0],"3.32":[-20,0,0],"3.6":[-25,0,0],"4.04":[-0.25,0,0],"4.16":[2.45,0,0],"4.32":[4.25,0,0],"4.48":[3.31,0,0],"4.72":[1.32,0,0],"5.16":[0,0,0]}},"legLeft":{"rotation":{"2.68":[0,0,0],"2.92":[25,0,0],"3.4":[-20,0,0],"3.68":[-25,0,0],"4.12":[-0.25,0,0],"4.24":[2.45,0,0],"4.4":[4.25,0,0],"4.56":[3.31,0,0],"4.8":[1.32,0,0],"5.16":[0,0,0]}},"fly":{"rotation":{"0.0":[0,0,0],"0.08":[1,0,0],"0.16":[1.33,0,0],"0.28":[1.5,0,0],"0.36":[0.48,0,0],"0.48":[-3.62,0,0],"0.8":[-109.75,0,0],"1.04":[-161.14,0,0],"1.32":[-186.83,0,0],"1.48":[-221.09,0,0],"1.96":[-485.22,0,0],"2.16":[-530.37,0,0],"2.36":[-570.29,0,0],"2.56":[-613.06,0,0],"2.8":[-704.01,0,0],"2.96":[-724.8,0,0],"3.08":[-728.7,0,0],"3.16":[-729.57,0,0],"3.24":[-729.86,0,0],"3.36":[-730,0,0],"3.56":[-728.57,0,0],"3.76":[-725.14,0,0],"3.96":[-722.06,0,0],"4.2":[-721.03,0,0],"4.52":[-720.34,0,0],"4.88":[-720,0,0]},"position":{"0.48":[0,0,0],"0.8":[0,12.95,0],"1.32":[0,17,0],"2.8":[0,2.02,0],"3.2":[0,0.58,0],"3.56":[0,0.11,0],"3.96":[0,0,0]}}}},"animation.hive.pets.babydragon.travel":{"loop":true,"animation_length":2.36,"bones":{"body":{"position":{"0.0":[0,0,0],"0.12":[0,-0.14,0],"0.24":[0,-0.45,0],"0.44":[0,-1.42,0],"0.8":[0,-3.35,0],"0.92":[0,-3.74,0],"1.0":[0,-3.87,0],"1.08":[0,-3.96,0],"1.16":[0,-4,0],"1.24":[0,-3.96,0],"1.32":[0,-3.87,0],"1.4":[0,-3.74,0],"1.52":[0,-3.35,0],"1.88":[0,-1.42,0],"2.08":[0,-0.45,0],"2.2":[0,-0.14,0],"2.36":[0,0,0]}}}},"animation.hive.pets.babydragon.travel.lean":{"blend_weight":"math.min(1.0, (query.modified_move_speed * 0.85))","loop":"hold_on_last_frame","bones":{"body":{"rotation":[42.5,0,0]},"head":{"rotation":[-32.5,0,0],"position":[0,0,-2.75]},"eyebrowRight":{"position":[0,-1,0]},"eyebrowLeft":{"position":[0,-1,0]},"hornRight":{"rotation":[-30,0,0]},"hornLeft":{"rotation":[-27.5,0,0]},"gillRight":{"rotation":[0,30,0]},"gillLeft":{"rotation":[0,-27.5,0]},"armRight":{"rotation":[32.5,0,-12.5],"position":[0,-1,1]},"armLeft":{"rotation":[32.5,0,12.5],"position":[0,-1,1]},"wingRight":{"rotation":[-16.34134,14.26707,-5.91106]},"wingLeft":{"rotation":[-16.34134,-14.26707,5.91106]},"tail":{"rotation":[-7.5,0,0]},"tailMid":{"rotation":[-22.5,0,0]},"tailEnd":{"rotation":[-12.5,0,0]},"legRight":{"rotation":[32.5,0,0]},"legLeft":{"rotation":[30,0,0]}}},"animation.hive.pets.babydragon.relax":{"loop":"hold_on_last_frame","animation_length":9.04,"bones":{"root":{"position":{"0.28":[0,0,0],"0.52":[0,0,1],"8.12":[0,0,1],"8.2":[0,0,0]}},"head":{"rotation":{"0.28":[0,0,0],"0.36":[-8.33,0,0],"0.52":[-25,-12.5,15],"0.84":[-25,0,-2.5],"1.04":[-25,0,-1.36],"1.28":[-25,0,-0.45],"1.56":[-25,0,0],"8.12":[-25,0,0],"8.2":[0,0,0],"8.28":[-8.33,0,0],"8.52":[0,0,0]},"position":{"0.28":[0,0,0],"0.52":[0,-0.5,-0.5],"8.12":[0,-0.5,-0.5],"8.2":[0,0,0]}},"eyebrowRight":{"rotation":{"0.28":[0,0,0],"0.52":[0,0,-5],"8.12":[0,0,-5],"8.2":[0,0,0]},"position":{"0.28":[0,0,0],"0.52":[0,1,0],"8.12":[0,1,0],"8.2":[0,0,0]}},"eyebrowLeft":{"rotation":{"0.28":[0,0,0],"0.52":[0,0,5],"8.12":[0,0,5],"8.2":[0,0,0]},"position":{"0.28":[0,0,0],"0.52":[0,1,0],"8.12":[0,1,0],"8.2":[0,0,0]}},"mass":{"rotation":{"0.28":[0,0,0],"0.52":[-65,0,0],"8.12":[-65,0,0],"8.2":[0,0,0]},"position":{"0.28":[0,0,0],"0.52":[0,1.75,0.75],"8.12":[0,1.75,0.75],"8.2":[0,0,0]}},"armRight":{"rotation":{"0.28":[0,0,0],"0.52":[0,0,125],"8.12":[0,0,125],"8.2":[0,0,0]},"position":{"0.28":[0,0,0],"0.52":[-0.5,2.5,0],"8.12":[-0.5,2.5,0],"8.2":[0,0,0]}},"armLeft":{"rotation":{"0.28":[0,0,0],"0.52":[0,0,-125],"8.12":[0,0,-125],"8.2":[0,0,0]},"position":{"0.28":[0,0,0],"0.52":[-0.5,2.5,0],"8.12":[-0.5,2.5,0],"8.2":[0,0,0]}},"wingRight":{"rotation":{"0.32":[0,0,0],"0.4":[95.00301,-1.74934,-94.93028],"8.12":[95,-1.75,-94.93],"8.24":[0,0,0]},"position":{"0.32":[0,0,0],"0.4":[0,2,1],"8.12":[0,2,1],"8.24":[0,0,0]}},"wingLeft":{"rotation":{"0.32":[0,0,0],"0.4":[95.00301,1.74934,94.93028],"8.12":[95,1.75,94.93],"8.24":[0,0,0]},"position":{"0.32":[0,0,0],"0.4":[0,2,1],"8.12":[0,2,1],"8.24":[0,0,0]}},"tail":{"rotation":{"0.28":[0,0,0],"0.52":[127.5,0,0],"8.12":[127.5,0,0],"8.2":[0,0,0]},"position":{"0.28":[0,0,0],"0.52":[0,0,0],"8.12":[0,0,0],"8.2":[0,0,0]}},"legRight":{"rotation":{"0.32":[0,0,0],"0.4":[-34.49826,-24.28484,-36.01619],"8.12":[-34.5,-24.28,-36.02],"8.24":[0,0,0]},"position":{"0.32":[0,0,0],"0.4":[-0.5,-0.5,-0.5],"8.12":[-0.5,-0.5,-0.5],"8.24":[0,0,0]}},"legLeft":{"rotation":{"0.32":[0,0,0],"0.4":[0.02636,18.42669,19.15521],"8.12":[0.03,18.43,19.16],"8.24":[0,0,0]},"position":{"0.32":[0,0,0],"0.4":[0,-0.5,-0.75],"8.12":[0,-0.5,-0.75],"8.24":[0,0,0]}},"offset":{"rotation":{"0.08":[0,0,0],"0.2":[0,6.55,0],"0.28":[0,32.73,0],"0.48":[0,305.46,0],"0.6":[0,338.18,0],"0.72":[0,354.55,0],"0.8":[0,357.28,0],"0.92":[0,358.91,0],"1.04":[0,359.56,0],"1.2":[0,360,0],"7.72":[0,360,0],"7.88":[0,357.82,0],"8.04":[0,353.45,0],"8.12":[0,327.27,0],"8.32":[0,54.54,0],"8.44":[0,21.82,0],"8.56":[0,5.45,0],"8.64":[0,2.72,0],"8.76":[0,1.09,0],"8.88":[0,0.44,0],"9.04":[0,0,0]}},"body":{"scale":{"0.24":[1,1,1],"0.32":[0.85,0.875,1],"0.4":[0.4,0.5,1],"0.56":[0.8,0.8333,1],"0.84":[1,1,1],"8.04":[1,1,1],"8.12":[0.85,0.875,1],"8.32":[0.4,0.5,1],"8.48":[0.8,0.8333,1],"8.76":[1,1,1]}},"eyeRight":{"scale":{"0.44":[1,1,1],"0.56":[1,0.05,1],"8.2":[1,0.05,1],"8.36":[1,1,1]}},"eyeLeft":{"scale":{"0.44":[1,1,1],"0.56":[1,0.05,1],"8.2":[1,0.05,1],"8.36":[1,1,1]}},"mouthLower":{"rotation":{"0.44":[0,0,0],"0.64":[2.68,0,0],"1.0":[12.5,0,0],"1.48":[9.82,0,0],"2.0":[9.82,0,0],"2.2":[8.9,0,0],"2.32":[7.97,0,0],"2.6":[3.67,0,0],"2.76":[2.61,0,0],"2.96":[1.82,0,0],"4.44":[1.82,0,0],"4.64":[2.61,0,0],"4.8":[3.67,0,0],"5.08":[7.97,0,0],"5.2":[8.9,0,0],"5.4":[9.82,0,0],"6.68":[9.82,0,0],"6.88":[8.9,0,0],"7.0":[7.97,0,0],"7.28":[3.67,0,0],"7.44":[2.61,0,0],"7.64":[1.82,0,0],"8.2":[1.82,0,0],"8.36":[0,0,0]}}}}}}