{"format_version":"1.8.0","animations":{"animation.hive.pets.rock.spawn":{"loop":"hold_on_last_frame","animation_length":1.08,"bones":{"1":{"position":{"0.4":[0,0,0],"0.8":[0,0.425,0],"0.88":[0,0.755,0],"0.96":[0,0,0]}},"2":{"position":{"0.48":[0,0,0],"0.76":[0,0.425,0],"0.88":[0,0.755,0],"0.96":[0,0,0]}},"root":{"position":{"0.0":[0,44,0],"0.16":[0,37.71,0],"0.24":[0,30.17,0],"0.32":[0,15.09,0],"0.36":[0,0,0],"0.48":[0,2,0],"0.64":[0,2.375,0],"0.76":[0,2.195,0],"0.84":[0,1.83,0],"0.88":[0,1.37,0],"0.92":[0,0,0],"1.0":[0,0.2,0],"1.08":[0,0,0]},"scale":{"0.12":[0,1,0.1],"0.36":[1,1,1]}},"left_eye":{"position":{"0.36":[0,0,0],"0.44":[0,-1,0],"0.88":[0,0,0]},"scale":{"0.24":[1,2.3,1],"0.36":[1,1,1]}},"right_eye":{"position":{"0.4":[0,0,0],"0.48":[0,-1,0],"0.92":[0,0,0]},"scale":{"0.24":[1,1.6,1],"0.36":[1,1,1]}}}},"animation.hive.pets.rock.idle":{"loop":"hold_on_last_frame","bones":{"left_eye":{"rotation":[0,0,-2.5]},"right_eye":{"rotation":[0,0,10]}}},"animation.hive.pets.rock.blink1":{"loop":"hold_on_last_frame","animation_length":0.48,"bones":{"left_eye":{"scale":{"0.0":[1,1,1],"0.08":[1,0.9167,1],"0.12":[1,0.75,1],"0.16":[1.15,0.35,1],"0.2":[1.225,0.125,1],"0.28":[1,1.025,1],"0.32":[1,0.99,1],"0.4":[1,1,1]}},"right_eye":{"scale":{"0.08":[1,1,1],"0.16":[1,0.9167,1],"0.2":[1,0.75,1],"0.24":[1.15,0.35,1],"0.28":[1.225,0.125,1],"0.36":[1,1.025,1],"0.4":[1,0.99,1],"0.48":[1,1,1]}}}},"animation.hive.pets.rock.blink2":{"loop":"hold_on_last_frame","animation_length":0.72,"bones":{"left_eye":{"position":{"0.32":[0,0,0],"0.4":[0,-0.5,0],"0.52":[0,0,0]},"scale":{"0.12":[1,1,1],"0.24":[1,0.9167,1],"0.32":[1,0.75,1],"0.36":[1.15,0.35,1],"0.4":[1.225,0.125,1],"0.52":[1,1.025,1],"0.56":[1,0.99,1],"0.72":[1,1,1]}},"right_eye":{"position":{"0.16":[0,0,0],"0.28":[0,-0.5,0],"0.4":[0,0,0]},"scale":{"0.0":[1,1,1],"0.12":[1,0.9167,1],"0.16":[1,0.75,1],"0.24":[1.15,0.35,1],"0.32":[1.225,0.125,1],"0.4":[1,1.025,1],"0.44":[1,0.99,1],"0.56":[1,1,1]}}}}}}