{"format_version":"1.12.0","minecraft:geometry":[{"description":{"identifier":"geometry.hive.dr.trap.falling.bricks.variant","texture_width":64,"texture_height":64,"visible_bounds_width":3,"visible_bounds_height":2.5,"visible_bounds_offset":[0,0.75,0]},"bones":[{"name":"bone","pivot":[0,0,0]},{"name":"bone2","parent":"bone","pivot":[0,0,0],"cubes":[{"origin":[-9,1,3],"size":[7,3,5],"uv":[25,56]},{"origin":[3,2,2],"size":[7,3,5],"uv":[25,56],"mirror":true},{"origin":[-9,6,-7],"size":[5,3,7],"uv":[0,54]},{"origin":[-5,1,-9],"size":[5,3,7],"uv":[0,54]},{"origin":[-7,10,-2],"size":[9,2,8],"uv":[0,22]},{"origin":[-2,-2,-6],"size":[9,2,8],"uv":[27,25]},{"origin":[2,4,-8],"size":[7,3,5],"uv":[0,45]},{"origin":[-3,6,2],"size":[5,3,7],"uv":[25,43]},{"origin":[-7,0,-6],"size":[14,10,12],"uv":[0,0]}]}]}]}