{"format_version":"1.12.0","minecraft:geometry":[{"description":{"identifier":"geometry.hive.dr.trap.falling.bricks.default","texture_width":64,"texture_height":64,"visible_bounds_width":2,"visible_bounds_height":2.5,"visible_bounds_offset":[0,0.75,0]},"bones":[{"name":"bone","pivot":[0,0,0]},{"name":"bone2","parent":"bone","pivot":[0,0,0],"cubes":[{"origin":[-6.5,1,1],"size":[7,3,5],"uv":[29,13]},{"origin":[-5.5,5,-6],"size":[5,3,7],"uv":[17,21]},{"origin":[-4.5,0,-4],"size":[9,10,8],"uv":[0,0]},{"origin":[-1.5,10,-4],"size":[6,2,5],"uv":[0,28]},{"origin":[-4.5,-2,-1],"size":[6,2,5],"uv":[34,21]},{"origin":[0.5,1,-6],"size":[7,3,5],"uv":[26,0]},{"origin":[1.5,5,-1],"size":[5,3,7],"uv":[0,18]}]}]}]}