{"format_version":"1.10.0","particle_effect":{"description":{"identifier":"hivectf:teleporter_campfire_idle","basic_render_parameters":{"material":"particles_alpha","texture":"textures/particle/particles"}},"components":{"minecraft:emitter_rate_steady":{"spawn_rate":10,"max_particles":40},"minecraft:emitter_lifetime_looping":{"active_time":20},"minecraft:emitter_shape_sphere":{"offset":[0,0.5,0],"radius":0.8,"surface_only":true,"direction":["Math.random(-0.001, 0.001)",2,"Math.random(-0.001, 0.001)"]},"minecraft:particle_lifetime_expression":{"max_lifetime":2},"minecraft:particle_initial_spin":{"rotation_rate":"math.random(-80,80)"},"minecraft:particle_initial_speed":1,"minecraft:particle_motion_dynamic":{"linear_acceleration":["math.sin(variable.particle_age*300*(variable.particle_random_1*2))*10",8,"math.cos(variable.particle_age*300*(variable.particle_random_1*2))*10"],"linear_drag_coefficient":10},"minecraft:particle_appearance_billboard":{"size":["variable.particle_age \u003c 0.5 ? variable.particle_age*0.3 : (variable.particle_age \u003c 1.0 ? 0.15 : (1-(variable.particle_age/variable.particle_lifetime))*0.3)","variable.particle_age \u003c 0.5 ? variable.particle_age*0.3 : (variable.particle_age \u003c 1.0 ? 0.15 : (1-(variable.particle_age/variable.particle_lifetime))*0.3)"],"facing_camera_mode":"lookat_xyz","uv":{"texture_width":128,"texture_height":128,"flipbook":{"base_UV":["variable.particle_random_1 \u003e 0.5 ? 0 : 8",72],"size_UV":[8,8],"step_UV":[8,0],"frames_per_second":3,"max_frame":8}}},"minecraft:particle_appearance_tinting":{"color":{"interpolant":"variable.particle_age","gradient":{"0.16":"#FFFFB332","0.53":"#FFEE5731","1.16":"#FFA42004","1.96":"#FF810C0C"}}}}}}