{"format_version":"1.10.0","particle_effect":{"description":{"identifier":"hivectf:launchpad_mushroom_launch","basic_render_parameters":{"material":"particles_blend","texture":"textures/particle/particles"}},"components":{"minecraft:emitter_rate_steady":{"spawn_rate":100,"max_particles":100},"minecraft:emitter_lifetime_once":{"active_time":0.2},"minecraft:emitter_shape_disc":{"radius":1,"surface_only":true,"direction":["math.random(-8,8)",1,"math.random(-8,8)"]},"minecraft:particle_lifetime_expression":{"max_lifetime":1.3},"minecraft:particle_initial_spin":{"rotation":"math.random(-50,50)","rotation_rate":"math.random(-50,50)"},"minecraft:particle_initial_speed":"math.random(3,4)","minecraft:particle_motion_dynamic":{"linear_acceleration":["math.random(-10,10)","variable.particle_age \u003e 0.3 ? -1 : 0","math.random(-10,10)"],"linear_drag_coefficient":"variable.particle_age \u003e 0.5 ? 4 : 0"},"minecraft:particle_appearance_billboard":{"size":["variable.particle_age \u003e 0.5 ? (1-(variable.particle_age/variable.particle_lifetime))*0.2 : variable.particle_age * 0.2","variable.particle_age \u003e 0.5 ? (1-(variable.particle_age/variable.particle_lifetime))*0.2 : variable.particle_age * 0.2"],"facing_camera_mode":"lookat_xyz","uv":{"texture_width":128,"texture_height":128,"uv":[0,80],"uv_size":[8,8]}},"minecraft:particle_appearance_tinting":{"color":["Math.clamp(Math.clamp(Math.clamp(Math.clamp(Math.clamp(variable.particle_random_3 * 0.5 + 0.5, 0, 1), 0, 1), 0, 1), 0, 1), 0, 1)","Math.clamp(Math.clamp(Math.clamp(Math.clamp(Math.clamp(variable.particle_random_3 * 0.4 + 0.4, 0, 1), 0, 1), 0, 1), 0, 1), 0, 1)","Math.clamp(Math.clamp(Math.clamp(Math.clamp(Math.clamp(variable.particle_random_3 * 0.8 + 0.8, 0, 1), 0, 1), 0, 1), 0, 1), 0, 1)",0.8]}}}}