{"format_version":"1.8.0","minecraft:client_entity":{"description":{"identifier":"hivesky:bundle_collectors","materials":{"default":"entity_alphatest","blend":"slime_outer"},"textures":{"default":"textures/entity/hive/sky/bundle/collectors"},"geometry":{"default":"geometry.hive.sky.bundle.collectors"},"animations":{"golden_pegasus_idle":"animation.hive.sky.death.crate.golden_pegasus.idle"},"particle_effects":{"golden_pegasus":"hivesky:golden_pegasus"},"animation_controllers":[{"default":"controller.animation.hive.sky.bundle.collectors"}],"render_controllers":["controller.render.hive.sky.bundle.collectors"]}}}