{"format_version":"1.8.0","minecraft:client_entity":{"description":{"identifier":"hivesky:death_crate","materials":{"default":"entity_alphatest"},"textures":{"default":"textures/entity/hive/sky/deathcrates/default","adventurers_backpack":"textures/entity/hive/sky/deathcrates/adventurers_backpack","package":"textures/entity/hive/sky/deathcrates/package","grand_ender_chest":"textures/entity/hive/sky/deathcrates/grand_ender_chest","sunken_chest":"textures/entity/hive/sky/deathcrates/sunken_chest","trash_can":"textures/entity/hive/sky/deathcrates/trash_can","barrel":"textures/entity/hive/sky/deathcrates/barrel","cat_chest":"textures/entity/hive/sky/deathcrates/cat_chest","royal_chest":"textures/entity/hive/sky/deathcrates/royal_chest","toolbox":"textures/entity/hive/sky/deathcrates/toolbox","dark_magma":"textures/entity/hive/sky/deathcrates/dark_magma","golden_pegasus":"textures/entity/hive/sky/deathcrates/golden_pegasus","present":"textures/entity/hive/sky/deathcrates/present","ice_chest":"textures/entity/hive/sky/deathcrates/ice_chest"},"geometry":{"default":"geometry.hive.sky.death.crate.default","adventurers_backpack":"geometry.hive.sky.death.crate.adventurers.backpack","package":"geometry.hive.sky.death.crate.package","grand_ender_chest":"geometry.hive.sky.death.crate.grand.ender.chest","sunken_chest":"geometry.hive.sky.death.crate.sunken.chest","trash_can":"geometry.hive.sky.death.crate.trash.can","barrel":"geometry.hive.sky.death.crate.barrel","cat_chest":"geometry.hive.sky.death.crate.cat.chest","royal_chest":"geometry.hive.sky.death.crate.royal.chest","toolbox":"geometry.hive.sky.death.crate.toolbox","dark_magma":"geometry.hive.sky.death.crate.dark_magma","golden_pegasus":"geometry.hive.sky.death.crate.golden_pegasus","present":"geometry.hive.sky.death.crate.present","ice_chest":"geometry.hive.sky.death.crate.ice.chest"},"animations":{"grand_ender_chest_idle":"animation.hive.sky.death.crate.grand.ender.chest.idle","sunken_chest_idle":"animation.hive.sky.death.crate.sunken.chest.idle","sunken_chest_open":"animation.hive.sky.death.crate.sunken.chest.open","dark_magma_idle":"animation.hive.sky.death.crate.dark_magma.idle","golden_pegasus_idle":"animation.hive.sky.death.crate.golden_pegasus.idle"},"particle_effects":{"grand_ender_chest":"hivesky:grand_ender_chest","sunken_chest_bubble_burst":"hivesky:sunken_chest_bubble_burst","sunken_chest_bubble_out":"hivesky:sunken_chest_bubble_out","dark_magma_smoke":"hivesky:dark_magma_smoke","golden_pegasus":"hivesky:golden_pegasus"},"animation_controllers":[{"default":"controller.animation.hive.sky.death.crate"}],"render_controllers":["controller.render.hive.sky.death.crate"]}}}