{"format_version":"1.8.0","minecraft:client_entity":{"description":{"identifier":"hivesky:island_flag","materials":{"default":"entity_alphatest"},"textures":{"jack_o_lantern":"textures/entity/hive/sky/islandflags/jack_o_lantern","slime_monster":"textures/entity/hive/sky/islandflags/slime_monster","penguin":"textures/entity/hive/sky/islandflags/penguin","mailbot_winter":"textures/entity/hive/sky/islandflags/mailbot_winter","grumpus":"textures/entity/hive/sky/islandflags/grumpus","eggman":"textures/entity/hive/sky/islandflags/eggman","sonic":"textures/entity/hive/sky/islandflags/sonic","default":"textures/entity/hive/sky/islandflags/default","cat":"textures/entity/hive/sky/islandflags/cat","money":"textures/entity/hive/sky/islandflags/money","earth":"textures/entity/hive/sky/islandflags/earth","star":"textures/entity/hive/sky/islandflags/star","pirate":"textures/entity/hive/sky/islandflags/pirate","sun":"textures/entity/hive/sky/islandflags/sun","royal":"textures/entity/hive/sky/islandflags/royal","tree":"textures/entity/hive/sky/islandflags/tree","creeper":"textures/entity/hive/sky/islandflags/creeper","unicorn":"textures/entity/hive/sky/islandflags/unicorn","moon":"textures/entity/hive/sky/islandflags/moon","nether":"textures/entity/hive/sky/islandflags/nether","bee":"textures/entity/hive/sky/islandflags/bee","marooned":"textures/entity/hive/sky/islandflags/marooned","sealife":"textures/entity/hive/sky/islandflags/sealife","donut":"textures/entity/hive/sky/islandflags/donut","junkyard":"textures/entity/hive/sky/islandflags/junkyard","heart_of_gold":"textures/entity/hive/sky/islandflags/heart_of_gold","solar_system":"textures/entity/hive/sky/islandflags/solar_system","dealt_hand":"textures/entity/hive/sky/islandflags/dealt_hand","pirate_tavern":"textures/entity/hive/sky/islandflags/pirate_tavern","daisy":"textures/entity/hive/sky/islandflags/daisy","sunflower":"textures/entity/hive/sky/islandflags/sunflower","cosy_home":"textures/entity/hive/sky/islandflags/cosy_home"},"geometry":{"default":"geometry.hive.sky.island.flag.default","donut":"geometry.hive.sky.island.flag.donut","junkyard":"geometry.hive.sky.island.flag.junkyard","heart_of_gold":"geometry.hive.sky.island.flag.heart.of.gold","solar_system":"geometry.hive.sky.island.flag.solar.system","dealt_hand":"geometry.hive.sky.island.flag.dealt.hand","pirate_tavern":"geometry.hive.sky.island.flag.pirate_tavern","cosy_home":"geometry.hive.sky.island.flag.cosy.home"},"render_controllers":["controller.render.hive.sky.island.flag"]}}}