{"format_version":"1.8.0","minecraft:client_entity":{"description":{"identifier":"hivesky:shield_cocoon","materials":{"default":"charged_creeper"},"textures":{"default":"textures/entity/creeper/creeper_armor"},"geometry":{"default":"geometry.hive.sky.kits.shield.cocoon"},"animations":{"idle":"animation.hive.sky.kits.shield.cocoon.idle"},"particle_effects":{"shield":"hivesky:shield"},"animation_controllers":[{"default":"controller.animation.hive.sky.shield.cocoon"}],"render_controllers":["controller.render.hive.sky.kits.shield.cocoon"]}}}