{"format_version":"1.8.0","minecraft:client_entity":{"description":{"identifier":"hivesky:spawn_vehicle","materials":{"default":"entity_alphatest","blend":"slime_outer"},"textures":{"balloon":"textures/entity/hive/sky/spawnvehicles/balloon","broomstick":"textures/entity/hive/sky/spawnvehicles/broomstick","carpet":"textures/entity/hive/sky/spawnvehicles/carpet","cloud":"textures/entity/hive/sky/spawnvehicles/cloud","drone":"textures/entity/hive/sky/spawnvehicles/drone","eggman":"textures/entity/hive/sky/spawnvehicles/eggman","flamingo":"textures/entity/hive/sky/spawnvehicles/flamingo","hearse":"textures/entity/hive/sky/spawnvehicles/hearse","hoverboard":"textures/entity/hive/sky/spawnvehicles/hoverboard","hovercar":"textures/entity/hive/sky/spawnvehicles/hovercar","island":"textures/entity/hive/sky/spawnvehicles/island","money":"textures/entity/hive/sky/spawnvehicles/money","parachute":"textures/entity/hive/sky/spawnvehicles/parachute","pig":"textures/entity/hive/sky/spawnvehicles/pig","sleigh":"textures/entity/hive/sky/spawnvehicles/sleigh","ufo":"textures/entity/hive/sky/spawnvehicles/ufo","umbrella":"textures/entity/hive/sky/spawnvehicles/umbrella","winter_magic":"textures/entity/hive/sky/spawnvehicles/winter_magic","flamingo_floaty":"textures/entity/hive/sky/spawnvehicles/flamingo_floaty","rubber_ducky":"textures/entity/hive/sky/spawnvehicles/rubber_ducky","star_speeder":"textures/entity/hive/sky/spawnvehicles/star_speeder","sorcery":"textures/entity/hive/sky/spawnvehicles/sorcery","ghastly":"textures/entity/hive/sky/spawnvehicles/ghastly","big_cat":"textures/entity/hive/sky/spawnvehicles/big_cat","solar_orbit":"textures/entity/hive/sky/spawnvehicles/solar_orbit","hoverbike":"textures/entity/hive/sky/spawnvehicles/hoverbike","pegasus":"textures/entity/hive/sky/spawnvehicles/pegasus","pirate_galleon":"textures/entity/hive/sky/spawnvehicles/pirate_galleon"},"geometry":{"balloon":"geometry.hive.sky.spawn.vehicle.balloon","broomstick":"geometry.hive.sky.spawn.vehicle.broomstick","carpet":"geometry.hive.sky.spawn.vehicle.carpet","cloud":"geometry.hive.sky.spawn.vehicle.cloud","drone":"geometry.hive.sky.spawn.vehicle.drone","eggman":"geometry.hive.sky.spawn.vehicle.eggman","hearse":"geometry.hive.sky.spawn.vehicle.hearse","hoverboard":"geometry.hive.sky.spawn.vehicle.hoverboard","hovercar":"geometry.hive.sky.spawn.vehicle.hovercar","island":"geometry.hive.sky.spawn.vehicle.island","money":"geometry.hive.sky.spawn.vehicle.money","parachute":"geometry.hive.sky.spawn.vehicle.parachute","pig":"geometry.hive.sky.spawn.vehicle.pig","sleigh":"geometry.hive.sky.spawn.vehicle.sleigh","ufo":"geometry.hive.sky.spawn.vehicle.ufo","umbrella":"geometry.hive.sky.spawn.vehicle.umbrella","winter_magic":"geometry.hive.sky.spawn.vehicle.winter.magic","flamingo_floaty":"geometry.hive.sky.spawn.vehicle.flamingo.floaty","rubber_ducky":"geometry.hive.sky.spawn.vehicle.rubber.ducky","star_speeder":"geometry.hive.sky.spawn.vehicle.star.speeder","sorcery":"geometry.hive.sky.spawn.vehicle.sorcery","ghastly":"geometry.hive.sky.spawn.vehicle.ghastly","big_cat":"geometry.hive.sky.spawn.vehicle.big.cat","solar_orbit":"geometry.hive.sky.spawn.vehicle.solar.orbit","hoverbike":"geometry.hive.sky.spawn.vehicle.hoverbike","pegasus":"geometry.hive.sky.spawn.vehicle.pegasus","pirate_galleon":"geometry.hive.sky.spawn.vehicle.pirate.galleon"},"animations":{"sorcery_idle":"animation.hive.sky.spawn.vehicle.sorcery.idle","sorcery_book":"animation.hive.sky.spawn.vehicle.sorcery.book","ghastly_idle":"animation.hive.sky.spawn.vehicle.ghastly.idle","ghastly_legs":"animation.hive.sky.spawn.vehicle.ghastly.legs","solar_orbit_idle":"animation.hive.sky.spawn.vehicle.solar.orbit.idle","solar_orbit_rocket":"animation.hive.sky.spawn.vehicle.solar.orbit.rocket","hoverbike_idle":"animation.hive.sky.spawn.vehicle.hoverbike.idle","pegasus_idle":"animation.hive.sky.spawn.vehicle.pegasus.idle"},"particle_effects":{"solar_orbit":"hivesky:solar_orbit","sorcery_magic":"hivesky:sorcery_magic","sorcery_enchantment":"hivesky:sorcery_enchantment","ghastly_fire":"hivesky:ghastly_fire","pegasus":"hivesky:pegasus"},"animation_controllers":[{"default":"controller.animation.hive.sky.spawn.vehicle"}],"render_controllers":["controller.render.hive.sky.spawn.vehicle"]}}}