{"format_version":"1.8.0","minecraft:client_entity":{"description":{"identifier":"hiveterritory:projectile","materials":{"default":"entity_alphatest"},"textures":{"eight_ball":"textures/entity/hive/territory/projectiles/projectile_eight_ball","apple":"textures/entity/hive/territory/projectiles/projectile_apple","beach_ball":"textures/entity/hive/territory/projectiles/projectile_beach_ball","cheese_burger":"textures/entity/hive/territory/projectiles/projectile_cheese_burger","cupcake":"textures/entity/hive/territory/projectiles/projectile_cupcake","default_egg":"textures/entity/hive/territory/projectiles/projectile_default_egg","earth":"textures/entity/hive/territory/projectiles/projectile_earth","grass_block":"textures/entity/hive/territory/projectiles/projectile_grass_block","puzzle_cube":"textures/entity/hive/territory/projectiles/projectile_puzzle_cube","blindness_powerup":"textures/entity/hive/territory/projectiles/powerup/projectile_blindness_powerup","explosive_powerup":"textures/entity/hive/territory/projectiles/powerup/projectile_explosive_powerup","knockback_powerup":"textures/entity/hive/territory/projectiles/powerup/projectile_knockback_powerup"},"geometry":{"eight_ball":"geometry.hive.territory.projectile.eight_ball","apple":"geometry.hive.territory.projectile.apple","beach_ball":"geometry.hive.territory.projectile.beach_ball","cheese_burger":"geometry.hive.territory.projectile.cheese_burger","cupcake":"geometry.hive.territory.projectile.cupcake","default_egg":"geometry.hive.territory.projectile.default_egg","earth":"geometry.hive.territory.projectile.earth","grass_block":"geometry.hive.territory.projectile.grass_block","puzzle_cube":"geometry.hive.territory.projectile.puzzle_cube","blindness_powerup":"geometry.hive.territory.projectile.blindness_powerup","explosive_powerup":"geometry.hive.territory.projectile.explosive_powerup","knockback_powerup":"geometry.hive.territory.projectile.knockback_powerup"},"animations":{"rotate":"animation.hive.territory.projectile.rotate","spawn":"animation.hive.territory.projectile.spawn"},"animation_controllers":[{"rotate":"controller.animation.hive.territory.projectile.rotate"},{"spawn":"controller.animation.hive.territory.projectile.spawn"}],"render_controllers":["controller.render.hive.territory.projectile"]}}}