{"format_version":"1.12.0","minecraft:geometry":[{"description":{"identifier":"geometry.hive.drop.powerup.chest","texture_width":64,"texture_height":64,"visible_bounds_width":3,"visible_bounds_height":3,"visible_bounds_offset":[0,0.5,0]},"bones":[{"name":"root","pivot":[0,0,0]},{"name":"Chest","parent":"root","pivot":[0,6.2,-0.5],"cubes":[{"origin":[-5,3,-4],"size":[10,5,8],"uv":[0,13]},{"origin":[4,5,-2],"size":[1,3,4],"pivot":[5,8,0],"rotation":[0,0,-40],"uv":[32,32]},{"origin":[-5,5,-2],"size":[1,3,4],"pivot":[-5,8,0],"rotation":[0,0,40],"uv":[0,0]},{"origin":[-2,6,-6],"size":[4,4,2],"pivot":[0,8,-5],"rotation":[-10,0,0],"uv":[0,34]},{"origin":[-5.9,2,-5],"size":[3,3,3],"pivot":[-4.9,5,-3.5],"rotation":[0,0,5],"uv":[28,13]},{"origin":[2.9,2,-5],"size":[3,3,3],"pivot":[4.9,5,-3.5],"rotation":[0,0,-5],"uv":[28,13],"mirror":true},{"origin":[-5.9,2,2],"size":[3,3,3],"pivot":[-4.9,5,3.5],"rotation":[0,0,5],"uv":[30,26]},{"origin":[2.9,2,2],"size":[3,3,3],"pivot":[4.9,5,3.5],"rotation":[0,0,-5],"uv":[30,26],"mirror":true},{"origin":[-6,8,-5],"size":[12,3,10],"uv":[0,0]},{"origin":[-6,11,-3],"size":[12,2,6],"uv":[0,26]}]}]}]}