{"format_version":"1.12.0","minecraft:geometry":[{"description":{"identifier":"geometry.hive.drop.powerup.royal_crown","texture_width":64,"texture_height":64,"visible_bounds_width":3,"visible_bounds_height":3,"visible_bounds_offset":[0,0.5,0]},"bones":[{"name":"root","pivot":[0,0,0]},{"name":"Crown","parent":"root","pivot":[0,10.16667,0],"cubes":[{"origin":[-5,2,-5],"size":[10,3,10],"uv":[0,16]},{"origin":[-5,5,-5],"size":[10,6,10],"uv":[0,0]},{"origin":[-1.5,11,-1.5],"size":[3,3,3],"inflate":0.001,"uv":[28,30]},{"origin":[-4.5,5,-4.5],"size":[9,5,9],"uv":[0,30]}]}]}]}