{"format_version":"1.8.0","minecraft:client_entity":{"description":{"identifier":"hivedr:trap_dragons_breath","materials":{"default":"entity_alphatest"},"textures":{"blue":"textures/entity/hive/dr/trap/dragons_breath/blue","purple":"textures/entity/hive/dr/trap/dragons_breath/purple"},"geometry":{"default":"geometry.hive.dr.trap.dragons.breath"},"animations":{"activate":"animation.hive.dr.trap.dragons.breath.activate"},"animation_controllers":[{"activate":"controller.animation.hive.dr.trap.dragons.breath.activate"}],"render_controllers":["controller.render.hive.dr.trap.dragons.breath"]}}}