{"format_version":"1.8.0","minecraft:client_entity":{"description":{"identifier":"hivedr:trap_falling_bricks","materials":{"default":"entity_alphatest"},"textures":{"default":"textures/entity/hive/dr/trap/falling_bricks/bricks_default","variant":"textures/entity/hive/dr/trap/falling_bricks/bricks_variant"},"geometry":{"default":"geometry.hive.dr.trap.falling.bricks.default","variant":"geometry.hive.dr.trap.falling.bricks.variant"},"render_controllers":["controller.render.hive.dr.trap.falling.bricks"]}}}