{"format_version":"1.8.0","minecraft:client_entity":{"description":{"identifier":"hivedr:trap_swinging_axe","materials":{"default":"entity_alphatest"},"textures":{"default":"textures/entity/hive/dr/trap/swinging_axe"},"geometry":{"default":"geometry.hive.dr.trap.swinging.axe"},"animations":{"idle":"animation.hive.dr.trap.swinging.axe"},"scripts":{"pre_animation":["variable.swing_angle \u003d Math.lerp(variable.swing_angle ?? query.head_x_rotation(0), query.head_x_rotation(0), 0.4);"]},"animation_controllers":[{"idle":"controller.animation.hive.dr.trap.swinging.axe.idle"}],"render_controllers":["controller.render.default"]}}}