{"format_version":"1.12.0","minecraft:geometry":[{"description":{"identifier":"geometry.hive.ctf.teleporter.campfire","texture_width":80,"texture_height":64,"visible_bounds_width":4,"visible_bounds_height":2.5,"visible_bounds_offset":[0,0.75,0]},"bones":[{"name":"root","pivot":[0,0.1,0]},{"name":"campfire","parent":"root","pivot":[0,0.1,0],"cubes":[{"origin":[-8,0.1,-8],"size":[16,0,16],"uv":[0,0]},{"origin":[5.9,0,-12],"size":[5,2,8],"pivot":[8,1,-8],"rotation":[0,45,0],"uv":[0,32]},{"origin":[8,0,-5],"size":[6,3,10],"pivot":[8,0,0],"rotation":[0,0,10],"uv":[26,44]},{"origin":[-14,0,-5],"size":[6,3,10],"pivot":[-8,0,0],"rotation":[0,0,-10],"uv":[43,31],"mirror":true},{"origin":[-5,0,-14],"size":[10,3,6],"pivot":[0,0,-8],"rotation":[10,0,0],"uv":[0,51]},{"origin":[-5,0,8],"size":[10,3,6],"pivot":[0,0,8],"rotation":[-10,0,0],"uv":[0,42]},{"origin":[5.9,0,4],"size":[5,2,8],"pivot":[8,1,8],"rotation":[0,-45,0],"uv":[0,32]},{"origin":[-10.9,0,4],"size":[5,2,8],"pivot":[-8,1,8],"rotation":[0,45,0],"uv":[0,32],"mirror":true},{"origin":[-10.9,0,-12],"size":[5,2,8],"pivot":[-8,1,-8],"rotation":[0,-45,0],"uv":[0,32],"mirror":true}]},{"name":"logs","parent":"campfire","pivot":[0.5,1.6,-3],"cubes":[{"origin":[-6,0.1,-6],"size":[4,3,12],"pivot":[-4,1.6,0],"rotation":[0,5,0],"uv":[0,17]},{"origin":[2,0.1,-6],"size":[4,3,12],"pivot":[4,1.6,0],"rotation":[0,-10,0],"uv":[21,21]},{"origin":[-2.5,3.1,-3],"size":[4,3,12],"pivot":[-0.5,1.6,3],"rotation":[10,92.5,0],"uv":[0,17],"mirror":true},{"origin":[-1.5,3.1,-9],"size":[4,3,12],"pivot":[0.5,1.6,-3],"rotation":[-10,80,0],"uv":[0,17]}]}]}]}