{"format_version":"1.12.0","minecraft:geometry":[{"description":{"identifier":"geometry.hive.ctf.teleporter.sandstone","texture_width":64,"texture_height":64,"visible_bounds_width":6,"visible_bounds_height":2.5,"visible_bounds_offset":[0,0.75,0]},"bones":[{"name":"root","pivot":[0,0,0]},{"name":"teleporter","parent":"root","pivot":[0,0,0],"cubes":[{"origin":[-13,0,-13],"size":[26,3,26],"uv":{"north":{"uv":[26,24],"uv_size":[26,3]},"east":{"uv":[26,24],"uv_size":[26,3]},"south":{"uv":[26,24],"uv_size":[26,3]},"west":{"uv":[26,24],"uv_size":[26,3]},"up":{"uv":[0,0],"uv_size":[26,26]},"down":{"uv":[0,52],"uv_size":[26,-26]}}},{"origin":[-17,0,-5],"size":[7,6,10],"pivot":[-17,0,0],"rotation":[0,0,7.5],"uv":{"north":{"uv":[46,36],"uv_size":[7,6]},"east":{"uv":[45,0],"uv_size":[10,6]},"south":{"uv":[46,42],"uv_size":[7,6]},"west":{"uv":[45,6],"uv_size":[10,6]},"up":{"uv":[38,0],"uv_size":[7,10]},"down":{"uv":[38,20],"uv_size":[7,-10]}}},{"origin":[10,0,-5],"size":[7,6,10],"pivot":[17,0,0],"rotation":[0,0,-7.5],"uv":{"north":{"uv":[53,36],"uv_size":[-7,6]},"east":{"uv":[55,6],"uv_size":[-10,6]},"south":{"uv":[53,42],"uv_size":[-7,6]},"west":{"uv":[55,0],"uv_size":[-10,6]},"up":{"uv":[45,0],"uv_size":[-7,10]},"down":{"uv":[45,20],"uv_size":[-7,-10]}}},{"origin":[-5,0,-17],"size":[10,6,7],"pivot":[0,0,-17],"rotation":[-7.5,0,0],"uv":{"north":{"uv":[26,43],"uv_size":[10,6]},"east":{"uv":[45,12],"uv_size":[7,6]},"south":{"uv":[36,43],"uv_size":[10,6]},"west":{"uv":[45,18],"uv_size":[7,6]},"up":{"uv":[26,36],"uv_size":[10,7]},"down":{"uv":[36,43],"uv_size":[10,-7]}}},{"origin":[-5,0,10],"size":[10,6,7],"pivot":[0,0,17],"rotation":[7.5,0,0],"uv":{"north":{"uv":[46,43],"uv_size":[-10,6]},"east":{"uv":[52,12],"uv_size":[-7,6]},"south":{"uv":[36,43],"uv_size":[-10,6]},"west":{"uv":[52,18],"uv_size":[-7,6]},"up":{"uv":[26,43],"uv_size":[10,-7]},"down":{"uv":[36,36],"uv_size":[10,7]}}}]},{"name":"rings","parent":"teleporter","pivot":[0,-1,0]},{"name":"ring1","parent":"rings","pivot":[0,2.5,0],"cubes":[{"origin":[-6,2,-6],"size":[12,1,12],"uv":{"north":{"uv":[12,52],"uv_size":[12,1]},"east":{"uv":[12,52],"uv_size":[12,1]},"south":{"uv":[12,52],"uv_size":[12,1]},"west":{"uv":[12,52],"uv_size":[12,1]}}}]},{"name":"ring2","parent":"rings","pivot":[0,5.5,0],"cubes":[{"origin":[-6,5,-6],"size":[12,1,12],"uv":{"north":{"uv":[12,52],"uv_size":[12,1]},"east":{"uv":[12,52],"uv_size":[12,1]},"south":{"uv":[12,52],"uv_size":[12,1]},"west":{"uv":[12,52],"uv_size":[12,1]}}}]},{"name":"ring3","parent":"rings","pivot":[0,8.5,0],"cubes":[{"origin":[-6,8,-6],"size":[12,1,12],"uv":{"north":{"uv":[12,52],"uv_size":[12,1]},"east":{"uv":[12,52],"uv_size":[12,1]},"south":{"uv":[12,52],"uv_size":[12,1]},"west":{"uv":[12,52],"uv_size":[12,1]}}}]},{"name":"ring4","parent":"rings","pivot":[0,11.5,0],"cubes":[{"origin":[-6,11,-6],"size":[12,1,12],"uv":{"north":{"uv":[12,52],"uv_size":[12,1]},"east":{"uv":[12,52],"uv_size":[12,1]},"south":{"uv":[12,52],"uv_size":[12,1]},"west":{"uv":[12,52],"uv_size":[12,1]}}}]}]}]}