{"minecraft:geometry":[{"description":{"identifier":"geometry.hive.hub.game.drop","texture_width":64,"texture_height":64,"visible_bounds_width":3,"visible_bounds_height":4,"visible_bounds_offset":[0,1,0]},"bones":[{"name":"root","pivot":[0,0,0]},{"name":"rightLeg","parent":"root","pivot":[-1.9,12,0],"cubes":[{"origin":[-3.9,0,-2],"size":[4,12,4],"uv":[48,16]},{"origin":[-3.9,0,-4],"size":[4,3,2],"uv":[52,45]},{"origin":[-4.9,4,-3],"size":[5,3,6],"uv":[42,36]},{"origin":[-4.9,7,-2],"size":[0,3,6],"pivot":[-4.9,7,1],"rotation":[0,0,-17.5],"uv":[19,27]}]},{"name":"leftLeg","parent":"root","pivot":[-1.9,12,0],"cubes":[{"origin":[-0.1,0,-2],"size":[4,12,4],"uv":[48,16],"mirror":true},{"origin":[-0.1,0,-4],"size":[4,3,2],"uv":[52,45],"mirror":true},{"origin":[-0.1,4,-3],"size":[5,3,6],"uv":[42,36],"mirror":true},{"origin":[4.9,7,-2],"size":[0,3,6],"pivot":[4.9,7,1],"rotation":[0,0,17.5],"uv":[19,27],"mirror":true}]},{"name":"waist","parent":"root","pivot":[0,12,0]},{"name":"body","parent":"waist","pivot":[0,24,0],"cubes":[{"origin":[-4,12,-2],"size":[8,12,4],"uv":[0,0]},{"origin":[-2,19,-3.5],"size":[4,4,2],"pivot":[0,23,-2],"rotation":[5,0,0],"uv":[24,0]},{"origin":[-3,13,-2.25],"size":[6,4,0],"uv":[0,49]}]},{"name":"cape","parent":"body","pivot":[0,23,2],"rotation":[30,0,0],"cubes":[{"origin":[-4,12,2],"size":[8,11,0],"uv":[48,0]}]},{"name":"head","parent":"body","pivot":[0,24,0],"cubes":[{"origin":[-4,24,-4],"size":[8,8,8],"uv":[0,16]},{"origin":[-4,20,4],"size":[8,4,0],"pivot":[0,24,4],"rotation":[50,0,0],"uv":[17,43]},{"origin":[-3,30,-3],"size":[6,2,5],"pivot":[0,32,-3],"rotation":[32.5,0,0],"uv":[0,32]},{"origin":[-9,26,-2],"size":[5,5,0],"pivot":[-4,28.5,-2],"rotation":[0,50,0],"uv":[0,40]},{"origin":[4,26,-2],"size":[5,5,0],"pivot":[4,28.5,-2],"rotation":[0,-50,0],"uv":[0,40],"mirror":true},{"origin":[-4,28,-4],"size":[8,3,0],"pivot":[0,31,-4],"rotation":[-25,0,0],"uv":[0,45]}]},{"name":"glass","parent":"head","pivot":[0,0,0],"cubes":[{"origin":[-4,25,-4],"size":[8,2,5],"inflate":0.25,"uv":[3,57]}]},{"name":"rightArm","parent":"body","pivot":[-5,21.5,0],"cubes":[{"origin":[-7,12,-2],"size":[3,12,4],"uv":[33,16]},{"origin":[-8,17,-3],"size":[4,3,6],"uv":[27,32]},{"origin":[-8,18,-2],"size":[0,3,6],"pivot":[-8,18,-1],"rotation":[0,0,-20],"uv":[19,27]}]},{"name":"leftArm","parent":"body","pivot":[5,21.5,0],"cubes":[{"origin":[4,12,-2],"size":[3,12,4],"uv":[33,16],"mirror":true},{"origin":[4,17,-3],"size":[4,3,6],"uv":[27,32],"mirror":true},{"origin":[8,18,-2],"size":[0,3,6],"pivot":[8,18,-1],"rotation":[0,0,20],"uv":[19,27],"mirror":true}]}]}],"format_version":"1.12.0"}