{"format_version":"1.12.0","minecraft:geometry":[{"description":{"identifier":"geometry.hive.hub.game.murder","texture_width":64,"texture_height":64,"visible_bounds_width":4,"visible_bounds_height":4,"visible_bounds_offset":[0,1,0]},"bones":[{"name":"root","pivot":[0,0,0]},{"name":"leftLeg","parent":"root","pivot":[1.9,12,0],"cubes":[{"origin":[-0.1,0,-2],"size":[4,12,4],"uv":[25,27],"mirror":true},{"origin":[-0.1,4,-3],"size":[5,3,6],"uv":[27,8],"mirror":true},{"origin":[-0.1,0,-3],"size":[4,3,1],"uv":[42,34]}]},{"name":"rightLeg","parent":"root","pivot":[-1.9,12,0],"cubes":[{"origin":[-3.9,0,-2],"size":[4,12,4],"uv":[25,27]},{"origin":[-4.9,4,-3],"size":[5,3,6],"uv":[27,8]},{"origin":[-3.9,0,-3],"size":[4,3,1],"uv":[42,34],"mirror":true}]},{"name":"waist","parent":"root","pivot":[0,12,0]},{"name":"body","parent":"waist","pivot":[0,24,0],"cubes":[{"origin":[-4,12,-2],"size":[8,12,4],"uv":[0,27]},{"origin":[-1,22,-3],"size":[2,2,1],"uv":[25,18]},{"origin":[-1,18,-3],"size":[2,3,1],"pivot":[0,21,-2],"rotation":[20,0,0],"uv":[0,14]},{"origin":[-2,12,-3],"size":[4,4,1],"pivot":[0,14,-3],"rotation":[0,0,-45],"uv":[33,18]},{"origin":[-4,8,2],"size":[8,6,0],"pivot":[0,14,2],"rotation":[25,0,0],"uv":[0,51]},{"origin":[-4.73643,21.05507,-3],"size":[3,3,1],"pivot":[-3.25,20.5,-2.5],"rotation":[0,0,-10],"uv":[53,5]},{"origin":[1.73643,21.05507,-3],"size":[3,3,1],"pivot":[3.25,20.5,-2.5],"rotation":[0,0,10],"uv":[53,5],"mirror":true},{"origin":[-3.73643,19.05507,-3],"size":[2,2,1],"pivot":[-3.25,20.5,-2.5],"rotation":[0,0,-10],"uv":[53,1]},{"origin":[1.73643,19.05507,-3],"size":[2,2,1],"pivot":[3.25,20.5,-2.5],"rotation":[0,0,10],"uv":[53,1],"mirror":true}]},{"name":"head","parent":"body","pivot":[0,24,0],"cubes":[{"origin":[-4,24,-4],"size":[8,5,8],"uv":[0,0]},{"origin":[-4,29,-4],"size":[8,4,8],"uv":[0,14]},{"origin":[-2,33,0],"size":[4,2,0],"uv":[42,0]},{"origin":[-3,29,-7],"size":[6,2,4],"pivot":[0,29,-4],"rotation":[15,0,0],"uv":[25,0]},{"origin":[-3,29,3],"size":[6,2,3],"pivot":[0,29,4],"rotation":[-25,0,0],"uv":[42,28]},{"origin":[-1,25,-5],"size":[2,2,1],"uv":[21,27]}]},{"name":"leftArm","parent":"body","pivot":[5,21.5,0],"cubes":[{"origin":[4,12,-2],"size":[3,12,4],"uv":[38,40],"mirror":true},{"origin":[7,9,-2],"size":[0,3,4],"pivot":[7,12,0],"rotation":[0,0,12.5],"uv":[44,3]},{"origin":[4,15,-3],"size":[4,3,6],"uv":[38,18],"mirror":true}]},{"name":"rightArm","parent":"body","pivot":[-5,21.5,0],"cubes":[{"origin":[-7,12,-2],"size":[3,12,4],"uv":[38,40]},{"origin":[-7,9,-2],"size":[0,3,4],"pivot":[-7,12,0],"rotation":[0,0,-12.5],"uv":[44,3]},{"origin":[-8,15,-3],"size":[4,3,6],"uv":[38,18]}]},{"name":"glass","parent":"rightArm","pivot":[-5,11.9,-2],"cubes":[{"origin":[-6,11,-6],"size":[2,2,6],"uv":[22,45]},{"origin":[-2,11,-14],"size":[1,2,8],"uv":[46,48],"mirror":true},{"origin":[-8,11,-7],"size":[6,2,1],"uv":[50,61]},{"origin":[-8,11,-14],"size":[6,2,1],"uv":[50,58]},{"origin":[-9,11,-14],"size":[1,2,8],"uv":[46,48]},{"origin":[-8,12,-13],"size":[6,0,6],"uv":[0,58]}]}]}]}