{"format_version":"1.12.0","minecraft:geometry":[{"description":{"identifier":"geometry.hive.hub.game.party","texture_width":64,"texture_height":64,"visible_bounds_width":3,"visible_bounds_height":4,"visible_bounds_offset":[0,1,0]},"bones":[{"name":"root","pivot":[0,0,0]},{"name":"bone","parent":"root","pivot":[0,8,0],"cubes":[{"origin":[-4,8,-2],"size":[8,12,4],"uv":[32,2]}]},{"name":"rightArm","parent":"bone","pivot":[-5,18,0],"cubes":[{"origin":[-8,8,-2],"size":[4,12,4],"uv":[37,19]},{"origin":[-9,12,-3],"size":[5,3,6],"uv":[15,35]}]},{"name":"leftArm","parent":"bone","pivot":[5,18,0],"cubes":[{"origin":[4,8,-2],"size":[4,12,4],"uv":[37,19],"mirror":true},{"origin":[4,12,-3],"size":[5,3,6],"uv":[15,35],"mirror":true}]},{"name":"head","parent":"bone","pivot":[0,20,0],"cubes":[{"origin":[-4,20,-4],"size":[8,10,8],"uv":[0,0]}]},{"name":"hair","parent":"head","pivot":[0,20,0]},{"name":"rightHair","parent":"hair","pivot":[-4,25,0],"rotation":[0,35,0],"cubes":[{"origin":[-9,22,0],"size":[5,6,0],"uv":[0,27]}]},{"name":"leftHair","parent":"hair","pivot":[4,25,0],"rotation":[0,-35,0],"cubes":[{"origin":[4,22,0],"size":[5,6,0],"uv":[0,27],"mirror":true}]},{"name":"eyes","parent":"head","pivot":[0,20,0]},{"name":"rightEye","parent":"eyes","pivot":[-2,24,-4.01],"cubes":[{"origin":[-3,23,-4.1],"size":[2,2,0],"uv":[11,20]}]},{"name":"rightPupil","parent":"rightEye","pivot":[-2,24,-4.02],"cubes":[{"origin":[-2,23,-4.15],"size":[1,1,0],"uv":[0,20]}]},{"name":"leftEye","parent":"eyes","pivot":[2,24,-4.01],"cubes":[{"origin":[1,23,-4.1],"size":[2,2,0],"uv":[11,20],"mirror":true}]},{"name":"leftPupil","parent":"leftEye","pivot":[2,24,-4.02],"cubes":[{"origin":[1,23,-4.15],"size":[1,1,0],"uv":[0,20],"mirror":true}]},{"name":"mouth","parent":"head","pivot":[0,20,0]},{"name":"open","parent":"mouth","pivot":[0,20,-4.01],"cubes":[{"origin":[-3,19,-4.1],"size":[6,3,0],"uv":[29,20]}]},{"name":"nose","parent":"head","pivot":[0,22,-4],"cubes":[{"origin":[-1,19,-5.99],"size":[2,4,2],"uv":[12,25]}]},{"name":"eyebrow2","parent":"head","pivot":[0,25,-4.25],"cubes":[{"origin":[-4,24,-4.25],"size":[4,2,0],"pivot":[0,24,-4.25],"rotation":[0,0,15],"uv":[24,4]},{"origin":[0,24,-4.26],"size":[4,2,0],"pivot":[0,24,-4.26],"rotation":[0,0,-15],"uv":[0,6]}]},{"name":"goggles","parent":"head","pivot":[0,29,0],"cubes":[{"origin":[-4.5,28,-4],"size":[0,2,9],"uv":[0,9]},{"origin":[4.5,28,-4],"size":[0,2,9],"uv":[0,9],"mirror":true},{"origin":[-4.5,28,5],"size":[9,2,0],"uv":[24,0]},{"origin":[-2,28,-4.5],"size":[4,2,0],"uv":[24,6]}]},{"name":"rightGoggle","parent":"goggles","pivot":[-3,29,-4],"cubes":[{"origin":[-5,27,-6],"size":[4,4,3],"uv":[0,20]}]},{"name":"leftGoggle","parent":"goggles","pivot":[3,29,-4],"cubes":[{"origin":[1,27,-6],"size":[4,4,3],"uv":[15,18]}]},{"name":"matrix","parent":"root","pivot":[-1,1,1]},{"name":"matrix2","parent":"matrix","pivot":[-2,1,4],"cubes":[{"origin":[-11,8,2],"size":[1,5,0],"uv":[2,34]},{"origin":[-9,5,1],"size":[1,5,0],"uv":[0,34]}]},{"name":"matrix8","parent":"matrix","pivot":[4,-2,0],"cubes":[{"origin":[-5,5,-2],"size":[1,5,0],"uv":[2,34]},{"origin":[-3,2,-3],"size":[1,5,0],"uv":[10,34]}]},{"name":"matrix9","parent":"matrix","pivot":[-5,-2,-3],"cubes":[{"origin":[3,5,-5],"size":[1,5,0],"uv":[2,34],"mirror":true},{"origin":[1,2,-6],"size":[1,5,0],"uv":[11,34],"mirror":true}]},{"name":"matrix5","parent":"matrix","pivot":[-3,5,3],"cubes":[{"origin":[-12,12,1],"size":[1,5,0],"uv":[7,34]},{"origin":[-10,9,0],"size":[1,5,0],"uv":[5,34]}]},{"name":"matrix6","parent":"matrix","pivot":[3,5,3],"cubes":[{"origin":[11,12,1],"size":[1,5,0],"uv":[12,34],"mirror":true},{"origin":[9,9,0],"size":[1,5,0],"uv":[10,34],"mirror":true}]},{"name":"matrix3","parent":"matrix","pivot":[2,1,4],"cubes":[{"origin":[10,8,2],"size":[1,5,0],"uv":[2,34],"mirror":true},{"origin":[8,5,1],"size":[1,5,0],"uv":[0,34],"mirror":true}]},{"name":"matrix4","parent":"matrix","pivot":[-3,1,0],"cubes":[{"origin":[2,6,-4],"size":[5,5,0],"uv":[0,46],"mirror":true},{"origin":[-7,8,-4],"size":[5,5,0],"uv":[0,40]}]},{"name":"matrix7","parent":"matrix","pivot":[-3,1,0],"cubes":[{"origin":[-2,7,-3],"size":[5,5,0],"uv":[0,52],"mirror":true}]}]}]}