{"format_version":"1.12.0","minecraft:geometry":[{"description":{"identifier":"geometry.hive.hub.game.snow","texture_width":128,"texture_height":128,"visible_bounds_width":3,"visible_bounds_height":3,"visible_bounds_offset":[0,1.5,0]},"bones":[{"name":"root","pivot":[0,0,0]},{"name":"snowball","parent":"root","pivot":[7.5,18,-6],"cubes":[{"origin":[6,16.5,-7.5],"size":[3,3,3],"uv":[62,36]}]},{"name":"leftleg","parent":"root","pivot":[1.9,12,0]},{"name":"leftlegging","parent":"leftleg","pivot":[1.9,12,0]},{"name":"leftboot","parent":"leftleg","pivot":[1.9,12,0]},{"name":"rightleg","parent":"root","pivot":[-1.9,12,0]},{"name":"rightlegging","parent":"rightleg","pivot":[-1.9,12,0]},{"name":"rightboot","parent":"rightleg","pivot":[-1.9,12,0]},{"name":"waist","parent":"root","pivot":[0,12,0],"cubes":[{"origin":[-5.5,0,-5.5],"size":[11,11,11],"uv":[0,64]}]},{"name":"body","parent":"waist","pivot":[0,11,0],"cubes":[{"origin":[-4.5,11,-4.5],"size":[9,9,9],"uv":[0,46]},{"origin":[-4.5,15,-5.5],"size":[3,5,1],"uv":[0,45]},{"origin":[-5.5,20,-5.5],"size":[11,3,11],"uv":[0,31]}]},{"name":"bodyarmor","parent":"body","pivot":[0,24,0]},{"name":"belt","parent":"body","pivot":[0,24,0]},{"name":"head","parent":"body","pivot":[0,23,0],"cubes":[{"origin":[-4,23,-4],"size":[8,7,8],"uv":[0,16]},{"origin":[-4,32,-4],"size":[8,4,8],"uv":[0,0]},{"origin":[-5,30,-5],"size":[10,2,10],"uv":[24,3]},{"origin":[-1,25,-7],"size":[2,2,3],"uv":[0,31]},{"origin":[-1,26,-8],"size":[2,1,1],"uv":[0,36]}]},{"name":"helmet","parent":"head","pivot":[0,24,0]},{"name":"leftarm","parent":"body","pivot":[4.5,20,0],"cubes":[{"origin":[4,19,-1],"size":[4,2,2],"uv":[39,16],"mirror":true},{"origin":[6,13,-1],"size":[2,6,2],"uv":[49,20],"mirror":true},{"origin":[5.5,9,-2],"size":[3,4,4],"uv":[76,34],"mirror":true},{"origin":[5.5,11,-3],"size":[2,2,1],"uv":[91,39],"mirror":true}]},{"name":"leftarmarmor","parent":"leftarm","pivot":[5,22,0]},{"name":"leftitem","parent":"leftarm","pivot":[6,15,0]},{"name":"rightarm","parent":"body","pivot":[-4.5,20,0],"cubes":[{"origin":[-8.5,19,-1],"size":[4,2,2],"uv":[39,16]},{"origin":[-8.5,14,-1],"size":[2,5,2],"uv":[39,21]},{"origin":[-8.5,14,-4],"size":[2,2,3],"uv":[37,29]},{"origin":[-9,16.5,-7.5],"size":[3,3,3],"uv":[62,36]},{"origin":[-9.5,13.5,-8],"size":[4,3,4],"uv":[37,35]},{"origin":[-10.5,14.5,-6],"size":[1,2,2],"uv":[54,38]}]},{"name":"rightarmarmor","parent":"rightarm","pivot":[-5,22,0]},{"name":"rightitem","parent":"rightarm","pivot":[-6,15,0]}]}]}