{"format_version":"1.8.0","render_controllers":{"controller.render.hive.ctf.flag":{"arrays":{"textures":{"array.textures":["Texture.default_red","Texture.default_blue","Texture.atlantis_red","Texture.atlantis_blue","Texture.cosmic_red","Texture.cosmic_blue","Texture.flourished_red","Texture.flourished_blue","Texture.heart_red","Texture.heart_blue","Texture.magma_red","Texture.magma_blue","Texture.matrix_red","Texture.matrix_blue","Texture.pirate_red","Texture.pirate_blue","Texture.royal_red","Texture.royal_blue","Texture.scifi_red","Texture.scifi_blue","Texture.sorcerer_red","Texture.sorcerer_blue","Texture.shipwreck_red","Texture.shipwreck_blue","Texture.candycane_red","Texture.candycane_blue"]},"geometries":{"array.geometries":["Geometry.default","Geometry.atlantis","Geometry.cosmic","Geometry.flourished","Geometry.heart","Geometry.magma","Geometry.matrix","Geometry.pirate","Geometry.royal","Geometry.scifi","Geometry.sorcerer","Geometry.shipwreck","Geometry.candycane"]}},"geometry":"array.geometries[query.variant]","materials":[{"*":"Material.default"},{"blend":"Material.blend"}],"textures":["array.textures[((query.variant * 2) + (query.is_baby ? 1 : 0))]"]}}}