{"format_version":"1.10.0","particle_effect":{"description":{"identifier":"hivepets:endolotl_sleeping2","basic_render_parameters":{"material":"particles_alpha","texture":"textures/particle/particles"}},"components":{"minecraft:emitter_rate_steady":{"spawn_rate":4,"max_particles":100},"minecraft:emitter_lifetime_once":{"active_time":10},"minecraft:emitter_shape_point":{"direction":["math.random(0.5,1.5)","math.random(-0.5,-2)","math.random(0.5,1.5)"]},"minecraft:particle_lifetime_expression":{"max_lifetime":4},"minecraft:particle_initial_speed":1,"minecraft:particle_motion_dynamic":{"linear_acceleration":["variable.particle_age \u003c 0.7 ? 0 : 0.1","variable.particle_age \u003c 0.7 ? 0 : 0.2","variable.particle_age \u003c 0.7 ? 0 : 0.1"],"linear_drag_coefficient":2,"rotation_acceleration":"math.random(-45,45)"},"minecraft:particle_appearance_billboard":{"size":["variable.particle_age \u003c 0.7 ? variable.particle_age/10 : 0.02*(4-variable.particle_age)","variable.particle_age \u003c 0.7 ? variable.particle_age/10 : 0.02*(4-variable.particle_age)"],"facing_camera_mode":"rotate_xyz","uv":{"texture_width":128,"texture_height":128,"flipbook":{"base_UV":[56,0],"size_UV":[8,8],"step_UV":[-8,0],"frames_per_second":3,"max_frame":6,"stretch_to_lifetime":true}}},"minecraft:particle_appearance_tinting":{"color":{"interpolant":"variable.particle_age","gradient":{"0.0":"#FFB32FF5","2.0":"#FF20183C"}}}}}}