{"format_version":"1.10.0","particle_effect":{"description":{"identifier":"hivesg:launchpad_steam","basic_render_parameters":{"material":"particles_alpha","texture":"textures/particle/particles"}},"components":{"minecraft:emitter_local_space":{"position":true,"rotation":true},"minecraft:emitter_rate_steady":{"spawn_rate":8,"max_particles":1000},"minecraft:emitter_lifetime_once":{"active_time":1},"minecraft:emitter_shape_point":{"direction":[0,1,0]},"minecraft:particle_lifetime_expression":{"max_lifetime":1},"minecraft:particle_initial_speed":-0.4,"minecraft:particle_motion_dynamic":{"linear_acceleration":[0,"-2*variable.particle_random_1",0],"linear_drag_coefficient":0.2},"minecraft:particle_appearance_billboard":{"size":[0.08,0.08],"facing_camera_mode":"rotate_xyz","uv":{"texture_width":128,"texture_height":128,"flipbook":{"base_UV":["8*7",0],"size_UV":[8,8],"step_UV":[-8,0],"frames_per_second":8,"max_frame":8}}},"minecraft:particle_appearance_tinting":{"color":[0.76471,0.93333,1,1]}}}}