{"minecraft:geometry":[{"description":{"identifier":"geometry.hive.hub.lny.banner","texture_width":64,"texture_height":96,"visible_bounds_width":6,"visible_bounds_height":6,"visible_bounds_offset":[0,2,0]},"bones":[{"name":"root","pivot":[0,0,0]},{"name":"top","parent":"root","pivot":[0,0,0],"cubes":[{"origin":[-3,47,-1],"size":[6,4,2],"uv":[0,52]},{"origin":[-4,50.5,-2],"size":[8,6,4],"uv":[0,28]},{"origin":[-5,53.5,-2],"size":[10,5,2],"pivot":[0,58.5,0],"rotation":[60,0,0],"uv":[0,38]},{"origin":[-5,53.5,0],"size":[10,5,2],"pivot":[0,58.5,0],"rotation":[-60,0,0],"uv":[24,33]},{"origin":[0,49.5,-4],"size":[6,2,8],"pivot":[0,49.5,0],"rotation":[0,0,-7.5],"uv":[32,19],"mirror":true},{"origin":[-6,49.5,-4],"size":[6,2,8],"pivot":[0,49.5,0],"rotation":[0,0,7.5],"uv":[32,19]},{"origin":[-4,45,-6],"size":[8,2,12],"uv":[0,0]}]},{"name":"pole","parent":"root","pivot":[0,12,0],"cubes":[{"origin":[-1,10,-1],"size":[2,35,2],"uv":[52,29]},{"origin":[-2,0,-2],"size":[4,10,4],"uv":[40,0]}]},{"name":"Banner1","parent":"pole","pivot":[0,14,5],"cubes":[{"origin":[-12,44,-9],"size":[5,5,4],"pivot":[-7,45,-7],"rotation":[0,0,10],"uv":[16,47]},{"origin":[-7,45,-8],"size":[14,3,2],"uv":[24,14]},{"origin":[7,44,-9],"size":[5,5,4],"pivot":[7,45,-7],"rotation":[0,0,-10],"uv":[16,47],"mirror":true}],"locators":{"banner1":[0,36,-8]}},{"name":"plane1","parent":"Banner1","pivot":[0,45,-7],"cubes":[{"origin":[-9,41,-7],"size":[18,4,0],"uv":[16,57]}]},{"name":"plane2","parent":"plane1","pivot":[0,41,-7],"cubes":[{"origin":[-9,37,-7],"size":[18,4,0],"uv":[16,61]}]},{"name":"plane3","parent":"plane2","pivot":[0,37,-7],"cubes":[{"origin":[-9,33,-7],"size":[18,4,0],"uv":[16,65]}]},{"name":"plane4","parent":"plane3","pivot":[0,33,-7],"cubes":[{"origin":[-9,29,-7],"size":[18,4,0],"uv":[16,69]}]},{"name":"plane5","parent":"plane4","pivot":[0,29,-7],"cubes":[{"origin":[-9,25,-7],"size":[18,4,0],"uv":[16,73]}]},{"name":"plane6","parent":"plane5","pivot":[0,25,-7],"cubes":[{"origin":[-9,21,-7],"size":[18,4,0],"uv":[16,77]}]},{"name":"plane7","parent":"plane6","pivot":[0,21,-7],"cubes":[{"origin":[-9,17,-7],"size":[18,4,0],"uv":[16,81]}]},{"name":"Banner2","parent":"pole","pivot":[0,14,11],"cubes":[{"origin":[7,44,5],"size":[5,5,4],"pivot":[7,45,7],"rotation":[0,0,-10],"uv":[16,47],"mirror":true},{"origin":[-12,44,5],"size":[5,5,4],"pivot":[-7,45,7],"rotation":[0,0,10],"uv":[16,47]},{"origin":[-7,45,6],"size":[14,3,2],"uv":[24,14]}],"locators":{"banner2":[0,36,8]}},{"name":"plane8","parent":"Banner2","pivot":[0,45,7],"cubes":[{"origin":[-9,41,7],"size":[18,4,0],"uv":[16,57],"mirror":true}]},{"name":"plane9","parent":"plane8","pivot":[0,41,7],"cubes":[{"origin":[-9,37,7],"size":[18,4,0],"uv":[16,61],"mirror":true}]},{"name":"plane10","parent":"plane9","pivot":[0,37,7],"cubes":[{"origin":[-9,33,7],"size":[18,4,0],"uv":[16,65],"mirror":true}]},{"name":"plane11","parent":"plane10","pivot":[0,33,7],"cubes":[{"origin":[-9,29,7],"size":[18,4,0],"uv":[16,69],"mirror":true}]},{"name":"plane12","parent":"plane11","pivot":[0,29,7],"cubes":[{"origin":[-9,25,7],"size":[18,4,0],"uv":[16,73],"mirror":true}]},{"name":"plane13","parent":"plane12","pivot":[0,25,7],"cubes":[{"origin":[-9,21,7],"size":[18,4,0],"uv":[16,77],"mirror":true}]},{"name":"plane14","parent":"plane13","pivot":[0,21,7],"cubes":[{"origin":[-9,17,7],"size":[18,4,0],"uv":[16,81],"mirror":true}]},{"name":"ArmLeft","parent":"root","pivot":[-17.4704,35.05339,0],"cubes":[{"origin":[-16,45,-1],"size":[12,2,2],"pivot":[-4,45,0],"rotation":[0,0,10],"uv":[24,29]},{"origin":[-19.4704,46.55339,-2],"size":[4,3,4],"uv":[24,40]}]},{"name":"LanternLeft","parent":"ArmLeft","pivot":[-17.4704,46.5,0],"cubes":[{"origin":[-19.4704,36.55339,-2],"size":[4,1,4],"uv":[32,43]},{"origin":[-19.4704,33.55339,-2],"size":[4,3,4],"uv":[0,45]},{"origin":[-21.4704,37.55339,-4],"size":[8,6,8],"uv":[0,14]},{"origin":[-17.4704,43.55339,-1],"size":[0,3,2],"pivot":[-17.4704,45.05339,0],"rotation":[0,45,0],"uv":[4,-2]}]},{"name":"lanternleftbot","parent":"LanternLeft","pivot":[-17.4704,37.5,0],"cubes":[{"origin":[-17.4704,30.55339,-1],"size":[0,6,2],"pivot":[-17.4704,35.05339,0],"rotation":[0,45,0],"uv":[0,-2]}]},{"name":"ArmRight","parent":"root","pivot":[4,45,0],"cubes":[{"origin":[15.4704,46.55339,-2],"size":[4,3,4],"uv":[24,40]},{"origin":[4,45,-1],"size":[12,2,2],"pivot":[4,45,0],"rotation":[0,0,-10],"uv":[24,29],"mirror":true}]},{"name":"LanterRight","parent":"ArmRight","pivot":[17.4704,46.5,0],"cubes":[{"origin":[13.4704,37.55339,-4],"size":[8,6,8],"uv":[0,14]},{"origin":[17.4704,43.55339,-1],"size":[0,3,2],"pivot":[17.4704,45.05339,0],"rotation":[0,-45,0],"uv":[4,-2]},{"origin":[15.4704,36.55339,-2],"size":[4,1,4],"uv":[32,43]},{"origin":[15.4704,33.55339,-2],"size":[4,3,4],"uv":[0,45],"mirror":true}]},{"name":"lanternrightbot","parent":"LanterRight","pivot":[17.4704,37.5,0],"cubes":[{"origin":[17.4704,30.55339,-1],"size":[0,6,2],"pivot":[17.4704,35.05339,0],"rotation":[0,-45,0],"uv":[0,-2]}]}]}],"format_version":"1.12.0"}