{"format_version":"1.12.0","minecraft:geometry":[{"description":{"identifier":"geometry.hive.hub.lny.rabbit.statue","texture_width":72,"texture_height":76,"visible_bounds_width":4,"visible_bounds_height":5,"visible_bounds_offset":[0,1.5,0]},"bones":[{"name":"root","pivot":[0,0,0]},{"name":"bunny","parent":"root","pivot":[0,0,-2],"cubes":[{"origin":[-8,12,-12.65],"size":[7,4,9],"pivot":[-4,12,-6.65],"rotation":[0,5,0],"uv":{"north":{"uv":[7,21],"uv_size":[7,4]},"east":{"uv":[0,26],"uv_size":[9,4]},"south":{"uv":[15,8],"uv_size":[7,4]},"west":{"uv":[7,17],"uv_size":[9,4]},"up":{"uv":[0,17],"uv_size":[7,9]},"down":{"uv":[6,26],"uv_size":[1,-9]}}},{"origin":[1,12,-12.65],"size":[7,4,9],"pivot":[4,12,-6.65],"rotation":[0,-5,0],"uv":{"north":{"uv":[14,21],"uv_size":[-7,4]},"east":{"uv":[16,17],"uv_size":[-9,4]},"south":{"uv":[22,8],"uv_size":[-7,4]},"west":{"uv":[9,26],"uv_size":[-9,4]},"up":{"uv":[7,17],"uv_size":[-7,9]},"down":{"uv":[7,26],"uv_size":[-1,-9]}}}]},{"name":"rightBackLeg","parent":"bunny","pivot":[-9,18,10],"rotation":[0,10,0],"cubes":[{"origin":[-10,16,5],"size":[6,8,9],"uv":{"north":{"uv":[9,9],"uv_size":[6,8]},"east":{"uv":[0,9],"uv_size":[9,8]},"south":{"uv":[21,0],"uv_size":[6,8]},"west":{"uv":[12,0],"uv_size":[9,8]},"up":{"uv":[0,0],"uv_size":[6,9]},"down":{"uv":[6,9],"uv_size":[6,-9]}}},{"origin":[-10,12,2],"size":[6,4,8],"uv":{"north":{"uv":[52,52],"uv_size":[6,4]},"east":{"uv":[56,48],"uv_size":[8,4]},"south":{"uv":[60,56],"uv_size":[6,4]},"west":{"uv":[52,56],"uv_size":[8,4]},"up":{"uv":[62,40],"uv_size":[6,8]},"down":{"uv":[67,48],"uv_size":[1,-8]}}}]},{"name":"leftBackLeg","parent":"bunny","pivot":[9,18,10],"rotation":[0,-10,0],"cubes":[{"origin":[4,16,5],"size":[6,8,9],"uv":{"north":{"uv":[15,9],"uv_size":[-6,8]},"east":{"uv":[21,0],"uv_size":[-9,8]},"south":{"uv":[27,0],"uv_size":[-6,8]},"west":{"uv":[9,9],"uv_size":[-9,8]},"up":{"uv":[6,0],"uv_size":[-6,9]},"down":{"uv":[12,9],"uv_size":[-6,-9]}}},{"origin":[4,12,2],"size":[6,4,8],"uv":{"north":{"uv":[58,52],"uv_size":[-6,4]},"east":{"uv":[60,56],"uv_size":[-8,4]},"south":{"uv":[66,56],"uv_size":[-6,4]},"west":{"uv":[64,48],"uv_size":[-8,4]},"up":{"uv":[68,40],"uv_size":[-6,8]},"down":{"uv":[68,48],"uv_size":[-1,-8]}}}]},{"name":"body","parent":"bunny","pivot":[0,33,-4],"rotation":[-17.5,0,0],"cubes":[{"origin":[-7,23,-4],"size":[14,10,18],"uv":{"north":{"uv":[50,18],"uv_size":[14,10]},"east":{"uv":[32,18],"uv_size":[18,10]},"south":{"uv":[58,0],"uv_size":[14,10]},"west":{"uv":[50,18],"uv_size":[-18,10]},"up":{"uv":[30,0],"uv_size":[14,18]},"down":{"uv":[44,18],"uv_size":[14,-18]}}},{"origin":[-7,12,-4],"size":[5,11,5],"uv":{"north":{"uv":[37,52],"uv_size":[5,11]},"east":{"uv":[32,52],"uv_size":[5,11]},"south":{"uv":[47,52],"uv_size":[5,11]},"west":{"uv":[42,52],"uv_size":[5,11]}}},{"origin":[2,12,-4],"size":[5,11,5],"uv":{"north":{"uv":[42,52],"uv_size":[-5,11]},"east":{"uv":[47,52],"uv_size":[-5,11]},"south":{"uv":[52,52],"uv_size":[-5,11]},"west":{"uv":[37,52],"uv_size":[-5,11]}}}]},{"name":"tail","parent":"body","pivot":[0,33.34341,13.71672],"rotation":[10,0,0],"cubes":[{"origin":[-3,31.34341,10.71672],"size":[6,6,6],"uv":{"north":{"uv":[64,16],"uv_size":[6,6]},"east":{"uv":[58,10],"uv_size":[6,6]},"south":{"uv":[56,40],"uv_size":[6,6]},"west":{"uv":[64,10],"uv_size":[-6,6]},"up":{"uv":[64,10],"uv_size":[6,6]},"down":{"uv":[64,28],"uv_size":[6,-6]}}}]},{"name":"head","parent":"bunny","pivot":[0,30,-6],"cubes":[{"origin":[-6,30,-12],"size":[12,12,12],"uv":{"north":{"uv":[44,28],"uv_size":[12,12]},"east":{"uv":[32,28],"uv_size":[12,12]},"south":{"uv":[44,40],"uv_size":[12,12]},"west":{"uv":[44,28],"uv_size":[-12,12]},"up":{"uv":[56,28],"uv_size":[12,12]},"down":{"uv":[32,52],"uv_size":[12,-12]}}},{"origin":[-8,30,-12.1],"size":[2,5,5],"pivot":[-6,30,-9.5],"rotation":[0,0,5],"uv":{"north":{"uv":[29,23],"uv_size":[1,5]},"east":{"uv":[25,23],"uv_size":[5,5]},"south":{"uv":[30,16],"uv_size":[-2,-5]},"up":{"uv":[30,23],"uv_size":[2,5]},"down":{"uv":[28,16],"uv_size":[2,-5]}}},{"origin":[-4,30,-15],"size":[8,5,3],"uv":{"north":{"uv":[9,25],"uv_size":[8,5]},"east":{"uv":[28,18],"uv_size":[3,5]},"west":{"uv":[31,18],"uv_size":[-3,5]},"up":{"uv":[17,23],"uv_size":[8,3]},"down":{"uv":[17,29],"uv_size":[8,-3]}}}]},{"name":"rightEar","parent":"head","pivot":[-6,42,-6],"rotation":[0,0,-12.5],"cubes":[{"origin":[-6,40,-7],"size":[5,11,2],"uv":{"north":{"uv":[18,12],"uv_size":[5,11]},"east":{"uv":[16,12],"uv_size":[2,11]},"south":{"uv":[23,11],"uv_size":[5,11]},"west":{"uv":[27,0],"uv_size":[2,11]},"up":{"uv":[22,8],"uv_size":[5,2]}}}]},{"name":"leftEar","parent":"head","pivot":[6,42,-5.8],"rotation":[-10,0,12.5],"cubes":[{"origin":[1,40,-6.8],"size":[5,7,2],"uv":{"north":{"uv":[34,65],"uv_size":[5,7]},"east":{"uv":[32,65],"uv_size":[2,7]},"south":{"uv":[41,65],"uv_size":[5,7]},"west":{"uv":[39,65],"uv_size":[2,7]},"up":{"uv":[32,63],"uv_size":[5,2]}}},{"origin":[1,45,-11.8],"size":[5,2,5],"uv":{"north":{"uv":[42,63],"uv_size":[5,2]},"east":{"uv":[37,63],"uv_size":[5,2]},"west":{"uv":[47,63],"uv_size":[5,2]},"up":{"uv":[46,65],"uv_size":[5,5]},"down":{"uv":[46,75],"uv_size":[5,-5]}}}]},{"name":"platform","parent":"root","pivot":[0,0,0],"cubes":[{"origin":[-16,0,-16],"size":[32,12,32],"uv":{"north":{"uv":[0,32],"uv_size":[32,12]},"east":{"uv":[0,32],"uv_size":[32,12]},"south":{"uv":[0,32],"uv_size":[32,12]},"west":{"uv":[0,32],"uv_size":[32,12]},"up":{"uv":[0,44],"uv_size":[32,32]}}}]}]}]}