{"format_version":"1.8.0","animations":{"animation.player.riding.legs":{"loop":true,"bones":{"leftleg":{"rotation":["query.is_charging ? 0.0 : (-72.0 - this)","query.is_charging ? 0.0 : (-18.0 - this)","query.is_charging ? 0.0 : -this"]},"rightleg":{"rotation":["query.is_charging ? 0.0 : (-72.0 - this)","query.is_charging ? 0.0 : (18.0 - this)","query.is_charging ? 0.0 : -this"]}}},"animation.player.riding.arms":{"loop":true,"bones":{"leftarm":{"rotation":["query.is_charging ? 0.0 : -36.0",0.0,0.0]},"rightarm":{"rotation":["query.is_charging ? 0.0 : -36.0",0.0,0.0]}}}}}