{"format_version":"1.12.0","minecraft:geometry":[{"description":{"identifier":"geometry.hive.hub.game.wars.male","texture_width":64,"texture_height":64,"visible_bounds_width":3,"visible_bounds_height":3,"visible_bounds_offset":[0,1.5,0]},"bones":[{"name":"root","pivot":[0,0,0]},{"name":"leftleg","parent":"root","pivot":[1.9,12,0],"cubes":[{"origin":[-0.1,5,-2],"size":[4,7,4],"uv":[48,32]},{"origin":[0.4,3,-1.5],"size":[3,2,3],"uv":[52,43]},{"origin":[0.9,0,-1],"size":[2,3,2],"uv":[56,48]}]},{"name":"rightleg","parent":"root","pivot":[-1.9,12,0],"cubes":[{"origin":[-3.9,0,-2],"size":[4,12,4],"uv":[48,16]},{"origin":[-3.9,0,-3],"size":[4,3,1],"uv":[34,47]},{"origin":[-4.4,4,-2.5],"size":[5,2,5],"uv":[13,44]}]},{"name":"waist","parent":"root","pivot":[0,12,0]},{"name":"body","parent":"waist","pivot":[0,24,0],"cubes":[{"origin":[-4,12,-2],"size":[8,12,4],"uv":[0,0]},{"origin":[-1.5,12,-3],"size":[3,3,1],"uv":[29,11]}]},{"name":"head","parent":"body","pivot":[0,24,0],"cubes":[{"origin":[-4,24,-4],"size":[8,8,8],"uv":[0,16]},{"origin":[-3.5,26.5,-4.99],"size":[3,3,1],"uv":[24,0]},{"origin":[-4.5,22,-4.5],"size":[9,2,3],"uv":[40,0]},{"origin":[-4.5,24,-4.5],"size":[2,1,3],"uv":[29,4]},{"origin":[2.5,24,-4.5],"size":[2,1,3],"uv":[29,4],"mirror":true},{"origin":[-3.5,21,-4.5],"size":[7,1,3],"uv":[40,5]},{"origin":[-2.5,20,-4.5],"size":[5,1,2],"uv":[33,42]},{"origin":[-2,26,-5],"size":[4,1,1],"uv":[33,0]},{"origin":[-3,23.5,-5],"size":[1,3,1],"uv":[24,5]},{"origin":[2,23.5,-5],"size":[1,3,1],"uv":[24,5]},{"origin":[-6,31,-5],"size":[12,2,10],"uv":[20,52]},{"origin":[-7,32,-4],"size":[2,2,8],"uv":[0,54]},{"origin":[5,32,-4],"size":[2,2,8],"uv":[0,54],"mirror":true},{"origin":[-3.5,32,-6],"size":[7,4,2],"uv":[0,35]},{"origin":[-3.5,32,5],"size":[7,2,1],"uv":[16,41]},{"origin":[-2.5,36,-6],"size":[5,1,2],"uv":[0,32]},{"origin":[-2.5,34,5],"size":[5,1,1],"uv":[17,32]},{"origin":[-3,33,-3],"size":[6,2,6],"uv":[0,46]},{"origin":[-2,35,-2],"size":[4,1,4],"uv":[0,41]}]},{"name":"leftarm","parent":"body","pivot":[5,22,0],"cubes":[{"origin":[4,12,-2],"size":[4,12,4],"uv":[32,26]}]},{"name":"rightarm","parent":"body","pivot":[-5,22,0],"cubes":[{"origin":[-8,18,-2],"size":[4,6,4],"uv":[32,16]},{"origin":[-7.5,16,-1.5],"size":[3,2,3],"uv":[38,10]},{"origin":[-6.5,15,-0.5],"size":[1,1,1],"uv":[51,10]},{"origin":[-8.5,14,-0.5],"size":[3,1,1],"uv":[56,10]},{"origin":[-8.5,12,-0.5],"size":[1,2,1],"uv":[51,12]},{"origin":[-8.5,11,-0.5],"size":[3,1,1],"uv":[56,13]}]}]}]}