{"minecraft:geometry":[{"description":{"identifier":"geometry.hive.sky.kits.bridge.builder","texture_width":64,"texture_height":64,"visible_bounds_width":3,"visible_bounds_height":3,"visible_bounds_offset":[0,0.5,0]},"bones":[{"name":"root","pivot":[0,0,0]},{"name":"hammer","parent":"root","pivot":[0,5.5,5],"cubes":[{"origin":[-3,4,-6],"size":[5,6,5],"uv":[0,12]},{"origin":[-2,5.5,-1],"size":[3,3,7],"uv":[22,7]},{"origin":[-3,8,-6],"size":[5,2,4],"pivot":[0,10,-6],"rotation":[60,0,0],"uv":[20,0]}]},{"name":"end","parent":"hammer","pivot":[0,4,-3.25],"cubes":[{"origin":[-2,3,-5],"size":[3,1,3],"uv":[0,8]},{"origin":[-3,0,-6],"size":[5,3,5],"uv":[0,0]}]}]}],"format_version":"1.12.0"}