{"format_version":"1.8.0","render_controllers":{"controller.render.hive.hub.arcade.portal.frame":{"geometry":"Geometry.default","materials":[{"*":"Material.default"}],"textures":["Texture.default"],"part_visibility":[{"hovercar":"query.variant \u003d\u003d 1"},{"egg":"query.variant \u003d\u003d 2"},{"disc":"query.variant \u003d\u003d 3"},{"flag*":"query.variant \u003d\u003d 4"},{"burger*":"query.variant \u003d\u003d 5"},{"donut":"query.variant \u003d\u003d 6"},{"globe":"query.variant \u003d\u003d 7"},{"luckyblock":"query.variant \u003d\u003d 8"},{"football":"query.variant \u003d\u003d 9"},{"goldMailbot*":"query.variant \u003d\u003d 10"}]},"controller.render.hive.hub.arcade.portal.layer.foreground":{"geometry":"Geometry.layer_foreground","materials":[{"*":"Material.uv"}],"textures":["Texture.layer_foreground"],"uv_anim":{"offset":["variable.movement_delta * -1",0.0],"scale":[1.0,1.0]},"light_color_multiplier":1.0,"ignore_lighting":true},"controller.render.hive.hub.arcade.portal.layer.midground":{"geometry":"Geometry.layer_midground","materials":[{"*":"Material.uv"}],"textures":["Texture.layer_midground"],"uv_anim":{"offset":["variable.movement_delta * -0.3",0.0],"scale":[1.0,1.0]},"light_color_multiplier":1.0,"ignore_lighting":true},"controller.render.hive.hub.arcade.portal.layer.background":{"geometry":"Geometry.layer_background","materials":[{"*":"Material.uv"}],"textures":["Texture.layer_background"],"uv_anim":{"offset":["variable.movement_delta * 0.7",0.0],"scale":[1.0,1.0]},"light_color_multiplier":1.0,"ignore_lighting":true},"controller.render.hive.hub.arcade.portal.layer.sky":{"geometry":"Geometry.layer_sky","materials":[{"*":"Material.uv"}],"textures":["Texture.layer_sky"],"uv_anim":{"offset":["variable.movement_delta * 1.2","0.0"],"scale":[1.0,1.0]},"light_color_multiplier":1.0,"ignore_lighting":true}}}