{"format_version":"1.8.0","render_controllers":{"controller.render.hive.hub.arcade.station.sign.sign":{"geometry":"Geometry.sign","materials":[{"*":"Material.default"}],"textures":["Texture.sign"],"light_color_multiplier":0.7,"ignore_lighting":true},"controller.render.hive.hub.arcade.station.sign.text":{"geometry":"Geometry.text","materials":[{"*":"Material.uv"}],"textures":["Texture.text"],"uv_anim":{"offset":["query.life_time * 0.1",0.0],"scale":[1.0,1.0]},"light_color_multiplier":1.0,"ignore_lighting":true}}}