{"format_version":"1.12.0","minecraft:geometry":[{"description":{"identifier":"geometry.hive.ctf.capture.zone","texture_width":32,"texture_height":32,"visible_bounds_width":8,"visible_bounds_height":6,"visible_bounds_offset":[0,2,0]},"bones":[{"name":"root","pivot":[0,0,0]},{"name":"bone","parent":"root","pivot":[0,0,0],"cubes":[{"origin":[-10,0,-24.27963],"size":[20,5,0],"uv":{"north":{"uv":[0,3],"uv_size":[1,5]}}},{"origin":[-10,0,-24.27963],"size":[20,5,0],"pivot":[0,3.5,-0.1375],"rotation":[0,-45,0],"uv":{"north":{"uv":[0,3],"uv_size":[1,5]}}},{"origin":[-10,0,-24.27963],"size":[20,5,0],"pivot":[0,3.5,-0.1375],"rotation":[0,-90,0],"uv":{"north":{"uv":[0,3],"uv_size":[1,5]}}},{"origin":[-10,0,-24.27963],"size":[20,5,0],"pivot":[0,3.5,-0.1375],"rotation":[0,-135,0],"uv":{"north":{"uv":[0,3],"uv_size":[1,5]}}},{"origin":[-10,0,-24.27963],"size":[20,5,0],"pivot":[0,3.5,-0.1375],"rotation":[0,180,0],"uv":{"north":{"uv":[0,3],"uv_size":[1,5]}}},{"origin":[-10,0,-24.27963],"size":[20,5,0],"pivot":[0,3.5,-0.1375],"rotation":[0,135,0],"uv":{"north":{"uv":[0,3],"uv_size":[1,5]}}},{"origin":[-10,0,-24.27963],"size":[20,5,0],"pivot":[0,3.5,-0.1375],"rotation":[0,90,0],"uv":{"north":{"uv":[0,3],"uv_size":[1,5]}}},{"origin":[-10,0,-24.27963],"size":[20,5,0],"pivot":[0,3.5,-0.1375],"rotation":[0,45,0],"uv":{"north":{"uv":[0,3],"uv_size":[1,5]}}}]}]}]}