{"format_version":"1.12.0","minecraft:geometry":[{"description":{"identifier":"geometry.hive.ctf.progress.bar","texture_width":8,"texture_height":6,"visible_bounds_width":3,"visible_bounds_height":1.5,"visible_bounds_offset":[0,0.25,0]},"bones":[{"name":"root","pivot":[0,3,0]},{"name":"background","parent":"root","pivot":[0,0,0],"cubes":[{"origin":[-15,1,-0.2],"size":[30,4,0],"uv":{"north":{"uv":[7,0],"uv_size":[1,4]}}},{"origin":[-16,0,0],"size":[1,6,0],"uv":{"north":{"uv":[0,0],"uv_size":[1,6]}}},{"origin":[-15,0,0],"size":[30,6,0],"uv":{"north":{"uv":[1,0],"uv_size":[1,6]}}},{"origin":[15,0,0],"size":[1,6,0],"uv":{"north":{"uv":[1,0],"uv_size":[-1,6]}}},{"origin":[15,0,-0.6],"size":[1,6,0],"uv":{"north":{"uv":[1,0],"uv_size":[-1,6]}}},{"origin":[14,0,-0.6],"size":[1,6,0],"uv":{"north":{"uv":[3,0],"uv_size":[-1,6]}}},{"origin":[-14,0,-0.6],"size":[28,6,0],"uv":{"north":{"uv":[2.5,0],"uv_size":[1,6]}}},{"origin":[-16,0,-0.6],"size":[1,6,0],"uv":{"north":{"uv":[0,0],"uv_size":[1,6]}}},{"origin":[-15,0,-0.6],"size":[1,6,0],"uv":{"north":{"uv":[2,0],"uv_size":[1,6]}}}]},{"name":"progress","parent":"root","pivot":[-15,3,0],"cubes":[{"origin":[-15,1,-0.4],"size":[1,4,0],"uv":{"north":{"uv":[5.5,0],"uv_size":[1,4]}}}]}]}]}