{"format_version":"1.12.0","minecraft:geometry":[{"description":{"identifier":"geometry.hive.ctf.upgrade.station","texture_width":256,"texture_height":128,"visible_bounds_width":6,"visible_bounds_height":7,"visible_bounds_offset":[0,2.5,0]},"bones":[{"name":"root","pivot":[0,0,0]},{"name":"body","parent":"root","pivot":[0,0,0],"cubes":[{"origin":[8.9,0,10],"size":[7,13,16],"pivot":[18,7,18],"rotation":[0,-45,0],"uv":{"west":{"uv":[80,76],"uv_size":[-16,13]},"up":{"uv":[71,60],"uv_size":[-7,16]}}},{"origin":[-15.9,0,10],"size":[7,13,16],"pivot":[-18,7,18],"rotation":[0,45,0],"uv":{"east":{"uv":[64,76],"uv_size":[16,13]},"up":{"uv":[64,60],"uv_size":[7,16]}}},{"origin":[-15.9,0,-26],"size":[7,13,16],"pivot":[-18,7,-18],"rotation":[0,-45,0],"uv":{"east":{"uv":[80,76],"uv_size":[-16,13]},"up":{"uv":[64,76],"uv_size":[7,-16]}}},{"origin":[8.9,0,-26],"size":[7,13,16],"pivot":[18,7,-18],"rotation":[0,45,0],"uv":{"west":{"uv":[64,76],"uv_size":[16,13]},"up":{"uv":[71,76],"uv_size":[-7,-16]}}},{"origin":[-12,0,-12],"size":[24,48,24],"uv":{"north":{"uv":[211,0],"uv_size":[24,48]},"east":{"uv":[211,0],"uv_size":[24,48]},"south":{"uv":[211,0],"uv_size":[24,48]},"west":{"uv":[211,0],"uv_size":[24,48]}}}]},{"name":"top","parent":"body","pivot":[0,48,0],"cubes":[{"origin":[-16,56,-16],"size":[32,8,32],"uv":{"north":{"uv":[32,88],"uv_size":[32,8]},"east":{"uv":[32,88],"uv_size":[32,8]},"south":{"uv":[32,88],"uv_size":[32,8]},"west":{"uv":[32,88],"uv_size":[32,8]},"up":{"uv":[32,56],"uv_size":[32,32]}}},{"origin":[-24,48,-24],"size":[48,8,48],"uv":{"north":{"uv":[48,48],"uv_size":[48,8]},"east":{"uv":[48,48],"uv_size":[48,8]},"south":{"uv":[48,48],"uv_size":[48,8]},"west":{"uv":[48,48],"uv_size":[48,8]},"up":{"uv":[48,0],"uv_size":[48,48]},"down":{"uv":[96,48],"uv_size":[48,-48]}}}]},{"name":"sign","parent":"top","pivot":[0,64,0]},{"name":"blend","parent":"sign","pivot":[0,0,0],"cubes":[{"origin":[-24,72,0],"size":[48,12,0],"uv":{"north":{"uv":[101,61],"uv_size":[48,12]},"south":{"uv":[101,61],"uv_size":[48,12]}}}]},{"name":"alpha_blend","parent":"sign","pivot":[0,0,0],"cubes":[{"origin":[-23,64,0],"size":[46,8,0],"uv":{"north":{"uv":[102,73],"uv_size":[46,8]},"south":{"uv":[102,73],"uv_size":[46,8]}}}]},{"name":"text","parent":"sign","pivot":[0,73,0],"cubes":[{"origin":[-24,69,-1],"size":[48,9,0],"uv":{"north":{"uv":[97,49],"uv_size":[56,10]}}},{"origin":[-24,69,1],"size":[48,9,0],"uv":{"south":{"uv":[97,49],"uv_size":[56,10]}}}]},{"name":"side1","parent":"body","pivot":[0,18,-12],"cubes":[{"origin":[-15,23,-20],"size":[30,21,3],"pivot":[0,44,-20],"rotation":[10,0,0],"uv":{"north":{"uv":[18,3],"uv_size":[30,21]},"east":{"uv":[15,3],"uv_size":[3,21]},"south":{"uv":[19,0],"uv_size":[-1,1]},"west":{"uv":[18,3],"uv_size":[-3,21]},"up":{"uv":[18,0],"uv_size":[30,3]},"down":{"uv":[108,214],"uv_size":[30,3]}}},{"origin":[-12,0,-24],"size":[24,14,12],"uv":{"north":{"uv":[12,42],"uv_size":[24,14]},"east":{"uv":[0,42],"uv_size":[12,14]},"south":{"uv":[197,185],"uv_size":[24,14]},"west":{"uv":[36,42],"uv_size":[12,14]},"up":{"uv":[12,30],"uv_size":[24,12]}}}]},{"name":"purchase1","parent":"side1","pivot":[0,32,-18],"cubes":[{"origin":[-8,27,-18.2],"size":[17,13,0],"pivot":[0,44,-20],"rotation":[10,0,0],"uv":{"north":{"uv":[188,77],"uv_size":[-26,17]},"south":{"uv":[207,63],"uv_size":[-18,13]}}}]},{"name":"screen1","parent":"side1","pivot":[0,1,-17],"cubes":[{"origin":[-13,-7,-19.1],"size":[26,16,0],"uv":{"south":{"uv":[162,60],"uv_size":[26,17]}}}]},{"name":"panel5","parent":"side1","pivot":[-2,14,-22],"rotation":[20,0,0],"cubes":[{"origin":[-7,10,-22],"size":[14,6,8],"uv":{"north":{"uv":[176,53],"uv_size":[-14,6]},"east":{"uv":[184,53],"uv_size":[-8,6]},"south":{"uv":[163,45],"uv_size":[-1,1]},"west":{"uv":[184,53],"uv_size":[-8,6]},"up":{"uv":[176,45],"uv_size":[-14,8]},"down":{"uv":[225,131],"uv_size":[14,8]}}}]},{"name":"button5","parent":"panel5","pivot":[-3,16,-18],"cubes":[{"origin":[-4.5,15.5,-19.5],"size":[3,2,3],"uv":{"north":{"uv":[12,68],"uv_size":[-3,2]},"east":{"uv":[3,68],"uv_size":[-3,2]},"south":{"uv":[6,68],"uv_size":[-3,2]},"west":{"uv":[9,68],"uv_size":[-3,2]},"up":{"uv":[3,65],"uv_size":[3,3]},"down":{"uv":[6,65],"uv_size":[3,3]}}}]},{"name":"button6","parent":"panel5","pivot":[3,16,-18],"cubes":[{"origin":[1.5,15.5,-19.5],"size":[3,2,3],"uv":{"north":{"uv":[24,68],"uv_size":[-3,2]},"east":{"uv":[15,68],"uv_size":[-3,2]},"south":{"uv":[18,68],"uv_size":[-3,2]},"west":{"uv":[21,68],"uv_size":[-3,2]},"up":{"uv":[15,65],"uv_size":[3,3]},"down":{"uv":[18,65],"uv_size":[3,3]}}}]},{"name":"joystick1","parent":"side1","pivot":[-9,13,-18],"cubes":[{"origin":[-10,17,-19],"size":[2,2,2],"uv":{"north":{"uv":[2,73],"uv_size":[2,2]},"east":{"uv":[0,73],"uv_size":[2,2]},"south":{"uv":[6,73],"uv_size":[2,2]},"west":{"uv":[4,73],"uv_size":[2,2]},"up":{"uv":[2,71],"uv_size":[2,2]},"down":{"uv":[4,73],"uv_size":[2,-2]}}},{"origin":[-9.5,13,-18.5],"size":[1,4,1],"uv":{"north":{"uv":[1,29],"uv_size":[1,4]},"east":{"uv":[0,29],"uv_size":[1,4]},"south":{"uv":[3,29],"uv_size":[1,4]},"west":{"uv":[2,29],"uv_size":[1,4]},"up":{"uv":[1,28],"uv_size":[1,1]},"down":{"uv":[2,29],"uv_size":[1,-1]}}}]},{"name":"joystick4","parent":"side1","pivot":[9,13,-18],"cubes":[{"origin":[8,17,-19],"size":[2,2,2],"uv":{"north":{"uv":[10,73],"uv_size":[2,2]},"east":{"uv":[8,73],"uv_size":[2,2]},"south":{"uv":[14,73],"uv_size":[2,2]},"west":{"uv":[12,73],"uv_size":[2,2]},"up":{"uv":[10,71],"uv_size":[2,2]},"down":{"uv":[12,73],"uv_size":[2,-2]}}},{"origin":[8.5,13,-18.5],"size":[1,4,1],"uv":{"north":{"uv":[1,29],"uv_size":[1,4]},"east":{"uv":[0,29],"uv_size":[1,4]},"south":{"uv":[3,29],"uv_size":[1,4]},"west":{"uv":[2,29],"uv_size":[1,4]},"up":{"uv":[1,28],"uv_size":[1,1]},"down":{"uv":[2,29],"uv_size":[1,-1]}}}]},{"name":"side2","parent":"body","pivot":[12,18,0],"cubes":[{"origin":[17,23,-15],"size":[3,21,30],"pivot":[20,44,0],"rotation":[0,0,10],"uv":{"north":{"uv":[15,3],"uv_size":[3,21]},"east":{"uv":[18,0],"uv_size":[1,1]},"south":{"uv":[18,3],"uv_size":[-3,21]},"west":{"uv":[18,3],"uv_size":[30,21]},"up":{"uv":[12,0],"uv_size":[3,30]},"down":{"uv":[18,1],"uv_size":[1,-1]}}},{"origin":[12,0,-12],"size":[12,14,24],"uv":{"north":{"uv":[0,42],"uv_size":[12,14]},"east":{"uv":[0,195],"uv_size":[24,14]},"south":{"uv":[36,42],"uv_size":[12,14]},"west":{"uv":[12,42],"uv_size":[24,14]},"up":{"uv":[0,0],"uv_size":[12,24]}}}]},{"name":"purchase2","parent":"side2","pivot":[18,32,0],"cubes":[{"origin":[18.2,27,-9],"size":[0,13,18],"pivot":[20,44,0],"rotation":[0,0,10],"uv":{"east":{"uv":[207,63],"uv_size":[-18,13]},"west":{"uv":[162,77],"uv_size":[26,17]}}}]},{"name":"screen2","parent":"side2","pivot":[18,0,0],"cubes":[{"origin":[19.1,-8,-13],"size":[0,17,26],"uv":{"east":{"uv":[188,60],"uv_size":[-26,17]}}}]},{"name":"panel2","parent":"side2","pivot":[22,14,0],"rotation":[0,0,20],"cubes":[{"origin":[14,10,-7],"size":[8,6,14],"uv":{"north":{"uv":[176,53],"uv_size":[8,6]},"east":{"uv":[162,45],"uv_size":[1,1]},"south":{"uv":[176,53],"uv_size":[8,6]},"west":{"uv":[162,53],"uv_size":[14,6]},"up":{"uv":[184,45],"uv_size":[8,14]},"down":{"uv":[224,75],"uv_size":[8,-14]}}},{"origin":[14,10,-7],"size":[8,6,14],"uv":{"north":{"uv":[176,53],"uv_size":[8,6]},"east":{"uv":[162,45],"uv_size":[1,1]},"south":{"uv":[154,53],"uv_size":[8,6]},"west":{"uv":[162,53],"uv_size":[14,6]},"up":{"uv":[184,45],"uv_size":[8,14]},"down":{"uv":[224,75],"uv_size":[8,-14]}}}]},{"name":"button7","parent":"panel2","pivot":[18,16,-3],"cubes":[{"origin":[16.5,15.5,-4.5],"size":[3,2,3],"uv":{"north":{"uv":[3,68],"uv_size":[3,2]},"east":{"uv":[0,68],"uv_size":[3,2]},"south":{"uv":[9,68],"uv_size":[3,2]},"west":{"uv":[6,68],"uv_size":[3,2]},"up":{"uv":[6,65],"uv_size":[-3,3]},"down":{"uv":[6,68],"uv_size":[3,-3]}}}]},{"name":"button8","parent":"panel2","pivot":[18,16,-3],"cubes":[{"origin":[16.5,15.5,1.5],"size":[3,2,3],"uv":{"north":{"uv":[15,68],"uv_size":[3,2]},"east":{"uv":[12,68],"uv_size":[3,2]},"south":{"uv":[21,68],"uv_size":[3,2]},"west":{"uv":[18,68],"uv_size":[3,2]},"up":{"uv":[18,65],"uv_size":[-3,3]},"down":{"uv":[18,68],"uv_size":[3,-3]}}}]},{"name":"joystick5","parent":"side2","pivot":[18,13,-9],"cubes":[{"origin":[17,17,-10],"size":[2,2,2],"uv":{"north":{"uv":[2,73],"uv_size":[2,2]},"east":{"uv":[0,73],"uv_size":[2,2]},"south":{"uv":[6,73],"uv_size":[2,2]},"west":{"uv":[4,73],"uv_size":[2,2]},"up":{"uv":[2,71],"uv_size":[2,2]},"down":{"uv":[4,73],"uv_size":[2,-2]}}},{"origin":[17.5,13,-9.5],"size":[1,4,1],"uv":{"north":{"uv":[1,29],"uv_size":[1,4]},"east":{"uv":[0,29],"uv_size":[1,4]},"south":{"uv":[3,29],"uv_size":[1,4]},"west":{"uv":[2,29],"uv_size":[1,4]},"up":{"uv":[1,28],"uv_size":[1,1]},"down":{"uv":[2,29],"uv_size":[1,-1]}}}]},{"name":"joystick6","parent":"side2","pivot":[18,13,9],"cubes":[{"origin":[17,17,8],"size":[2,2,2],"uv":{"north":{"uv":[10,73],"uv_size":[2,2]},"east":{"uv":[8,73],"uv_size":[2,2]},"south":{"uv":[14,73],"uv_size":[2,2]},"west":{"uv":[12,73],"uv_size":[2,2]},"up":{"uv":[10,71],"uv_size":[2,2]},"down":{"uv":[12,73],"uv_size":[2,-2]}}},{"origin":[17.5,13,8.5],"size":[1,4,1],"uv":{"north":{"uv":[1,29],"uv_size":[1,4]},"east":{"uv":[0,29],"uv_size":[1,4]},"south":{"uv":[3,29],"uv_size":[1,4]},"west":{"uv":[2,29],"uv_size":[1,4]},"up":{"uv":[1,28],"uv_size":[1,1]},"down":{"uv":[2,29],"uv_size":[1,-1]}}}]},{"name":"side3","parent":"body","pivot":[0,18,12],"cubes":[{"origin":[-15,23,17],"size":[30,21,3],"pivot":[0,44,20],"rotation":[-10,0,0],"uv":{"north":{"uv":[18,0],"uv_size":[1,1]},"east":{"uv":[18,3],"uv_size":[-3,21]},"south":{"uv":[18,3],"uv_size":[30,21]},"west":{"uv":[15,3],"uv_size":[3,21]},"up":{"uv":[18,3],"uv_size":[30,-3]},"down":{"uv":[108,217],"uv_size":[30,-3]}}},{"origin":[-12,0,12],"size":[24,14,12],"uv":{"north":{"uv":[221,185],"uv_size":[-24,14]},"east":{"uv":[12,42],"uv_size":[-12,14]},"south":{"uv":[12,42],"uv_size":[24,14]},"west":{"uv":[48,42],"uv_size":[-12,14]},"up":{"uv":[12,42],"uv_size":[24,-12]}}}]},{"name":"purchase3","parent":"side3","pivot":[0,32,18],"cubes":[{"origin":[-8,27,18.2],"size":[17,13,0],"pivot":[0,44,20],"rotation":[-10,0,0],"uv":{"north":{"uv":[207,63],"uv_size":[-18,13]},"south":{"uv":[162,77],"uv_size":[26,17]}}}]},{"name":"screen3","parent":"side3","pivot":[0,0,18],"cubes":[{"origin":[-13,-8,19.1],"size":[26,17,0],"uv":{"north":{"uv":[162,60],"uv_size":[26,17]}}}]},{"name":"panel3","parent":"side3","pivot":[-2,14,22],"rotation":[-20,0,0],"cubes":[{"origin":[-7,10,14],"size":[14,6,8],"uv":{"north":{"uv":[162,45],"uv_size":[1,1]},"east":{"uv":[176,53],"uv_size":[8,6]},"south":{"uv":[162,53],"uv_size":[14,6]},"west":{"uv":[176,53],"uv_size":[8,6]},"up":{"uv":[162,53],"uv_size":[14,-8]},"down":{"uv":[225,139],"uv_size":[14,-8]}}}]},{"name":"button1","parent":"panel3","pivot":[3,16,18],"cubes":[{"origin":[1.5,15.5,16.5],"size":[3,2,3],"uv":{"north":{"uv":[3,68],"uv_size":[3,2]},"east":{"uv":[0,68],"uv_size":[3,2]},"south":{"uv":[9,68],"uv_size":[3,2]},"west":{"uv":[6,68],"uv_size":[3,2]},"up":{"uv":[6,68],"uv_size":[-3,-3]},"down":{"uv":[6,68],"uv_size":[3,-3]}}}]},{"name":"button2","parent":"panel3","pivot":[3,16,18],"cubes":[{"origin":[-4.5,15.5,16.5],"size":[3,2,3],"uv":{"north":{"uv":[15,68],"uv_size":[3,2]},"east":{"uv":[12,68],"uv_size":[3,2]},"south":{"uv":[21,68],"uv_size":[3,2]},"west":{"uv":[18,68],"uv_size":[3,2]},"up":{"uv":[18,68],"uv_size":[-3,-3]},"down":{"uv":[18,68],"uv_size":[3,-3]}}}]},{"name":"joystick2","parent":"side3","pivot":[9,13,18],"cubes":[{"origin":[8,17,17],"size":[2,2,2],"uv":{"north":{"uv":[2,73],"uv_size":[2,2]},"east":{"uv":[0,73],"uv_size":[2,2]},"south":{"uv":[6,73],"uv_size":[2,2]},"west":{"uv":[4,73],"uv_size":[2,2]},"up":{"uv":[2,71],"uv_size":[2,2]},"down":{"uv":[4,73],"uv_size":[2,-2]}}},{"origin":[8.5,13,17.5],"size":[1,4,1],"uv":{"north":{"uv":[1,29],"uv_size":[1,4]},"east":{"uv":[0,29],"uv_size":[1,4]},"south":{"uv":[3,29],"uv_size":[1,4]},"west":{"uv":[2,29],"uv_size":[1,4]},"up":{"uv":[1,28],"uv_size":[1,1]},"down":{"uv":[2,29],"uv_size":[1,-1]}}}]},{"name":"joystick3","parent":"side3","pivot":[-9,13,18],"cubes":[{"origin":[-10,17,17],"size":[2,2,2],"uv":{"north":{"uv":[10,73],"uv_size":[2,2]},"east":{"uv":[8,73],"uv_size":[2,2]},"south":{"uv":[14,73],"uv_size":[2,2]},"west":{"uv":[12,73],"uv_size":[2,2]},"up":{"uv":[10,71],"uv_size":[2,2]},"down":{"uv":[12,73],"uv_size":[2,-2]}}},{"origin":[-9.5,13,17.5],"size":[1,4,1],"uv":{"north":{"uv":[1,29],"uv_size":[1,4]},"east":{"uv":[0,29],"uv_size":[1,4]},"south":{"uv":[3,29],"uv_size":[1,4]},"west":{"uv":[2,29],"uv_size":[1,4]},"up":{"uv":[1,28],"uv_size":[1,1]},"down":{"uv":[2,29],"uv_size":[1,-1]}}}]},{"name":"side4","parent":"body","pivot":[-12,18,0],"cubes":[{"origin":[-20,23,-15],"size":[3,21,30],"pivot":[-20,44,0],"rotation":[0,0,-10],"uv":{"north":{"uv":[18,3],"uv_size":[-3,21]},"east":{"uv":[18,3],"uv_size":[30,21]},"south":{"uv":[15,3],"uv_size":[3,21]},"west":{"uv":[19,0],"uv_size":[-1,1]},"up":{"uv":[15,0],"uv_size":[-3,30]},"down":{"uv":[19,1],"uv_size":[-1,-1]}}},{"origin":[-24,0,-12],"size":[12,14,24],"uv":{"north":{"uv":[12,42],"uv_size":[-12,14]},"east":{"uv":[12,42],"uv_size":[24,14]},"south":{"uv":[48,42],"uv_size":[-12,14]},"west":{"uv":[24,195],"uv_size":[-24,14]},"up":{"uv":[12,0],"uv_size":[-12,24]}}}]},{"name":"purchase4","parent":"side4","pivot":[-18,32,0],"cubes":[{"origin":[-18.2,27,-9],"size":[0,13,18],"pivot":[-20,44,0],"rotation":[0,0,-10],"uv":{"east":{"uv":[188,77],"uv_size":[-26,17]},"west":{"uv":[207,63],"uv_size":[-18,13]}}}]},{"name":"screen4","parent":"side4","pivot":[-18,1,0],"cubes":[{"origin":[-19.1,-7,-13],"size":[0,17,26],"uv":{"west":{"uv":[162,60],"uv_size":[26,17]}}}]},{"name":"panel4","parent":"side4","pivot":[-22,14,0],"rotation":[0,0,-20],"cubes":[{"origin":[-22,10,-7],"size":[8,6,14],"uv":{"north":{"uv":[184,53],"uv_size":[-8,6]},"east":{"uv":[176,53],"uv_size":[-14,6]},"south":{"uv":[184,53],"uv_size":[-8,6]},"west":{"uv":[163,45],"uv_size":[-1,1]},"up":{"uv":[192,45],"uv_size":[-8,14]},"down":{"uv":[232,75],"uv_size":[-8,-14]}}},{"origin":[-22,10,-7],"size":[8,6,14],"uv":{"north":{"uv":[184,53],"uv_size":[-8,6]},"east":{"uv":[176,53],"uv_size":[-14,6]},"south":{"uv":[162,53],"uv_size":[-8,6]},"west":{"uv":[163,45],"uv_size":[-1,1]},"up":{"uv":[192,45],"uv_size":[-8,14]},"down":{"uv":[232,75],"uv_size":[-8,-14]}}}]},{"name":"button3","parent":"panel4","pivot":[-18,16,3],"cubes":[{"origin":[-19.5,15.5,1.5],"size":[3,2,3],"uv":{"north":{"uv":[6,68],"uv_size":[-3,2]},"east":{"uv":[9,68],"uv_size":[-3,2]},"south":{"uv":[12,68],"uv_size":[-3,2]},"west":{"uv":[3,68],"uv_size":[-3,2]},"up":{"uv":[3,68],"uv_size":[3,-3]},"down":{"uv":[9,68],"uv_size":[-3,-3]}}}]},{"name":"button4","parent":"panel4","pivot":[-18,16,-3],"cubes":[{"origin":[-19.5,15.5,-4.5],"size":[3,2,3],"uv":{"north":{"uv":[18,68],"uv_size":[-3,2]},"east":{"uv":[21,68],"uv_size":[-3,2]},"south":{"uv":[24,68],"uv_size":[-3,2]},"west":{"uv":[15,68],"uv_size":[-3,2]},"up":{"uv":[15,68],"uv_size":[3,-3]},"down":{"uv":[21,68],"uv_size":[-3,-3]}}}]},{"name":"joystick7","parent":"side4","pivot":[-18,13,9],"cubes":[{"origin":[-19,17,8],"size":[2,2,2],"uv":{"north":{"uv":[4,73],"uv_size":[-2,2]},"east":{"uv":[6,73],"uv_size":[-2,2]},"south":{"uv":[8,73],"uv_size":[-2,2]},"west":{"uv":[2,73],"uv_size":[-2,2]},"up":{"uv":[4,71],"uv_size":[-2,2]},"down":{"uv":[6,73],"uv_size":[-2,-2]}}},{"origin":[-18.5,13,8.5],"size":[1,4,1],"uv":{"north":{"uv":[2,29],"uv_size":[-1,4]},"east":{"uv":[3,29],"uv_size":[-1,4]},"south":{"uv":[4,29],"uv_size":[-1,4]},"west":{"uv":[1,29],"uv_size":[-1,4]},"up":{"uv":[2,28],"uv_size":[-1,1]},"down":{"uv":[3,29],"uv_size":[-1,-1]}}}]},{"name":"joystick8","parent":"side4","pivot":[-18,13,-9],"cubes":[{"origin":[-19,17,-10],"size":[2,2,2],"uv":{"north":{"uv":[12,73],"uv_size":[-2,2]},"east":{"uv":[14,73],"uv_size":[-2,2]},"south":{"uv":[16,73],"uv_size":[-2,2]},"west":{"uv":[10,73],"uv_size":[-2,2]},"up":{"uv":[12,71],"uv_size":[-2,2]},"down":{"uv":[14,73],"uv_size":[-2,-2]}}},{"origin":[-18.5,13,-9.5],"size":[1,4,1],"uv":{"north":{"uv":[2,29],"uv_size":[-1,4]},"east":{"uv":[3,29],"uv_size":[-1,4]},"south":{"uv":[4,29],"uv_size":[-1,4]},"west":{"uv":[1,29],"uv_size":[-1,4]},"up":{"uv":[2,28],"uv_size":[-1,1]},"down":{"uv":[3,29],"uv_size":[-1,-1]}}}]}]}]}