{"format_version":"1.8.0","minecraft:client_entity":{"description":{"identifier":"hivehub:parkour_finish","materials":{"default":"entity_alphatest"},"textures":{"default":"textures/entity/hive/hub/arcade/parkour/finish"},"geometry":{"default":"geometry.hive.hub.arcade.parkour.finish"},"animations":{"idle":"animation.hive.hub.arcade.parkour.finish.idle","spin":"animation.hive.hub.arcade.parkour.finish.spin"},"animation_controllers":[{"default":"controller.animation.hive.hub.arcade.parkour"}],"render_controllers":["controller.render.default"]}}}