{"format_version":"1.8.0","minecraft:client_entity":{"description":{"identifier":"hivehub:parkour_start","materials":{"default":"slime_outer"},"textures":{"default":"textures/entity/hive/hub/arcade/parkour/start"},"geometry":{"default":"geometry.hive.hub.arcade.parkour.start"},"animations":{"idle":"animation.hive.hub.arcade.parkour.start.idle","spin":"animation.hive.hub.arcade.parkour.start.spin"},"animation_controllers":[{"default":"controller.animation.hive.hub.arcade.parkour"}],"render_controllers":["controller.render.default"]}}}