{"format_version":"1.10.0","particle_effect":{"description":{"identifier":"hivecommon:prestige_feathers","basic_render_parameters":{"material":"particles_alpha","texture":"textures/particle/hive/common/prestige/feather"}},"components":{"minecraft:emitter_initialization":{"creation_expression":"variable.size \u003d 0.05;variable.lifetime \u003d 2.2;"},"minecraft:emitter_rate_steady":{"spawn_rate":"math.round(math.random(1,4))","max_particles":250},"minecraft:emitter_lifetime_once":{"active_time":3},"minecraft:emitter_shape_sphere":{"radius":0.2,"direction":"outwards"},"minecraft:particle_lifetime_expression":{"max_lifetime":"variable.lifetime"},"minecraft:particle_initial_spin":{"rotation_rate":200},"minecraft:particle_initial_speed":0.5,"minecraft:particle_motion_dynamic":{"linear_acceleration":["math.random(-0.5,0.5)",-1,0.5],"linear_drag_coefficient":1,"rotation_acceleration":7},"minecraft:particle_appearance_billboard":{"size":["variable.size*(variable.lifetime-variable.particle_age)","variable.size*(variable.lifetime-variable.particle_age)"],"facing_camera_mode":"rotate_xyz","uv":{"texture_width":16,"texture_height":16,"uv":[0,0],"uv_size":[16,16]}},"minecraft:particle_appearance_tinting":{"color":["Math.clamp(Math.clamp(Math.clamp(0.8+((variable.particle_random_2*0.4))-0.2, 0, 1), 0, 1), 0, 1)","Math.clamp(Math.clamp(Math.clamp(0.9+((variable.particle_random_2*0.4)-0.2), 0, 1), 0, 1), 0, 1)","Math.clamp(Math.clamp(Math.clamp(1.0+((variable.particle_random_2*0.4)-0.2), 0, 1), 0, 1), 0, 1)",1]}}}}