{"format_version":"1.10.0","particle_effect":{"description":{"identifier":"hivecommon:prestige_swirl","basic_render_parameters":{"material":"particles_blend","texture":"textures/particle/hive/common/prestige/spark"}},"components":{"minecraft:emitter_initialization":{"creation_expression":"variable.size \u003d 0.05;variable.lifetime \u003d 2.2;"},"minecraft:emitter_rate_steady":{"spawn_rate":60,"max_particles":250},"minecraft:emitter_lifetime_once":{"active_time":1.8},"minecraft:emitter_shape_point":{"offset":["math.cos(600*variable.emitter_age)*0.7","variable.emitter_age","math.sin(600*variable.emitter_age)*0.7"],"direction":["math.random(-4,4)","math.random(-4,4)","math.random(-4,4)"]},"minecraft:particle_lifetime_expression":{"max_lifetime":"variable.lifetime"},"minecraft:particle_initial_spin":{"rotation_rate":200},"minecraft:particle_initial_speed":0.2,"minecraft:particle_motion_dynamic":{"linear_acceleration":[0,0.5,0],"linear_drag_coefficient":1,"rotation_acceleration":7},"minecraft:particle_appearance_billboard":{"size":["variable.size*(variable.lifetime-variable.particle_age)","variable.size*(variable.lifetime-variable.particle_age)"],"facing_camera_mode":"rotate_xyz","uv":{"texture_width":16,"texture_height":16,"uv":[0,0],"uv_size":[16,16]}},"minecraft:particle_appearance_tinting":{"color":["Math.clamp(Math.clamp(Math.clamp(0.4+((variable.particle_random_2*0.4))-0.2, 0, 1), 0, 1), 0, 1)","Math.clamp(Math.clamp(Math.clamp(0.7+((variable.particle_random_2*0.4)-0.2), 0, 1), 0, 1), 0, 1)","Math.clamp(Math.clamp(Math.clamp(0.9+((variable.particle_random_2*0.4)-0.2), 0, 1), 0, 1), 0, 1)",1]}}}}