{"format_version":"1.10.0","particle_effect":{"description":{"identifier":"hivehub:emote_rolling_on_the_floor_laughing","basic_render_parameters":{"material":"particles_alpha","texture":"textures/particle/hive/emote/rolling_on_the_floor_laughing"}},"components":{"minecraft:emitter_initialization":{"creation_expression":"variable.size \u003d 0.3; variable.appearTime \u003d 0.2;"},"minecraft:emitter_local_space":{"position":true,"rotation":false},"minecraft:emitter_rate_instant":{"num_particles":1},"minecraft:emitter_lifetime_once":{"active_time":10},"minecraft:emitter_shape_point":{"direction":[0,1,0]},"minecraft:particle_lifetime_expression":{"max_lifetime":5},"minecraft:particle_initial_speed":0.2,"minecraft:particle_appearance_billboard":{"size":["0.3 * Math.min(variable.particle_age / variable.appearTime, 1)","0.3 * Math.min(variable.particle_age / variable.appearTime, 1)"],"facing_camera_mode":"rotate_xyz","uv":{"texture_width":16,"texture_height":16,"uv":[0,0],"uv_size":[16,16]}}}}}