{"format_version":"1.10.0","particle_effect":{"description":{"identifier":"hivehub:emote_stuck_out_tongue_burst","basic_render_parameters":{"material":"particles_alpha","texture":"textures/particle/hive/emote/stuck_out_tongue"}},"components":{"minecraft:emitter_rate_instant":{"num_particles":10},"minecraft:emitter_lifetime_once":{"active_time":2},"minecraft:emitter_shape_sphere":{"radius":0.3,"surface_only":true,"direction":["math.random(-2,2)","math.random(-0.5,2)","math.random(-2,2)"]},"minecraft:particle_lifetime_expression":{"max_lifetime":1},"minecraft:particle_initial_spin":{"rotation_rate":"math.random(-variable.particle_random_2*180,variable.particle_random_2*180)"},"minecraft:particle_initial_speed":2,"minecraft:particle_motion_dynamic":{"linear_acceleration":[0,-2,0],"linear_drag_coefficient":3},"minecraft:particle_appearance_billboard":{"size":["(1-(variable.particle_age/variable.particle_lifetime))*0.1","(1-(variable.particle_age/variable.particle_lifetime))*0.1"],"facing_camera_mode":"rotate_xyz","uv":{"texture_width":16,"texture_height":16,"uv":[0,0],"uv_size":[16,16]}},"minecraft:particle_appearance_tinting":{"color":[1,1,1,1]}}}}