{"format_version":"1.8.0","animations":{"animation.hive.wars.status.idle":{"loop":true,"bones":{"middle":{"rotation":[0,"Math.mod(query.anim_time * 20, 360)",0]},"outside":{"position":[0,"Math.cos(query.anim_time * 50) * 1 ",0]}}},"animation.hive.wars.status.treasureless":{"loop":"hold_on_last_frame","animation_length":1,"bones":{"middle":{"scale":{"0.0":[1,1,1],"0.8":[0.092,0.092,0.092],"1.0":[0,0,0]}},"outside":{"scale":{"0.0":[1,1,1],"0.04":[1.0333,1.0333,1.0333],"0.12":[1.05,1.05,1.05],"0.8":[1.0045,1.0045,1.0045],"1.0":[1,1,1]}}}},"animation.hive.wars.status.treasureless.hold":{"loop":true,"bones":{"middle":{"scale":0}}}}}