{"resource_pack_name":"Hive Pets","texture_name":"atlas.items","texture_data":{"hivepets:toolbox":{"textures":"textures/items/hive/pets/toolbox"},"hivehats:witch_hat":{"textures":"textures/items/hive/hats/witch_hat"},"hivehats:octopus":{"textures":"textures/items/hive/hats/octopus"},"hivehats:gamer_headset_rgb":{"textures":"textures/items/hive/hats/gamer_headset/rgb"},"hivehats:gamer_headset_pink":{"textures":"textures/items/hive/hats/gamer_headset/pink"},"hivehats:cardboard_box":{"textures":"textures/items/hive/hats/cardboard_box"},"hivehats:axe":{"textures":"textures/items/hive/hats/axe"},"hivehats:shining_crown_gold":{"textures":"textures/items/hive/hats/shining_crown/gold"},"hivehats:shining_crown_blue":{"textures":"textures/items/hive/hats/shining_crown/blue"},"hivehats:shining_crown_pink":{"textures":"textures/items/hive/hats/shining_crown/pink"},"hivehats:flower_crown":{"textures":"textures/items/hive/hats/flower_crown"},"hivehats:gifter":{"textures":"textures/items/hive/hats/gifter"},"hivehats:captains_hat":{"textures":"textures/items/hive/hats/captains_hat"},"hivehats:traffic_cone":{"textures":"textures/items/hive/hats/traffic_cone"},"hivehats:cat_cap":{"textures":"textures/items/hive/hats/cat_cap"},"hivehats:fox_buddy":{"textures":"textures/items/hive/hats/fox_buddy"},"hivehats:elf_hat":{"textures":"textures/items/hive/hats/elf_hat"},"hivehats:santa_hat":{"textures":"textures/items/hive/hats/santa_hat"},"hivehats:horns_blaze":{"textures":"textures/items/hive/hats/horns/blaze"},"hivehats:horns_demon":{"textures":"textures/items/hive/hats/horns/demon"},"hivehats:horns_ender":{"textures":"textures/items/hive/hats/horns/ender"},"hivehats:endolotl_buddy":{"textures":"textures/items/hive/hats/endolotl_buddy"},"hivehats:froggy_cap":{"textures":"textures/items/hive/hats/froggy_cap"},"hivehats:mushroom_cap":{"textures":"textures/items/hive/hats/mushroom_cap"},"hivehats:propeller":{"textures":"textures/items/hive/hats/propeller"},"hivehats:party_zuk_goggles":{"textures":"textures/items/hive/hats/party_zuk_goggles"},"hivehats:party_neon_crown":{"textures":"textures/items/hive/hats/party_neon_crown"},"hivehats:party_disco_ball":{"textures":"textures/items/hive/hats/party_disco_ball"},"hivehats:bunny_ears":{"textures":"textures/items/hive/hats/bunny_ears"}}}