{"format_version":"1.8.0","animations":{"animation.hive.mounts.broomstick.idle":{"loop":true,"anim_time_update":"(1.0 + (query.modified_move_speed * 0.02)) * (query.delta_time + query.anim_time)","bones":{"cloth":{"rotation":[0,0,"math.cos(query.life_time * 117) * 8"]},"end2":{"rotation":["math.cos(query.life_time * 140) * 1.2","math.cos(query.life_time * 1140) * 0.4",0]},"lantern":{"rotation":[0,0,"math.cos(query.life_time * 120) * 3"]}}},"animation.hive.mounts.broomstick.move.right":{"blend_weight":"variable.turn_lerped \u003e 0 ? variable.turn_lerped : 0","loop":"hold_on_last_frame","bones":{"cloth":{"rotation":[0,0,-60]},"lantern":{"rotation":[0,0,-60]}}},"animation.hive.mounts.broomstick.move.left":{"blend_weight":"variable.turn_lerped \u003c 0 ? -variable.turn_lerped : 0","loop":"hold_on_last_frame","bones":{"cloth":{"rotation":[0,0,60]},"lantern":{"rotation":[0,0,60]}}},"animation.hive.mounts.broomstick.move.forward":{"blend_weight":"math.min(1.0, (query.modified_move_speed * 0.5))","loop":"hold_on_last_frame","bones":{"broom":{"rotation":[1.75,0,0],"position":[0,-0.725,0]},"cloth":{"rotation":[35,0,0],"position":[0.45,2,-0.5]},"lantern":{"rotation":[40,0,0]}}}}}