{"format_version":"1.8.0","animations":{"animation.hive.mounts.cruiser.idle":{"loop":true,"bones":{"car":{"rotation":[0,0,"math.cos(query.life_time * 60) * 0.5"],"position":["math.cos(query.life_time * 60) * -0.5 ","math.cos(query.life_time * 120) * 0.3 + 0.5",0]}}},"animation.hive.mounts.cruiser.idle.boosters":{"loop":true,"anim_time_update":"(1.0 + (query.modified_move_speed * 0.02)) * (query.delta_time + query.anim_time)","animation_length":2,"bones":{"car":{"position":[0,"math.cos(query.life_time * 180) * -0.2",0]},"energyRing3":{"position":{"0.0":[0,0,0],"1.0":[0,-10,0],"1.04":[0,0,0],"2.0":[0,-10,0]},"scale":{"0.0":[0,0,0],"0.08":[0.775,0.775,0.775],"0.16":[0.925,0.925,0.925],"0.28":[1,1,1],"0.4":[0.9683,0.9683,0.9683],"0.52":[0.9048,0.9048,0.9048],"0.72":[0.6463,0.6463,0.6463],"1.0":[0,0,0],"1.04":[0,0,0],"1.12":[0.775,0.775,0.775],"1.2":[0.925,0.925,0.925],"1.32":[1,1,1],"1.44":[0.9683,0.9683,0.9683],"1.56":[0.9048,0.9048,0.9048],"1.76":[0.6463,0.6463,0.6463],"2.0":[0,0,0]}},"energyRing6":{"position":{"0.0":[0,0,0],"1.0":[0,-10,0],"1.04":[0,0,0],"2.0":[0,-10,0]},"scale":{"0.0":[0,0,0],"0.08":[0.775,0.775,0.775],"0.16":[0.925,0.925,0.925],"0.28":[1,1,1],"0.4":[0.9683,0.9683,0.9683],"0.52":[0.9048,0.9048,0.9048],"0.72":[0.6463,0.6463,0.6463],"1.0":[0,0,0],"1.04":[0,0,0],"1.12":[0.775,0.775,0.775],"1.2":[0.925,0.925,0.925],"1.32":[1,1,1],"1.44":[0.9683,0.9683,0.9683],"1.56":[0.9048,0.9048,0.9048],"1.76":[0.6463,0.6463,0.6463],"2.0":[0,0,0]}},"energyRing":{"position":{"0.0":[0,0,0],"1.0":[0,-10,0],"1.04":[0,0,0],"2.0":[0,-10,0]},"scale":{"0.0":[0,0,0],"0.08":[0.775,0.775,0.775],"0.16":[0.925,0.925,0.925],"0.28":[1,1,1],"0.4":[0.9683,0.9683,0.9683],"0.52":[0.9048,0.9048,0.9048],"0.72":[0.6463,0.6463,0.6463],"1.0":[0,0,0],"1.04":[0,0,0],"1.12":[0.775,0.775,0.775],"1.2":[0.925,0.925,0.925],"1.32":[1,1,1],"1.44":[0.9683,0.9683,0.9683],"1.56":[0.9048,0.9048,0.9048],"1.76":[0.6463,0.6463,0.6463],"2.0":[0,0,0]}},"energyRing7":{"position":{"0.0":[0,0,0],"1.0":[0,-10,0],"1.04":[0,0,0],"2.0":[0,-10,0]},"scale":{"0.0":[0,0,0],"0.08":[0.775,0.775,0.775],"0.16":[0.925,0.925,0.925],"0.28":[1,1,1],"0.4":[0.9683,0.9683,0.9683],"0.52":[0.9048,0.9048,0.9048],"0.72":[0.6463,0.6463,0.6463],"1.0":[0,0,0],"1.04":[0,0,0],"1.12":[0.775,0.775,0.775],"1.2":[0.925,0.925,0.925],"1.32":[1,1,1],"1.44":[0.9683,0.9683,0.9683],"1.56":[0.9048,0.9048,0.9048],"1.76":[0.6463,0.6463,0.6463],"2.0":[0,0,0]}}}},"animation.hive.mounts.cruiser.move.forward":{"blend_weight":"math.min(1.0, (query.modified_move_speed * 0.5))","loop":"hold_on_last_frame","bones":{"car":{"rotation":[2.5,0,0]},"backThruster":{"position":[0,0,13]},"gearStick1":{"rotation":[35,0,0]},"leftFrontHover":{"rotation":[12.5,0,0]},"rightFrontHover":{"rotation":[12.5,0,0]},"leftBackHover":{"rotation":[12.5,0,0]},"rightBackHover":{"rotation":[12.5,0,0]},"freshenerIcon":{"rotation":[40,0,0]},"head":{"rotation":[-12.5,0,0]},"bone":{"rotation":[-15,0,0]}}},"animation.hive.mounts.cruiser.move.left":{"blend_weight":"variable.turn_lerped \u003c 0 ? -variable.turn_lerped : 0","loop":true,"animation_length":0.48,"bones":{"car":{"rotation":[0,0,-2.5]},"steerWheel":{"rotation":[0,0,75]},"leftFrontHover":{"rotation":[0,0,15]},"rightFrontHover":{"rotation":[0,0,15]},"freshenerIcon":{"rotation":[0,0,"math.cos(query.life_time * 720) * 4 + 35"]},"bobblehead":{"rotation":[0,0,"math.cos(query.life_time * 720) * 0.4 - 12.5"]},"head":{"rotation":[0,0,"math.cos(query.life_time * 720) * 2 - 32.5"]}}},"animation.hive.mounts.cruiser.move.right":{"blend_weight":"variable.turn_lerped \u003e 0 ? variable.turn_lerped : 0","loop":true,"animation_length":0.48,"bones":{"car":{"rotation":[0,0,2.5]},"steerWheel":{"rotation":[0,0,-75]},"leftFrontHover":{"rotation":[0,0,-15]},"rightFrontHover":{"rotation":[0,0,-15]},"freshenerIcon":{"rotation":[0,0,"-(math.cos(query.life_time * 720) * 4 + 35)"]},"head":{"rotation":[0,0,"-(math.cos(query.life_time * 720) * 2 - 32.5)"]},"bone":{"rotation":[0,0,"-(math.cos(query.life_time * 720) * 0.4 - 12.5)"]}}}}}