{"format_version":"1.12.0","minecraft:geometry":[{"description":{"identifier":"geometry.hive.hub.arcade.floorfan","texture_width":96,"texture_height":80,"visible_bounds_width":6,"visible_bounds_height":2.5,"visible_bounds_offset":[0,0.75,0]},"bones":[{"name":"root","pivot":[0,0,0]},{"name":"unit","parent":"root","pivot":[0,0,0],"cubes":[{"origin":[16,4,0],"size":[3,9,13],"uv":{"north":{"uv":[13,13],"uv_size":[3,9]},"south":{"uv":[16,13],"uv_size":[-3,9]},"west":{"uv":[29,13],"uv_size":[-13,9]},"up":{"uv":[13,12],"uv_size":[3,1]},"down":{"uv":[16,13],"uv_size":[3,-13]}}},{"origin":[-19,4,-13],"size":[3,9,13],"uv":{"north":{"uv":[16,13],"uv_size":[-3,9]},"east":{"uv":[29,13],"uv_size":[-13,9]},"south":{"uv":[13,13],"uv_size":[3,9]},"up":{"uv":[16,12],"uv_size":[-3,1]},"down":{"uv":[19,13],"uv_size":[-3,-13]}}},{"origin":[-16,0,-16],"size":[32,12,32],"uv":{"north":{"uv":[32,32],"uv_size":[32,12]},"east":{"uv":[0,32],"uv_size":[32,12]},"south":{"uv":[32,32],"uv_size":[32,12]},"west":{"uv":[0,32],"uv_size":[32,12]},"up":{"uv":[32,0],"uv_size":[32,32]},"down":{"uv":[64,32],"uv_size":[32,-32]}}},{"origin":[15,12,-15],"size":[0,3,30],"uv":{"north":{"uv":[108,80],"uv_size":[0,3]},"east":{"uv":[33,28],"uv_size":[30,3]},"south":{"uv":[138,80],"uv_size":[0,3]},"west":{"uv":[33,28],"uv_size":[30,3]},"up":{"uv":[108,50],"uv_size":[0,30]},"down":{"uv":[108,80],"uv_size":[0,-30]}}},{"origin":[-15,12,-15],"size":[0,3,30],"uv":{"north":{"uv":[108,80],"uv_size":[0,3]},"east":{"uv":[33,28],"uv_size":[30,3]},"south":{"uv":[138,80],"uv_size":[0,3]},"west":{"uv":[33,28],"uv_size":[30,3]},"up":{"uv":[108,50],"uv_size":[0,30]},"down":{"uv":[108,80],"uv_size":[0,-30]}}},{"origin":[-15,12,15],"size":[30,3,0],"uv":{"north":{"uv":[33,28],"uv_size":[30,3]},"east":{"uv":[78,83],"uv_size":[0,3]},"south":{"uv":[33,28],"uv_size":[30,3]},"west":{"uv":[108,83],"uv_size":[0,3]},"up":{"uv":[78,83],"uv_size":[30,0]},"down":{"uv":[108,83],"uv_size":[30,0]}}},{"origin":[-15,12,-15],"size":[30,3,0],"uv":{"north":{"uv":[33,28],"uv_size":[30,3]},"east":{"uv":[78,83],"uv_size":[0,3]},"south":{"uv":[33,28],"uv_size":[30,3]},"west":{"uv":[108,83],"uv_size":[0,3]},"up":{"uv":[78,83],"uv_size":[30,0]},"down":{"uv":[108,83],"uv_size":[30,0]}}},{"origin":[-16,12,-16],"size":[32,4,32],"uv":{"north":{"uv":[32,76],"uv_size":[32,4]},"east":{"uv":[0,76],"uv_size":[32,4]},"south":{"uv":[32,76],"uv_size":[32,4]},"west":{"uv":[0,76],"uv_size":[32,4]},"up":{"uv":[32,44],"uv_size":[32,32]}}},{"origin":[7,6.999,-17],"size":[10,5,0],"uv":{"north":{"uv":[12,17],"uv_size":[-10,5]},"east":{"uv":[74,109],"uv_size":[0,5]},"west":{"uv":[84,109],"uv_size":[0,5]},"up":{"uv":[74,109],"uv_size":[10,0]},"down":{"uv":[84,109],"uv_size":[10,0]}}},{"origin":[17,6.999,-17],"size":[0,5,10],"uv":{"north":{"uv":[84,109],"uv_size":[0,5]},"south":{"uv":[94,109],"uv_size":[0,5]},"west":{"uv":[2,17],"uv_size":[10,5]},"up":{"uv":[84,99],"uv_size":[0,10]},"down":{"uv":[84,109],"uv_size":[0,-10]}}},{"origin":[16,6.999,-7],"size":[3,5,4],"uv":{"north":{"uv":[26,51],"uv_size":[3,5]},"south":{"uv":[19,51],"uv_size":[3,5]},"west":{"uv":[26,51],"uv_size":[-4,5]}}},{"origin":[3,6.999,-19],"size":[4,5,3],"uv":{"north":{"uv":[22,51],"uv_size":[4,5]},"east":{"uv":[19,51],"uv_size":[3,5]},"west":{"uv":[25,51],"uv_size":[3,5]}}},{"origin":[3,11.999,-19],"size":[13,4,3],"uv":{"north":{"uv":[3,47],"uv_size":[13,4]},"east":{"uv":[0,47],"uv_size":[3,4]},"up":{"uv":[3,44],"uv_size":[13,3]},"down":{"uv":[16,47],"uv_size":[13,-3]}}},{"origin":[3,2.999,-19],"size":[13,4,3],"uv":{"north":{"uv":[26,56],"uv_size":[-13,4]},"east":{"uv":[26,56],"uv_size":[3,4]},"up":{"uv":[16,44],"uv_size":[13,3]},"down":{"uv":[3,54],"uv_size":[13,-3]}}},{"origin":[-16,2.999,16],"size":[13,4,3],"uv":{"south":{"uv":[103,89],"uv_size":[13,4]},"west":{"uv":[100,89],"uv_size":[3,4]},"up":{"uv":[116,89],"uv_size":[-13,-3]},"down":{"uv":[129,86],"uv_size":[-13,3]}}},{"origin":[16,11.999,-19],"size":[3,4,16],"uv":{"north":{"uv":[10,60],"uv_size":[3,4]},"south":{"uv":[29,60],"uv_size":[3,4]},"west":{"uv":[13,60],"uv_size":[16,4]},"up":{"uv":[29,44],"uv_size":[3,16]},"down":{"uv":[29,25],"uv_size":[3,-16]}}},{"origin":[16,2.999,-19],"size":[3,4,16],"uv":{"north":{"uv":[7,56],"uv_size":[3,4]},"south":{"uv":[26,56],"uv_size":[3,4]},"west":{"uv":[10,56],"uv_size":[16,4]},"up":{"uv":[34,11],"uv_size":[3,16]},"down":{"uv":[0,67],"uv_size":[3,-16]}}},{"origin":[-19,2.999,3],"size":[3,4,16],"uv":{"north":{"uv":[26,56],"uv_size":[3,4]},"east":{"uv":[10,56],"uv_size":[16,4]},"south":{"uv":[7,56],"uv_size":[3,4]},"up":{"uv":[37,27],"uv_size":[-3,-16]},"down":{"uv":[3,51],"uv_size":[-3,16]}}},{"origin":[-17,6.999,17],"size":[10,5,0],"uv":{"east":{"uv":[84,109],"uv_size":[0,5]},"south":{"uv":[12,17],"uv_size":[-10,5]},"west":{"uv":[74,109],"uv_size":[0,5]},"up":{"uv":[84,109],"uv_size":[-10,0]},"down":{"uv":[94,109],"uv_size":[-10,0]}}},{"origin":[-17,6.999,7],"size":[0,5,10],"uv":{"north":{"uv":[94,109],"uv_size":[0,5]},"east":{"uv":[2,17],"uv_size":[10,5]},"south":{"uv":[84,109],"uv_size":[0,5]},"up":{"uv":[84,109],"uv_size":[0,-10]},"down":{"uv":[84,99],"uv_size":[0,10]}}},{"origin":[-19,6.999,3],"size":[3,5,4],"uv":{"north":{"uv":[19,51],"uv_size":[3,5]},"east":{"uv":[26,51],"uv_size":[-4,5]},"south":{"uv":[26,51],"uv_size":[3,5]}}},{"origin":[-7,6.999,16],"size":[4,5,3],"uv":{"east":{"uv":[25,51],"uv_size":[3,5]},"south":{"uv":[22,51],"uv_size":[4,5]},"west":{"uv":[19,51],"uv_size":[3,5]}}},{"origin":[-16,11.999,16],"size":[13,4,3],"uv":{"south":{"uv":[3,47],"uv_size":[13,4]},"west":{"uv":[0,47],"uv_size":[3,4]},"up":{"uv":[16,47],"uv_size":[-13,-3]},"down":{"uv":[29,44],"uv_size":[-13,3]}}},{"origin":[-16,2.999,16],"size":[13,4,3],"uv":{"south":{"uv":[26,56],"uv_size":[-13,4]},"west":{"uv":[26,56],"uv_size":[3,4]},"up":{"uv":[29,47],"uv_size":[-13,-3]},"down":{"uv":[16,51],"uv_size":[-13,3]}}},{"origin":[3,2.999,-19],"size":[13,4,3],"uv":{"north":{"uv":[103,89],"uv_size":[13,4]},"east":{"uv":[100,89],"uv_size":[3,4]},"up":{"uv":[103,86],"uv_size":[13,3]},"down":{"uv":[116,89],"uv_size":[13,-3]}}},{"origin":[-19,11.999,3],"size":[3,4,16],"uv":{"north":{"uv":[29,60],"uv_size":[3,4]},"east":{"uv":[13,60],"uv_size":[16,4]},"south":{"uv":[10,60],"uv_size":[3,4]},"up":{"uv":[32,60],"uv_size":[-3,-16]},"down":{"uv":[32,9],"uv_size":[-3,16]}}}],"locators":{"center":{"offset":[0,17,0],"rotation":[180,0,0]}}},{"name":"translucent","parent":"unit","pivot":[0,16,0],"cubes":[{"origin":[-13,16,-13],"size":[0,3,26],"uv":{"north":{"uv":[26,106],"uv_size":[26,3]},"east":{"uv":[14,6],"uv_size":[1,3]},"south":{"uv":[78,106],"uv_size":[26,3]},"west":{"uv":[15,6],"uv_size":[1,3]}}},{"origin":[-13,16,13],"size":[26,3,0],"uv":{"north":{"uv":[15,6],"uv_size":[1,3]},"east":{"uv":[26,106],"uv_size":[26,3]},"south":{"uv":[14,6],"uv_size":[1,3]},"west":{"uv":[78,106],"uv_size":[26,3]}}},{"origin":[-13,16,-13],"size":[26,3,0],"uv":{"north":{"uv":[14,6],"uv_size":[1,3]},"east":{"uv":[26,106],"uv_size":[26,3]},"south":{"uv":[15,6],"uv_size":[1,3]},"west":{"uv":[78,106],"uv_size":[26,3]}}},{"origin":[13,16,-13],"size":[0,3,26],"uv":{"north":{"uv":[26,106],"uv_size":[26,3]},"east":{"uv":[15,6],"uv_size":[1,3]},"south":{"uv":[78,106],"uv_size":[26,3]},"west":{"uv":[14,6],"uv_size":[1,3]}}}]},{"name":"glass","parent":"unit","pivot":[5,-1,-4],"cubes":[{"origin":[18,6.999,-18],"size":[0,5,11],"uv":{"north":{"uv":[11,85],"uv_size":[0,5]},"south":{"uv":[22,85],"uv_size":[0,5]},"west":{"uv":[12,11],"uv_size":[-11,5]},"up":{"uv":[11,74],"uv_size":[0,11]},"down":{"uv":[11,85],"uv_size":[0,-11]}}},{"origin":[7,6.999,-18],"size":[11,5,0],"uv":{"north":{"uv":[1,11],"uv_size":[11,5]},"east":{"uv":[32,109],"uv_size":[0,5]},"west":{"uv":[43,109],"uv_size":[0,5]},"up":{"uv":[32,109],"uv_size":[11,0]},"down":{"uv":[43,109],"uv_size":[11,0]}}},{"origin":[-18,6.999,7],"size":[0,5,11],"uv":{"north":{"uv":[22,85],"uv_size":[0,5]},"east":{"uv":[12,11],"uv_size":[-11,5]},"south":{"uv":[11,85],"uv_size":[0,5]},"up":{"uv":[11,85],"uv_size":[0,-11]},"down":{"uv":[11,74],"uv_size":[0,11]}}},{"origin":[-18,6.999,18],"size":[11,5,0],"uv":{"east":{"uv":[43,109],"uv_size":[0,5]},"south":{"uv":[1,11],"uv_size":[11,5]},"west":{"uv":[32,109],"uv_size":[0,5]},"up":{"uv":[43,109],"uv_size":[-11,0]},"down":{"uv":[54,109],"uv_size":[-11,0]}}}]},{"name":"fan","parent":"unit","pivot":[0,15,0],"cubes":[{"origin":[-2,12,-2],"size":[4,3,4],"uv":{"north":{"uv":[23,48],"uv_size":[4,3]},"east":{"uv":[23,48],"uv_size":[4,3]},"south":{"uv":[23,48],"uv_size":[4,3]},"west":{"uv":[23,48],"uv_size":[4,3]},"up":{"uv":[19,47],"uv_size":[4,4]}}},{"origin":[-2,14,2],"size":[9,0,12],"uv":{"north":{"uv":[12,68],"uv_size":[9,0]},"east":{"uv":[0,68],"uv_size":[12,0]},"south":{"uv":[33,68],"uv_size":[9,0]},"west":{"uv":[21,68],"uv_size":[12,0]},"up":{"uv":[22,0],"uv_size":[9,12]}}},{"origin":[2,14,-7],"size":[12,0,9],"uv":{"north":{"uv":[96,73],"uv_size":[12,0]},"east":{"uv":[87,73],"uv_size":[9,0]},"south":{"uv":[117,73],"uv_size":[12,0]},"west":{"uv":[108,73],"uv_size":[9,0]},"up":{"uv":[13,10],"uv_size":[-12,-9]}}},{"origin":[-14,14,-2],"size":[12,0,9],"uv":{"north":{"uv":[96,29],"uv_size":[12,0]},"east":{"uv":[87,29],"uv_size":[9,0]},"south":{"uv":[117,29],"uv_size":[12,0]},"west":{"uv":[108,29],"uv_size":[9,0]},"up":{"uv":[1,1],"uv_size":[12,9]}}},{"origin":[-7,14,-14],"size":[9,0,12],"uv":{"north":{"uv":[12,56],"uv_size":[9,0]},"east":{"uv":[0,56],"uv_size":[12,0]},"south":{"uv":[33,56],"uv_size":[9,0]},"west":{"uv":[21,56],"uv_size":[12,0]},"up":{"uv":[31,12],"uv_size":[-9,-12]}}}]}]}]}