{"format_version":"1.12.0","minecraft:geometry":[{"description":{"identifier":"geometry.hive.hub.arcade.wallfan","texture_width":64,"texture_height":48,"visible_bounds_width":4,"visible_bounds_height":4.5,"visible_bounds_offset":[0,1.75,0]},"bones":[{"name":"root","pivot":[24,48,7]},{"name":"unit","parent":"root","pivot":[24,48,6.9],"cubes":[{"origin":[-22,24,3.9],"size":[22,22,4],"uv":{"north":{"uv":[4,4],"uv_size":[22,22]},"east":{"uv":[0,4],"uv_size":[4,22]},"south":{"uv":[0,26],"uv_size":[22,22]},"up":{"uv":[4,0],"uv_size":[22,4]}}},{"origin":[0,24,3.9],"size":[22,22,4],"uv":{"north":{"uv":[26,4],"uv_size":[-22,22]},"south":{"uv":[22,26],"uv_size":[-22,22]},"west":{"uv":[4,4],"uv_size":[-4,22]},"up":{"uv":[26,0],"uv_size":[-22,4]}}},{"origin":[0,2,3.9],"size":[22,22,4],"uv":{"north":{"uv":[26,26],"uv_size":[-22,-22]},"south":{"uv":[22,48],"uv_size":[-22,-22]},"west":{"uv":[4,26],"uv_size":[-4,-22]},"down":{"uv":[26,4],"uv_size":[-22,-4]}}},{"origin":[-22,2,3.9],"size":[22,22,4],"uv":{"north":{"uv":[4,26],"uv_size":[22,-22]},"east":{"uv":[0,26],"uv_size":[4,-22]},"south":{"uv":[0,48],"uv_size":[22,-22]},"down":{"uv":[4,4],"uv_size":[22,-4]}}},{"origin":[-20,4,3.9],"size":[20,0,4],"uv":{"north":{"uv":[17,74],"uv_size":[20,0]},"east":{"uv":[13,74],"uv_size":[4,0]},"south":{"uv":[41,74],"uv_size":[20,0]},"west":{"uv":[37,74],"uv_size":[4,0]},"up":{"uv":[27,10],"uv_size":[20,4]},"down":{"uv":[37,74],"uv_size":[20,-4]}}},{"origin":[-20,4,3.9],"size":[0,20,4],"uv":{"north":{"uv":[20,52],"uv_size":[0,20]},"east":{"uv":[16,52],"uv_size":[4,20]},"south":{"uv":[24,52],"uv_size":[0,20]},"west":{"uv":[29,6],"uv_size":[4,6]},"up":{"uv":[20,48],"uv_size":[0,4]},"down":{"uv":[20,52],"uv_size":[0,-4]}}},{"origin":[-20,24,3.9],"size":[0,20,4],"uv":{"north":{"uv":[20,52],"uv_size":[0,20]},"east":{"uv":[16,52],"uv_size":[4,20]},"south":{"uv":[24,52],"uv_size":[0,20]},"west":{"uv":[30,5],"uv_size":[4,6]},"up":{"uv":[20,48],"uv_size":[0,4]},"down":{"uv":[20,52],"uv_size":[0,-4]}}},{"origin":[-20,44,3.9],"size":[20,0,4],"uv":{"north":{"uv":[17,74],"uv_size":[20,0]},"east":{"uv":[13,74],"uv_size":[4,0]},"south":{"uv":[41,74],"uv_size":[20,0]},"west":{"uv":[37,74],"uv_size":[4,0]},"up":{"uv":[27,8],"uv_size":[20,4]},"down":{"uv":[37,74],"uv_size":[20,-4]}}},{"origin":[0,4,3.9],"size":[20,0,4],"uv":{"north":{"uv":[37,74],"uv_size":[-20,0]},"east":{"uv":[41,74],"uv_size":[-4,0]},"south":{"uv":[61,74],"uv_size":[-20,0]},"west":{"uv":[17,74],"uv_size":[-4,0]},"up":{"uv":[47,10],"uv_size":[-20,4]},"down":{"uv":[57,74],"uv_size":[-20,-4]}}},{"origin":[20,4,3.9],"size":[0,20,4],"uv":{"north":{"uv":[20,52],"uv_size":[0,20]},"east":{"uv":[33,6],"uv_size":[-4,6]},"south":{"uv":[24,52],"uv_size":[0,20]},"west":{"uv":[20,52],"uv_size":[-4,20]},"up":{"uv":[20,48],"uv_size":[0,4]},"down":{"uv":[20,52],"uv_size":[0,-4]}}},{"origin":[20,24,3.9],"size":[0,20,4],"uv":{"north":{"uv":[20,52],"uv_size":[0,20]},"east":{"uv":[34,5],"uv_size":[-4,6]},"south":{"uv":[24,52],"uv_size":[0,20]},"up":{"uv":[20,48],"uv_size":[0,4]},"down":{"uv":[20,52],"uv_size":[0,-4]}}},{"origin":[0,44,3.9],"size":[20,0,4],"uv":{"north":{"uv":[37,74],"uv_size":[-20,0]},"east":{"uv":[41,74],"uv_size":[-4,0]},"south":{"uv":[61,74],"uv_size":[-20,0]},"west":{"uv":[17,74],"uv_size":[-4,0]},"up":{"uv":[47,8],"uv_size":[-20,4]},"down":{"uv":[57,74],"uv_size":[-20,-4]}}}]},{"name":"translucent","parent":"unit","pivot":[0,0,3.9],"cubes":[{"origin":[-18,6,-0.1],"size":[0,18,4],"uv":{"north":{"uv":[36,52],"uv_size":[0,18]},"east":{"uv":[52,28],"uv_size":[-4,10]},"south":{"uv":[40,52],"uv_size":[0,18]},"west":{"uv":[48,38],"uv_size":[4,10]},"up":{"uv":[36,48],"uv_size":[0,4]},"down":{"uv":[36,52],"uv_size":[0,-4]}}},{"origin":[-18,6,-0.1],"size":[18,0,4],"uv":{"north":{"uv":[48,4],"uv_size":[18,0]},"east":{"uv":[44,4],"uv_size":[4,0]},"south":{"uv":[70,4],"uv_size":[18,0]},"west":{"uv":[66,4],"uv_size":[4,0]},"up":{"uv":[42,0],"uv_size":[10,4]},"down":{"uv":[26,4],"uv_size":[16,-4]}}},{"origin":[18,6,-0.1],"size":[0,18,4],"uv":{"north":{"uv":[36,52],"uv_size":[0,18]},"east":{"uv":[52,38],"uv_size":[-4,10]},"south":{"uv":[40,52],"uv_size":[0,18]},"west":{"uv":[48,28],"uv_size":[4,10]},"up":{"uv":[36,48],"uv_size":[0,4]},"down":{"uv":[36,52],"uv_size":[0,-4]}}},{"origin":[0,6,-0.1],"size":[18,0,4],"uv":{"north":{"uv":[66,4],"uv_size":[-18,0]},"east":{"uv":[70,4],"uv_size":[-4,0]},"south":{"uv":[88,4],"uv_size":[-18,0]},"west":{"uv":[48,4],"uv_size":[-4,0]},"up":{"uv":[52,0],"uv_size":[-10,4]},"down":{"uv":[42,4],"uv_size":[-16,-4]}}},{"origin":[18,24,-0.1],"size":[0,18,4],"uv":{"north":{"uv":[36,70],"uv_size":[0,-18]},"east":{"uv":[52,48],"uv_size":[-4,-10]},"south":{"uv":[40,70],"uv_size":[0,-18]},"west":{"uv":[48,38],"uv_size":[4,-10]},"up":{"uv":[36,48],"uv_size":[0,4]},"down":{"uv":[36,52],"uv_size":[0,-4]}}},{"origin":[0,42,-0.1],"size":[18,0,4],"uv":{"north":{"uv":[66,4],"uv_size":[-18,0]},"east":{"uv":[70,4],"uv_size":[-4,0]},"south":{"uv":[88,4],"uv_size":[-18,0]},"west":{"uv":[48,4],"uv_size":[-4,0]},"up":{"uv":[42,0],"uv_size":[-16,4]},"down":{"uv":[52,4],"uv_size":[-10,-4]}}},{"origin":[-18,24,-0.1],"size":[0,18,4],"uv":{"north":{"uv":[36,70],"uv_size":[0,-18]},"east":{"uv":[52,38],"uv_size":[-4,-10]},"south":{"uv":[40,70],"uv_size":[0,-18]},"west":{"uv":[48,48],"uv_size":[4,-10]},"up":{"uv":[36,48],"uv_size":[0,4]},"down":{"uv":[36,52],"uv_size":[0,-4]}}},{"origin":[-18,42,-0.1],"size":[18,0,4],"uv":{"north":{"uv":[48,4],"uv_size":[18,0]},"east":{"uv":[44,4],"uv_size":[4,0]},"south":{"uv":[70,4],"uv_size":[18,0]},"west":{"uv":[66,4],"uv_size":[4,0]},"up":{"uv":[26,0],"uv_size":[16,4]},"down":{"uv":[42,4],"uv_size":[10,-4]}}}]},{"name":"fan","parent":"unit","pivot":[0,24,2.9],"cubes":[{"origin":[-3,21,2.9],"size":[6,6,5],"uv":{"north":{"uv":[31,20],"uv_size":[6,6]},"east":{"uv":[26,20],"uv_size":[5,6]},"west":{"uv":[37,20],"uv_size":[5,6]},"up":{"uv":[31,15],"uv_size":[6,5]},"down":{"uv":[37,20],"uv_size":[6,-5]}}},{"origin":[3,16,4.9],"size":[16,11,0],"uv":{"north":{"uv":[48,4],"uv_size":[16,11]},"east":{"uv":[48,4],"uv_size":[0,11]},"west":{"uv":[64,4],"uv_size":[0,11]},"up":{"uv":[48,4],"uv_size":[16,0]},"down":{"uv":[64,4],"uv_size":[16,0]}}},{"origin":[-19,21,4.9],"size":[16,11,0],"uv":{"north":{"uv":[32,30],"uv_size":[16,11]},"east":{"uv":[32,30],"uv_size":[0,11]},"west":{"uv":[48,30],"uv_size":[0,11]},"up":{"uv":[32,30],"uv_size":[16,0]},"down":{"uv":[48,30],"uv_size":[16,0]}}},{"origin":[-8,5,4.9],"size":[11,16,0],"uv":{"north":{"uv":[52,31],"uv_size":[11,16]},"east":{"uv":[52,31],"uv_size":[0,16]},"west":{"uv":[63,31],"uv_size":[0,16]},"up":{"uv":[52,31],"uv_size":[11,0]},"down":{"uv":[63,31],"uv_size":[11,0]}}},{"origin":[-3,27,4.9],"size":[11,16,0],"uv":{"north":{"uv":[52,15],"uv_size":[11,16]},"east":{"uv":[52,15],"uv_size":[0,16]},"west":{"uv":[63,15],"uv_size":[0,16]},"up":{"uv":[52,15],"uv_size":[11,0]},"down":{"uv":[63,15],"uv_size":[11,0]}}}],"locators":{"center":[0,24,0]}}]}]}