{"minecraft:geometry":[{"description":{"identifier":"geometry.hive.replay.props.boom.mic","texture_width":64,"texture_height":64,"visible_bounds_width":3,"visible_bounds_height":5,"visible_bounds_offset":[0,1.5,0]},"bones":[{"name":"root","pivot":[0,0,0]},{"name":"stand","parent":"root","pivot":[0,0,0],"cubes":[{"origin":[-1,3,-1],"size":[2,36,2],"uv":[0,0]},{"origin":[0,0,1],"size":[0,9,8],"uv":[8,47]},{"origin":[-1,0,-9],"size":[0,9,8],"pivot":[-1,4,-1],"rotation":[0,55,0],"uv":[0,47]},{"origin":[1,0,-9],"size":[0,9,8],"pivot":[1,4,-1],"rotation":[0,-55,0],"uv":[0,47],"mirror":true},{"origin":[0,39,-1],"size":[0,3,2],"uv":[9,0]}]},{"name":"arm","parent":"stand","pivot":[0,42,0],"rotation":[15,0,0],"cubes":[{"origin":[-1,41,-18],"size":[2,2,30],"uv":[0,9]},{"origin":[0,41,-21],"size":[0,2,3],"uv":[9,3]}]},{"name":"mic","parent":"arm","pivot":[0,42,-21],"rotation":[-20,0,0],"cubes":[{"origin":[-2,31,-23],"size":[4,8,4],"uv":[9,18]},{"origin":[-1,39,-22],"size":[2,6,2],"uv":[9,9]}]}]}],"format_version":"1.12.0"}