{"minecraft:geometry":[{"description":{"identifier":"geometry.hive.replay.props.coffee.cup","texture_width":64,"texture_height":64,"visible_bounds_width":2,"visible_bounds_height":3,"visible_bounds_offset":[0,0.5,0]},"bones":[{"name":"root","pivot":[0,0,0]},{"name":"coffeeCup","parent":"root","pivot":[0,0,0],"cubes":[{"origin":[-2.5,0,-2.5],"size":[5,5,5],"uv":[0,9]},{"origin":[-3.5,5,-3.5],"size":[7,2,7],"uv":[0,0]},{"origin":[-2.5,6,-2.5],"size":[5,2,5],"pivot":[0,7,2.5],"rotation":[-10,0,0],"uv":[0,19]}]}]}],"format_version":"1.12.0"}