{"minecraft:geometry":[{"description":{"identifier":"geometry.hive.replay.props.fruit.bowl","texture_width":64,"texture_height":64,"visible_bounds_width":2,"visible_bounds_height":4,"visible_bounds_offset":[0,1,0]},"bones":[{"name":"root","pivot":[0,0,0]},{"name":"bowl","parent":"root","pivot":[0,0,0],"cubes":[{"origin":[-5,0,-5],"size":[10,2,10],"uv":[0,0]},{"origin":[-5,1,-5],"size":[10,3,0],"pivot":[0,1,-5],"rotation":[12.5,0,0],"uv":[0,15]},{"origin":[-5,1,5],"size":[10,3,0],"pivot":[0,1,5],"rotation":[-12.5,0,0],"uv":[0,15]},{"origin":[-5,1,-5],"size":[0,3,10],"pivot":[-5,1,0],"rotation":[0,0,-12.5],"uv":[0,2]},{"origin":[5,1,-5],"size":[0,3,10],"pivot":[5,1,0],"rotation":[0,0,12.5],"uv":[0,2],"mirror":true}]},{"name":"grapes","parent":"bowl","pivot":[1,2,2],"cubes":[{"origin":[-2,2,2],"size":[4,2,3],"uv":[41,7]},{"origin":[-1,4,3],"size":[3,2,0],"uv":[37,5]},{"origin":[0,2,0],"size":[3,1,3],"uv":[52,9]}]},{"name":"apple","parent":"bowl","pivot":[-3.5,2,-1],"rotation":[0,-20,0],"cubes":[{"origin":[-4.5,2,-3],"size":[3,3,3],"uv":[52,0]},{"origin":[-4.5,4.5,-1.5],"size":[2,2,0],"uv":[30,5]}]},{"name":"banana","parent":"bowl","pivot":[1.5,2,-3.5],"rotation":[0,-45,0],"cubes":[{"origin":[0.5,2,-4.5],"size":[4,2,2],"uv":[30,0]},{"origin":[2.5,2,-4.501],"size":[2,4,2],"pivot":[4.5,2,-3.5],"rotation":[0,0,40],"uv":[43,0]},{"origin":[2.5,6,-3.501],"size":[1,1,0],"pivot":[4.5,2,-3.5],"rotation":[0,0,40],"uv":[42,0]}]}]}],"format_version":"1.12.0"}