{"minecraft:geometry":[{"description":{"identifier":"geometry.hive.replay.props.straw.cup","texture_width":32,"texture_height":32,"visible_bounds_width":2,"visible_bounds_height":3,"visible_bounds_offset":[0,0.5,0]},"bones":[{"name":"root","pivot":[0,0,0]},{"name":"cupAndStraw","parent":"root","pivot":[0,0,0],"cubes":[{"origin":[-2.5,0,-2.5],"size":[5,5,5],"uv":[0,9]},{"origin":[0,7,-4],"size":[0,5,4],"pivot":[0,7,0],"rotation":[17.5,-45,0],"uv":[0,16]},{"origin":[-3.5,5,-3.5],"size":[7,2,7],"uv":[0,0]}]}]}],"format_version":"1.12.0"}