{"format_version":"1.10.0","particle_effect":{"description":{"identifier":"hivectf:di_6","basic_render_parameters":{"material":"particles_alpha","texture":"textures/particle/hive/ctf/di"}},"components":{"minecraft:emitter_rate_instant":{"num_particles":3},"minecraft:emitter_lifetime_once":{"active_time":1},"minecraft:emitter_shape_disc":{"offset":[0,1.62,0],"radius":0.3,"plane_normal":"z","surface_only":true,"direction":"outwards"},"minecraft:particle_lifetime_expression":{"max_lifetime":0.7},"minecraft:particle_initial_speed":2,"minecraft:particle_motion_dynamic":{"linear_drag_coefficient":5},"minecraft:particle_appearance_billboard":{"size":["(1-(variable.particle_age/variable.particle_lifetime))*0.2","(1-(variable.particle_age/variable.particle_lifetime))*0.2"],"facing_camera_mode":"rotate_xyz","uv":{"texture_width":12,"texture_height":132,"uv":[0,"12*5"],"uv_size":[12,12]}},"minecraft:particle_appearance_tinting":{"color":[1,1,1,1]}}}}