{"format_version":"1.12.0","minecraft:geometry":[{"description":{"identifier":"geometry.hive.ctf.flag.atlantis","texture_width":128,"texture_height":128,"visible_bounds_width":4,"visible_bounds_height":7,"visible_bounds_offset":[0,2.5,0]},"bones":[{"name":"root","pivot":[0,0,0]},{"name":"base","parent":"root","pivot":[0,0,0],"cubes":[{"origin":[-1,12,-1.5],"size":[3,34,3],"uv":[0,1]},{"origin":[-2,0,-2.5],"size":[5,12,5],"uv":[16,27]},{"origin":[-3,45,-2.5],"size":[7,7,5],"pivot":[0.5,48.5,0],"rotation":[0,0,45],"uv":[16,15]},{"origin":[-6,48,0],"size":[13,14,0],"uv":[17,0]}]},{"name":"flag","parent":"base","pivot":[2,38,0]},{"name":"lower","parent":"flag","pivot":[2,32,0],"cubes":[{"origin":[2,32,0],"size":[11,14,0],"uv":[17,48]}]},{"name":"lower2","parent":"lower","pivot":[13,32,0],"cubes":[{"origin":[13,32,0],"size":[11,14,0],"uv":[17,63]}]}]}]}