{"format_version":"1.12.0","minecraft:geometry":[{"description":{"identifier":"geometry.hive.ctf.flag.candycane","texture_width":64,"texture_height":64,"visible_bounds_width":4,"visible_bounds_height":6,"visible_bounds_offset":[0,2,0]},"bones":[{"name":"root","pivot":[0,0,0]},{"name":"base","parent":"root","pivot":[0,0,0],"cubes":[{"origin":[-3,0,-2],"size":[5,48,4],"uv":[0,0]},{"origin":[8,40,-2],"size":[5,8,4],"uv":[18,9],"mirror":true},{"origin":[-3,48,-2],"size":[16,5,4],"uv":[18,0],"mirror":true}]},{"name":"flag","parent":"base","pivot":[2,38,0]},{"name":"lower","parent":"flag","pivot":[2,32,0]},{"name":"lower2","parent":"lower","pivot":[13,32,0]}]}]}