{"format_version":"1.12.0","minecraft:geometry":[{"description":{"identifier":"geometry.hive.ctf.flag.cosmic","texture_width":64,"texture_height":64,"visible_bounds_width":4,"visible_bounds_height":7,"visible_bounds_offset":[0,2.5,0]},"bones":[{"name":"root","pivot":[0,0,0]},{"name":"base","parent":"root","pivot":[0,0,0],"cubes":[{"origin":[-1,5,-1.5],"size":[3,41,3],"uv":[0,0]},{"origin":[-3,45.5,-2.5],"size":[7,7,5],"pivot":[0.5,49,0],"rotation":[0,0,45],"uv":[36,25]},{"origin":[-3,1.5,-2.5],"size":[7,7,5],"pivot":[0.5,5,0],"rotation":[0,0,45],"uv":[35,12]}]},{"name":"stars","parent":"base","pivot":[-4.5,17.5,-5]},{"name":"bone","parent":"stars","pivot":[-4.5,17.5,-5],"cubes":[{"origin":[3,6,-5],"size":[5,7,0],"pivot":[5.5,9.5,-5],"rotation":[-10,-45,0],"uv":[13,48],"mirror":true},{"origin":[-3.5,13,-5],"size":[8,1,0],"pivot":[0.5,13.5,-5],"rotation":[-10,0,40],"uv":[13,56]},{"origin":[-7,14,-5],"size":[5,7,0],"pivot":[-4.5,17.5,-5],"rotation":[-10,45,0],"uv":[13,48]}]},{"name":"bone3","parent":"stars","pivot":[5.5,33.5,5],"cubes":[{"origin":[-3.5,29,5],"size":[8,1,0],"pivot":[0.5,29.5,5],"rotation":[10,0,-40],"uv":[13,56],"mirror":true}]},{"name":"bone2","parent":"stars","pivot":[-4.5,25.5,5],"rotation":[0,90,0],"cubes":[{"origin":[-3.5,21,5],"size":[8,1,0],"pivot":[0.5,21.5,5],"rotation":[-10,0,40],"uv":[13,56],"mirror":true},{"origin":[-7,22,5],"size":[5,7,0],"pivot":[-4.5,25.5,5],"rotation":[-10,45,0],"uv":[13,48]}]},{"name":"stars2","parent":"base","pivot":[-4.5,41.5,5]},{"name":"bone4","parent":"stars2","pivot":[-4.5,41.5,5],"cubes":[{"origin":[3,30,5],"size":[5,7,0],"pivot":[5.5,33.5,5],"rotation":[10,45,0],"uv":[13,48],"mirror":true},{"origin":[-3.5,37,5],"size":[8,1,0],"pivot":[0.5,37.5,5],"rotation":[10,0,40],"uv":[13,56]},{"origin":[-7,38,5],"size":[5,7,0],"pivot":[-4.5,41.5,5],"rotation":[10,-45,0],"uv":[13,48]}]},{"name":"bone5","parent":"stars2","pivot":[5.5,57.5,-5],"cubes":[{"origin":[-3.5,53,-5],"size":[8,1,0],"pivot":[0.5,53.5,-5],"rotation":[-10,0,-40],"uv":[13,56],"mirror":true},{"origin":[3,54,-5],"size":[5,7,0],"pivot":[5.5,57.5,-5],"rotation":[-10,-45,0],"uv":[24,48],"mirror":true}]},{"name":"bone6","parent":"stars2","pivot":[-4.5,49.5,-5],"rotation":[0,-90,0],"cubes":[{"origin":[-3.5,45,-5],"size":[8,1,0],"pivot":[0.5,45.5,-5],"rotation":[10,0,40],"uv":[13,56],"mirror":true},{"origin":[-7,46,-5],"size":[5,7,0],"pivot":[-4.5,49.5,-5],"rotation":[10,-45,0],"uv":[13,48]}]},{"name":"flag","parent":"base","pivot":[2,38,0]},{"name":"lower","parent":"flag","pivot":[2,32,0],"cubes":[{"origin":[2,32,0],"size":[11,14,0],"uv":[13,33]}]},{"name":"lower2","parent":"lower","pivot":[13,32,0],"cubes":[{"origin":[13,32,0],"size":[11,14,0],"uv":[13,18]}]}]}]}