{"format_version":"1.12.0","minecraft:geometry":[{"description":{"identifier":"geometry.hive.ctf.flag.flourished","texture_width":64,"texture_height":64,"visible_bounds_width":4,"visible_bounds_height":6,"visible_bounds_offset":[0,2,0]},"bones":[{"name":"root","pivot":[0,0,0]},{"name":"base","parent":"root","pivot":[0,0,0],"cubes":[{"origin":[-2,0,-2.5],"size":[5,51,5],"uv":[0,0]},{"origin":[-4,12,-5.5],"size":[5,2,5],"uv":[20,28]},{"origin":[-1,9,-4.5],"size":[5,2,5],"uv":[20,28]},{"origin":[0,22,-0.5],"size":[5,2,5],"uv":[20,28]},{"origin":[-3,25,0.5],"size":[5,2,5],"uv":[20,28]},{"origin":[-9,35,-2.5],"size":[7,9,0],"uv":[34,35]},{"origin":[3,13,2.5],"size":[5,5,0],"uv":[20,38]}]},{"name":"flowersmall","parent":"base","pivot":[0,30,-2.6],"rotation":[0,0,-22.5],"cubes":[{"origin":[-2,26,-2.5],"size":[4,3,0],"pivot":[0,29,-2.5],"rotation":[-22.5,0,0],"uv":[36,47]},{"origin":[-4,28,-2.5],"size":[3,4,0],"pivot":[-1,30,-2.5],"rotation":[0,-22.5,0],"uv":[48,39]},{"origin":[1,28,-2.5],"size":[3,4,0],"pivot":[1,30,-2.5],"rotation":[0,22.5,0],"uv":[48,35]},{"origin":[-1,29,-3.5],"size":[2,2,1],"uv":[50,12]},{"origin":[-2,31,-2.5],"size":[4,3,0],"pivot":[0,31,-2.5],"rotation":[22.5,0,0],"uv":[45,27]}]},{"name":"flowersmall2","parent":"base","pivot":[1,9,2.6],"rotation":[0,0,-22.5],"cubes":[{"origin":[-1,5,2.5],"size":[4,3,0],"pivot":[1,8,2.5],"rotation":[22.5,0,0],"uv":[44,44]},{"origin":[-3,7,2.5],"size":[3,4,0],"pivot":[0,9,2.5],"rotation":[0,22.5,0],"uv":[28,48]},{"origin":[2,7,2.5],"size":[3,4,0],"pivot":[2,9,2.5],"rotation":[0,-22.5,0],"uv":[44,47]},{"origin":[0,8,2.5],"size":[2,2,1],"uv":[20,49]},{"origin":[-1,10,2.5],"size":[4,3,0],"pivot":[1,10,2.5],"rotation":[-22.5,0,0],"uv":[36,44]}]},{"name":"flowerlarge3","parent":"base","pivot":[0.5,48.5,-2.5],"rotation":[0,0,25],"cubes":[{"origin":[-1,47,-3.5],"size":[3,3,1],"uv":[44,31]},{"origin":[-5,46,-2.5],"size":[4,5,0],"pivot":[-1,48.5,-2.5],"rotation":[0,-30,0],"uv":[20,44],"mirror":true},{"origin":[2,46,-2.5],"size":[4,5,0],"pivot":[2,48.5,-2.5],"rotation":[0,30,0],"uv":[42,22]},{"origin":[-2,43,-2.5],"size":[5,4,0],"pivot":[0.5,47,-2.5],"rotation":[-30,0,0],"uv":[42,8]},{"origin":[-2,50,-2.5],"size":[5,4,0],"pivot":[0.5,50,-2.5],"rotation":[30,0,0],"uv":[42,4]}]},{"name":"flowerlarge2","parent":"base","pivot":[0.5,48.5,2.5],"rotation":[0,0,-25],"cubes":[{"origin":[-1,47,2.5],"size":[3,3,1],"uv":[28,44]},{"origin":[-5,46,2.5],"size":[4,5,0],"pivot":[-1,48.5,2.5],"rotation":[0,30,0],"uv":[42,17]},{"origin":[2,46,2.5],"size":[4,5,0],"pivot":[2,48.5,2.5],"rotation":[0,-30,0],"uv":[42,12]},{"origin":[-2,43,2.5],"size":[5,4,0],"pivot":[0.5,47,2.5],"rotation":[30,0,0],"uv":[42,0],"mirror":true},{"origin":[-2,50,2.5],"size":[5,4,0],"pivot":[0.5,50,2.5],"rotation":[-30,0,0],"uv":[35,28]}]},{"name":"flag","parent":"base","pivot":[3,38,0]},{"name":"lower","parent":"flag","pivot":[3,32,0],"cubes":[{"origin":[3,32,0],"size":[11,14,0],"uv":[20,14]}]},{"name":"lower2","parent":"lower","pivot":[14,32,0],"cubes":[{"origin":[14,32,0],"size":[11,14,0],"uv":[20,0]}]}]}]}