{"format_version":"1.12.0","minecraft:geometry":[{"description":{"identifier":"geometry.hive.ctf.flag.heart","texture_width":64,"texture_height":64,"visible_bounds_width":4,"visible_bounds_height":6,"visible_bounds_offset":[0,2,0]},"bones":[{"name":"root","pivot":[0,0,0]},{"name":"base","parent":"root","pivot":[0,0,0],"cubes":[{"origin":[-1,0,-1.5],"size":[3,47,3],"uv":[0,0]},{"origin":[-2,30,-2.5],"size":[5,2,5],"uv":[36,35]},{"origin":[-5,34,-0.5],"size":[2,2,0],"pivot":[-4,35,-0.5],"rotation":[0,2.5,25],"uv":[16,42]},{"origin":[4,26,-0.5],"size":[2,2,0],"pivot":[5,27,-0.5],"rotation":[0,-2.5,-25],"uv":[16,42],"mirror":true},{"origin":[-2,0,-2.5],"size":[5,2,5],"uv":[36,35]},{"origin":[-7,46,-2.5],"size":[4,6,5],"pivot":[0.5,48.5,0],"rotation":[0,0,45],"uv":[36,0]},{"origin":[-3,46,-2.5],"size":[6,6,5],"pivot":[0.5,48.5,0],"rotation":[0,0,45],"uv":[13,30]},{"origin":[-3,52,-2.5],"size":[6,4,5],"pivot":[0.5,48.5,0],"rotation":[0,0,45],"uv":[31,25]}]},{"name":"flag","parent":"base","pivot":[2,38,0]},{"name":"lower","parent":"flag","pivot":[2,32,0],"cubes":[{"origin":[2,32,0],"size":[11,14,0],"uv":[13,15]}]},{"name":"lower2","parent":"lower","pivot":[13,32,0],"cubes":[{"origin":[13,32,0],"size":[11,14,0],"uv":[13,0]}]}]}]}