{"format_version":"1.12.0","minecraft:geometry":[{"description":{"identifier":"geometry.hive.ctf.flag.magma","texture_width":64,"texture_height":64,"visible_bounds_width":4,"visible_bounds_height":6,"visible_bounds_offset":[0,2,0]},"bones":[{"name":"root","pivot":[0,0,0]},{"name":"base","parent":"root","pivot":[0,0,0],"cubes":[{"origin":[-2,4,-2],"size":[4,42,4],"uv":[0,0]},{"origin":[-3,28,-3],"size":[6,4,6],"uv":[16,38]},{"origin":[-3,46,-3],"size":[6,4,6],"uv":[16,28],"mirror":true},{"origin":[-3,18,-3],"size":[6,4,6],"uv":[16,28]},{"origin":[-3,0,-3],"size":[6,4,6],"uv":[16,38]}]},{"name":"flag","parent":"base","pivot":[2,38,0]},{"name":"lower","parent":"flag","pivot":[2,32,0],"cubes":[{"origin":[2,32,0],"size":[11,14,0],"uv":[16,14]},{"origin":[9,22,0],"size":[7,6,0],"uv":[34,28]},{"origin":[2,22,0],"size":[7,6,0],"uv":[38,0]}]},{"name":"lower2","parent":"lower","pivot":[13,32,0],"cubes":[{"origin":[13,32,0],"size":[11,14,0],"uv":[16,0]}]},{"name":"flag2","parent":"base","pivot":[2,36,0]},{"name":"lower3","parent":"flag2","pivot":[2,31,0]},{"name":"lower4","parent":"lower3","pivot":[13,31,0]}]}]}