{"format_version":"1.12.0","minecraft:geometry":[{"description":{"identifier":"geometry.hive.ctf.flag.matrix","texture_width":64,"texture_height":64,"visible_bounds_width":4,"visible_bounds_height":6,"visible_bounds_offset":[0,2,0]},"bones":[{"name":"root","pivot":[0,0,0]},{"name":"base","parent":"root","pivot":[0,0,0],"cubes":[{"origin":[-1,0,-1.5],"size":[3,46,3],"uv":[0,0]},{"origin":[-3,26,-2.5],"size":[4,10,0],"uv":[22,28]},{"origin":[-2,52,0.5],"size":[4,10,0],"uv":[22,28],"mirror":true},{"origin":[-1,4,2.5],"size":[4,10,0],"uv":[22,28]},{"origin":[-3.5,2,-2.5],"size":[5,18,0],"pivot":[-1,17,-1.5],"rotation":[0,45,0],"uv":[12,28]},{"origin":[-3.5,16,3.75],"size":[5,18,0],"pivot":[-1,17,-1.5],"rotation":[0,45,0],"uv":[12,28],"mirror":true},{"origin":[-3.5,35,2.5],"size":[5,18,0],"pivot":[-1,34,1.5],"rotation":[0,-45,0],"uv":[12,28]}]},{"name":"flag","parent":"base","pivot":[2,38,0]},{"name":"lower","parent":"flag","pivot":[2,32,0],"cubes":[{"origin":[2,32,0],"size":[11,14,0],"uv":[12,14]},{"origin":[4,34,-1],"size":[9,10,0],"uv":[12,46]},{"origin":[4,34,1],"size":[9,10,0],"uv":[12,46]}]},{"name":"lower2","parent":"lower","pivot":[13,32,0],"cubes":[{"origin":[13,32,0],"size":[11,14,0],"uv":[12,0]},{"origin":[13,34,-1],"size":[9,10,0],"uv":[30,46]},{"origin":[13,34,1],"size":[9,10,0],"uv":[30,46]}]}]}]}