{"format_version":"1.12.0","minecraft:geometry":[{"description":{"identifier":"geometry.hive.ctf.flag.royal","texture_width":64,"texture_height":64,"visible_bounds_width":4,"visible_bounds_height":6,"visible_bounds_offset":[0,2,0]},"bones":[{"name":"root","pivot":[0,0,0.5]},{"name":"base","parent":"root","pivot":[0,0,1],"cubes":[{"origin":[-1.5,0,-1.5],"size":[3,46,3],"uv":[1,1]},{"origin":[-14,42,-4.5],"size":[28,3,3],"uv":[0,58]},{"origin":[-14.9,21,-3],"size":[6,21,0],"pivot":[-9.9,42,0.5],"rotation":[0,0,5],"uv":[52,27],"mirror":true},{"origin":[8.9,21,-3],"size":[6,21,0],"pivot":[9.9,42,0.5],"rotation":[0,0,-5],"uv":[52,27]}]},{"name":"crown","parent":"base","pivot":[0,45,-1.5],"rotation":[-10,0,0],"cubes":[{"origin":[-4.5,45,-4.5],"size":[9,3,9],"uv":[7,41]},{"origin":[-4.5,48,-4.5],"size":[9,4,9],"uv":[16,28]},{"origin":[-3.5,48,-3.5],"size":[7,3,7],"uv":[36,48]},{"origin":[-1.5,52,-1.5],"size":[3,3,3],"uv":[34,42]}]},{"name":"flag","parent":"base","pivot":[-11,34,-9]},{"name":"lower","parent":"flag","pivot":[0,42,-3],"cubes":[{"origin":[-9,29,-3],"size":[18,13,0],"uv":[16,0]}]},{"name":"lower2","parent":"lower","pivot":[0,29,-3],"cubes":[{"origin":[-9,14,-3],"size":[18,15,0],"uv":[16,13]}]}]}]}