{"format_version":"1.12.0","minecraft:geometry":[{"description":{"identifier":"geometry.hive.ctf.flag.scifi","texture_width":128,"texture_height":128,"visible_bounds_width":4,"visible_bounds_height":6,"visible_bounds_offset":[0,2,0]},"bones":[{"name":"root","pivot":[0,0,0]},{"name":"base","parent":"root","pivot":[0,0,0],"cubes":[{"origin":[-2,0,-1.5],"size":[4,46,3],"uv":{"north":{"uv":[3,4],"uv_size":[4,46]},"east":{"uv":[0,4],"uv_size":[3,46]},"south":{"uv":[10,4],"uv_size":[4,46]},"west":{"uv":[7,4],"uv_size":[3,46]},"up":{"uv":[3,1],"uv_size":[4,3]},"down":{"uv":[7,4],"uv_size":[4,-3]}}},{"origin":[-6,46,-3.5],"size":[10,3,7],"uv":{"north":{"uv":[24,26],"uv_size":[10,3]},"east":{"uv":[17,26],"uv_size":[7,3]},"south":{"uv":[41,26],"uv_size":[10,3]},"west":{"uv":[34,26],"uv_size":[7,3]},"up":{"uv":[24,19],"uv_size":[10,7]},"down":{"uv":[34,26],"uv_size":[10,-7]}}},{"origin":[-6,27,-3.5],"size":[10,3,7],"uv":{"north":{"uv":[24,36],"uv_size":[10,3]},"east":{"uv":[17,36],"uv_size":[7,3]},"south":{"uv":[41,36],"uv_size":[10,3]},"west":{"uv":[34,36],"uv_size":[7,3]},"up":{"uv":[24,29],"uv_size":[10,7]},"down":{"uv":[34,36],"uv_size":[10,-7]}}}]},{"name":"blend","parent":"base","pivot":[0,0,0],"cubes":[{"origin":[2,30,0],"size":[13,16,0],"uv":{"north":{"uv":[19,2],"uv_size":[13,16]},"south":{"uv":[32,2],"uv_size":[-13,16]}}},{"origin":[15,31,0],"size":[1,14,0],"uv":{"north":{"uv":[32,3],"uv_size":[1,14]},"south":{"uv":[32,3],"uv_size":[1,14]}}},{"origin":[16,32,0],"size":[1,12,0],"uv":{"north":{"uv":[33,4],"uv_size":[1,12]},"south":{"uv":[33,4],"uv_size":[1,12]}}},{"origin":[17,33,0],"size":[1,10,0],"uv":{"north":{"uv":[34,5],"uv_size":[1,10]},"south":{"uv":[34,5],"uv_size":[1,10]}}},{"origin":[18,34,0],"size":[1,8,0],"uv":{"north":{"uv":[35,6],"uv_size":[1,8]},"south":{"uv":[35,6],"uv_size":[1,8]}}},{"origin":[19,35,0],"size":[1,6,0],"uv":{"north":{"uv":[36,7],"uv_size":[1,6]},"south":{"uv":[36,7],"uv_size":[1,6]}}},{"origin":[20,36,0],"size":[1,4,0],"uv":{"north":{"uv":[37,8],"uv_size":[1,4]},"south":{"uv":[37,8],"uv_size":[1,4]}}},{"origin":[21,37,0],"size":[1,2,0],"uv":{"north":{"uv":[38,9],"uv_size":[1,2]},"south":{"uv":[38,9],"uv_size":[1,2]}}},{"origin":[-3,30,0],"size":[1,16,0],"uv":{"north":{"uv":[23,40],"uv_size":[1,16]},"south":{"uv":[23,40],"uv_size":[1,16]}}},{"origin":[-4,31,0],"size":[1,14,0],"uv":{"north":{"uv":[22,41],"uv_size":[1,14]},"south":{"uv":[22,41],"uv_size":[1,14]}}},{"origin":[-5,32,0],"size":[1,12,0],"uv":{"north":{"uv":[21,42],"uv_size":[1,12]},"south":{"uv":[21,42],"uv_size":[1,12]}}},{"origin":[-6,33,0],"size":[1,10,0],"uv":{"north":{"uv":[20,43],"uv_size":[1,10]},"south":{"uv":[20,43],"uv_size":[1,10]}}},{"origin":[-7,34,0],"size":[1,8,0],"uv":{"north":{"uv":[19,44],"uv_size":[1,8]},"south":{"uv":[19,44],"uv_size":[1,8]}}},{"origin":[-8,35,0],"size":[1,6,0],"uv":{"north":{"uv":[18,45],"uv_size":[1,6]},"south":{"uv":[18,45],"uv_size":[1,6]}}}]},{"name":"flag","parent":"base","pivot":[2,38,0]},{"name":"lower","parent":"flag","pivot":[2,30,0]},{"name":"lower2","parent":"flag","pivot":[13,32,0]}]}]}