{"format_version":"1.12.0","minecraft:geometry":[{"description":{"identifier":"geometry.hive.ctf.flag.shipwreck","texture_width":112,"texture_height":80,"visible_bounds_width":4,"visible_bounds_height":6,"visible_bounds_offset":[0,2,0]},"bones":[{"name":"root","pivot":[0,0,0]},{"name":"base","parent":"root","pivot":[0,0,0],"rotation":[0,180,0],"cubes":[{"origin":[-1.5,9,-1.5],"size":[3,33,3],"uv":[44,31]},{"origin":[-2.5,0,-2.5],"size":[5,9,5],"uv":[56,42]},{"origin":[-24,39,-3.5],"size":[48,3,3],"uv":[0,25]},{"origin":[-20,38,-4.5],"size":[3,5,5],"uv":[33,62]},{"origin":[17,38,-4.5],"size":[3,5,5],"uv":[33,62]},{"origin":[-22,14,-3.8],"size":[44,25,0],"uv":[0,0]},{"origin":[-2.5,38,-4.5],"size":[5,4,7],"uv":[56,31]},{"origin":[-1.5,45,-1.5],"size":[3,16,3],"uv":[0,59]},{"origin":[-5.5,42,-5.5],"size":[11,3,11],"uv":[0,31]},{"origin":[3.5,49,-5.5],"size":[2,3,11],"uv":[15,48]},{"origin":[-3.5,49,-5.5],"size":[7,3,2],"uv":[80,36]},{"origin":[-3.5,49,3.5],"size":[7,3,2],"uv":[73,31]},{"origin":[-5.5,49,-5.5],"size":[2,3,11],"uv":[0,45]},{"origin":[-4.5,45,-4.5],"size":[0,4,9],"uv":[71,33]},{"origin":[4.5,45,-4.5],"size":[0,4,9],"uv":[71,33]},{"origin":[-4.5,45,-4.5],"size":[9,4,0],"uv":[71,42]},{"origin":[-4.5,45,4.5],"size":[9,4,0],"uv":[71,42]}]},{"name":"flag","parent":"base","pivot":[1.5,51,0]},{"name":"lower","parent":"flag","pivot":[1.5,45,0],"cubes":[{"origin":[1.5,53,0],"size":[11,6,0],"uv":[56,62]}]},{"name":"lower2","parent":"lower","pivot":[12.5,45,0],"cubes":[{"origin":[12.5,53,0],"size":[11,6,0],"uv":[56,56]}]}]}]}