{"format_version":"1.12.0","minecraft:geometry":[{"description":{"identifier":"geometry.hive.ctf.flag.sorcerer","texture_width":128,"texture_height":128,"visible_bounds_width":4,"visible_bounds_height":6,"visible_bounds_offset":[0,2,0]},"bones":[{"name":"root","pivot":[0,0,0]},{"name":"base","parent":"root","pivot":[0,0,0],"cubes":[{"origin":[-1,0,-1.5],"size":[3,46,3],"uv":[0,1]},{"origin":[-1,40,0],"size":[2,5,0],"pivot":[-1,45,0],"rotation":[0,0,45],"uv":[15,5]},{"origin":[-1,31,0],"size":[2,5,0],"pivot":[-1,36,0],"rotation":[0,0,30],"uv":[15,5]},{"origin":[-2,46,-2.5],"size":[5,7,5],"uv":[19,19]},{"origin":[0.5,53,-2.5],"size":[0,3,5],"uv":[24,7]},{"origin":[-7,47,0],"size":[5,6,0],"uv":[47,24]},{"origin":[3,47,0],"size":[5,6,0],"uv":[47,24],"mirror":true}]},{"name":"flag","parent":"base","pivot":[2,38,0]},{"name":"lower","parent":"flag","pivot":[2,32,0],"cubes":[{"origin":[2,32,0],"size":[11,14,0],"uv":[17,48]},{"origin":[2,24,0],"size":[11,5,0],"uv":[17,33]}]},{"name":"lower2","parent":"lower","pivot":[13,32,0],"cubes":[{"origin":[13,32,0],"size":[11,14,0],"uv":[17,63]},{"origin":[13,24,0],"size":[11,5,0],"uv":[17,39]}]}]}]}