{"format_version":"1.8.0","render_controllers":{"controller.render.hive.mounts.cruiser":{"arrays":{"textures":{"array.textures":["Texture.blue","Texture.ender","Texture.lime","Texture.pink","Texture.red","Texture.taxi"]}},"geometry":"Geometry.default","materials":[{"*":"Material.default"},{"lights":"Material.emissive"},{"leftFrontHoverGlow":"Material.emissive"},{"rightFrontHoverGlow":"Material.emissive"},{"leftBackHoverGlow":"Material.emissive"},{"rightBackHoverGlow":"Material.emissive"}],"textures":["array.textures[query.variant]"]},"controller.render.hive.mounts.cruiser.thrusters":{"arrays":{"textures":{"array.textures":["Texture.blue","Texture.ender","Texture.lime","Texture.pink","Texture.red","Texture.taxi"]}},"geometry":"Geometry.thrusters","materials":[{"*":"Material.default"}],"textures":["array.textures[query.variant]"],"light_color_multiplier":0.8,"ignore_lighting":true}}}