{"format_version":"1.8.0","minecraft:client_entity":{"description":{"identifier":"hivehub:disappearing_platform","materials":{"default":"entity_alphatest","blend":"slime_outer"},"textures":{"blue":"textures/entity/hive/hub/arcade/platforms/blue","green":"textures/entity/hive/hub/arcade/platforms/green","orange":"textures/entity/hive/hub/arcade/platforms/orange","purple":"textures/entity/hive/hub/arcade/platforms/purple","red":"textures/entity/hive/hub/arcade/platforms/red"},"geometry":{"default":"geometry.hive.hub.arcade.floatingplatform"},"animations":{"spawn":"animation.hive.hub.arcade.floatingplatform.timed.spawn","shake_low":"animation.hive.hub.arcade.floatingplatform.disappearing.shakeLow","shake_mid":"animation.hive.hub.arcade.floatingplatform.disappearing.shakeMid","fall":"animation.hive.hub.arcade.floatingplatform.disappearing.fall"},"animation_controllers":[{"default":"controller.animation.hive.hub.floatingplatform.disappearing"}],"render_controllers":["controller.render.hive.hub.arcade.floatingplatform"]}}}