{"format_version":"1.8.0","minecraft:client_entity":{"description":{"identifier":"hivehub:moving_platform","materials":{"default":"entity_alphatest","blend":"slime_outer"},"textures":{"blue":"textures/entity/hive/hub/arcade/platforms/blue","green":"textures/entity/hive/hub/arcade/platforms/green","orange":"textures/entity/hive/hub/arcade/platforms/orange","purple":"textures/entity/hive/hub/arcade/platforms/purple","red":"textures/entity/hive/hub/arcade/platforms/red"},"geometry":{"default":"geometry.hive.hub.arcade.floatingplatform"},"animations":{"tilt":"animation.hive.hub.arcade.floatingplatform.moving.idle.tilt","bob":"animation.hive.hub.arcade.floatingplatform.moving.idle.bob"},"animation_controllers":[{"default":"controller.animation.hive.hub.floatingplatform.moving"}],"render_controllers":["controller.render.hive.hub.arcade.floatingplatform"]}}}