{"format_version":"1.8.0","minecraft:client_entity":{"description":{"identifier":"hivehub:arcade_text","materials":{"default":"entity_alphatest"},"textures":{"default":"textures/entity/hive/hub/arcade/text"},"geometry":{"default":"geometry.hive.hub.arcade.text"},"animations":{"idle":"animation.hive.hub.arcade.text.idle","move":"animation.hive.hub.arcade.text.move"},"animation_controllers":[{"default":"controller.animation.hive.hub.arcade.text"}],"render_controllers":["controller.render.hive.hub.arcade.text"]}}}