{"format_version":"1.8.0","minecraft:client_entity":{"description":{"identifier":"hivehub:checkpoint","materials":{"default":"entity_alphatest","blend":"slime_outer"},"textures":{"default":"textures/entity/hive/hub/arcade/checkpoint"},"geometry":{"default":"geometry.hive.hub.arcade.checkpoint"},"animations":{"passed":"animation.hive.hub.arcade.checkpoint.passed","hold":"animation.hive.hub.arcade.checkpoint.passed.hold","hidden":"animation.hive.hub.arcade.checkpoint.hidden"},"animation_controllers":[{"default":"controller.animation.hive.hub.arcade.checkpoint"}],"render_controllers":["controller.render.hive.hub.arcade.checkpoint.flag"]}}}