{"format_version":"1.8.0","minecraft:client_entity":{"description":{"identifier":"hivehub:floating_platform","materials":{"default":"entity_alphatest","blend":"slime_outer"},"textures":{"blue":"textures/entity/hive/hub/arcade/floating_platforms/blue","green":"textures/entity/hive/hub/arcade/floating_platforms/green","orange":"textures/entity/hive/hub/arcade/floating_platforms/orange","purple":"textures/entity/hive/hub/arcade/floating_platforms/purple","red":"textures/entity/hive/hub/arcade/floating_platforms/red"},"geometry":{"default":"geometry.hive.hub.arcade.floatingplatform"},"animations":{"spawn":"animation.hive.hub.arcade.floatingplatform.timed.spawn","statechange":"animation.hive.hub.arcade.floatingplatform.timed.statechange","despawn":"animation.hive.hub.arcade.floatingplatform.timed.despawn","shake_low":"animation.hive.hub.arcade.floatingplatform.disappearing.shakeLow","shake_mid":"animation.hive.hub.arcade.floatingplatform.disappearing.shakeMid","fall":"animation.hive.hub.arcade.floatingplatform.disappearing.fall","tilt":"animation.hive.hub.arcade.floatingplatform.moving.idle.tilt","bob":"animation.hive.hub.arcade.floatingplatform.moving.idle.bob"},"animation_controllers":[{"timed":"controller.animation.hive.hub.floatingplatform.timed"},{"disappearing":"controller.animation.hive.hub.floatingplatform.disappearing"},{"moving":"controller.animation.hive.hub.floatingplatform.moving"}],"render_controllers":["controller.render.hive.hub.arcade.floatingplatform"]}}}