{"format_version":"1.8.0","minecraft:client_entity":{"description":{"identifier":"hivehub:arcade_hive_sign","materials":{"default":"entity_alphatest"},"textures":{"default":"textures/entity/hive/hub/arcade/hive_sign"},"geometry":{"default":"geometry.hive.hub.arcade.hive.sign"},"animations":{"spawn":"animation.hive.hub.arcade.hive.sign.spawn","scale":"animation.hive.hub.arcade.hive.sign.scale"},"animation_controllers":[{"spawn":"controller.animation.hive.hub.arcade.hive.sign"}],"render_controllers":["controller.render.default"]}}}