{"format_version":"1.8.0","minecraft:client_entity":{"description":{"identifier":"hivehub:juke_box","materials":{"default":"entity_alphatest"},"textures":{"default":"textures/entity/hive/hub/arcade/juke_box"},"geometry":{"default":"geometry.hive.hub.arcade.jukebox"},"animations":{"idle":"animation.hive.hub.arcade.jukebox.idle","song_change":"animation.hive.hub.arcade.jukebox.songchange"},"animation_controllers":[{"default":"controller.animation.hive.hub.arcade.jukebox"}],"render_controllers":["controller.render.default"]}}}