{"format_version":"1.8.0","minecraft:client_entity":{"description":{"identifier":"hivehub:laser","materials":{"default":"entity_alphatest"},"textures":{"default":"textures/entity/hive/hub/arcade/laser"},"geometry":{"default":"geometry.hive.hub.arcade.laser"},"animations":{"deactivated":"animation.hive.hub.arcade.laser.deactivated","activated":"animation.hive.hub.arcade.laser.activated"},"animation_controllers":[{"default":"controller.animation.hive.hub.arcade.laser"}],"particle_effects":{"laser":"hivehub:laser_spark"},"render_controllers":["controller.render.default"]}}}