{"format_version":"1.8.0","minecraft:client_entity":{"description":{"identifier":"hivehub:mailbot_collectible","materials":{"default":"entity_alphatest","blend":"slime_outer"},"textures":{"default":"textures/entity/hive/hub/arcade/mailbot_collectible"},"geometry":{"default":"geometry.hive.hub.arcade.mailbotcollectible"},"animations":{"claimed":"animation.hive.hub.arcade.mailbotcollectible.claimsmall","idle1":"animation.hive.hub.arcade.mailbotcollectible.idle.1","idle2":"animation.hive.hub.arcade.mailbotcollectible.idle.2"},"animation_controllers":[{"default":"controller.animation.hive.hub.arcade.mailbotcollectible"},{"idle":"controller.animation.hive.hub.arcade.mailbotcollectible.idle"}],"particle_effects":{"glitter":"hivehub:gold_glitter"},"render_controllers":["controller.render.hive.hub.arcade.mailbot.collectible"]}}}