{"format_version":"1.8.0","minecraft:client_entity":{"description":{"identifier":"hivehub:mailbot_screen","materials":{"default":"entity_alphatest"},"textures":{"default":"textures/entity/hive/hub/arcade/mailbot_screen"},"geometry":{"default":"geometry.hive.hub.arcade.mailbotscreen"},"animations":{"idle_timeout":"animation.hive.hub.arcade.mailbotscreen.idle.timeout","idle1":"animation.hive.hub.arcade.mailbotscreen.idle.1","idle2":"animation.hive.hub.arcade.mailbotscreen.idle.2","blink":"animation.hive.hub.arcade.mailbotscreen.blink","look_left":"animation.hive.hub.arcade.mailbotscreen.look.left","look_right":"animation.hive.hub.arcade.mailbotscreen.look.right","laugh":"animation.hive.hub.arcade.mailbotscreen.mouth.laugh","happy_mouth":"animation.hive.hub.arcade.mailbotscreen.mouth.happy","happy_eyes":"animation.hive.hub.arcade.mailbotscreen.eyes.happy"},"animation_controllers":[{"idle":"controller.animation.hive.hub.arcade.mailbotscreen.idle"},{"random":"controller.animation.hive.hub.arcade.mailbotscreen.random"}],"render_controllers":["controller.render.default"]}}}