{"format_version":"1.8.0","minecraft:client_entity":{"description":{"identifier":"hivehub:microgame_terminal","materials":{"default":"entity_alphatest","blend":"slime_outer"},"textures":{"default":"textures/entity/hive/hub/arcade/microgame_terminal"},"geometry":{"terminal":"geometry.hive.hub.arcade.microgame.terminal","sign":"geometry.hive.hub.arcade.microgame.terminal.sign"},"animations":{"hidden":"animation.hive.hub.arcade.microgame.terminal.hidden","proximity":"animation.hive.hub.arcade.microgame.terminal.proximity","hold":"animation.hive.hub.arcade.microgame.terminal.hold"},"animation_controllers":[{"default":"controller.animation.hive.hub.arcade.microgame.terminal"}],"render_controllers":["controller.render.hive.hub.arcade.microgame.terminal","controller.render.hive.hub.arcade.microgame.terminal.sign"]}}}