{"format_version":"1.8.0","minecraft:client_entity":{"description":{"identifier":"hivehub:portal","materials":{"default":"entity_alphatest","uv":"hive_entity_alphatest_uv"},"textures":{"default":"textures/entity/hive/hub/arcade/portal/frame","layer_foreground":"textures/entity/hive/hub/arcade/portal/layer_foreground","layer_midground":"textures/entity/hive/hub/arcade/portal/layer_midground","layer_background":"textures/entity/hive/hub/arcade/portal/layer_background","layer_sky":"textures/entity/hive/hub/arcade/portal/layer_sky"},"geometry":{"default":"geometry.hive.hub.arcade.portal.frame","layer_foreground":"geometry.hive.hub.arcade.portal.layer.foreground","layer_midground":"geometry.hive.hub.arcade.portal.layer.midground","layer_background":"geometry.hive.hub.arcade.portal.layer.background","layer_sky":"geometry.hive.hub.arcade.portal.layer.sky"},"scripts":{"pre_animation":["variable.movement_delta \u003d (math.mod(query.rotation_to_camera(1) + 450, 360) / 200);"]},"animations":{"idle":"animation.hive.hub.arcade.portal.idle","idle_scale":"animation.hive.hub.arcade.portal.idle.scale","portal_1":"animation.hive.hub.arcade.portal.1","portal_2":"animation.hive.hub.arcade.portal.2","portal_3":"animation.hive.hub.arcade.portal.3","portal_4":"animation.hive.hub.arcade.portal.4","portal_5":"animation.hive.hub.arcade.portal.5","portal_6":"animation.hive.hub.arcade.portal.6","ripple_hide":"animation.hive.hub.arcade.portal.ripple.hide"},"animation_controllers":[{"portal":"controller.animation.hive.hub.arcade.portal.portal"},{"idle":"controller.animation.hive.hub.arcade.portal.idle"}],"render_controllers":["controller.render.hive.hub.arcade.portal.frame","controller.render.hive.hub.arcade.portal.layer.foreground","controller.render.hive.hub.arcade.portal.layer.midground","controller.render.hive.hub.arcade.portal.layer.background","controller.render.hive.hub.arcade.portal.layer.sky"]}}}