{"format_version":"1.8.0","minecraft:client_entity":{"description":{"identifier":"hivehub:pressure_plate","materials":{"default":"entity_alphatest"},"textures":{"default":"textures/entity/hive/hub/arcade/pressure_plate"},"geometry":{"default":"geometry.hive.hub.arcade.pressureplate"},"animations":{"spawn":"animation.hive.hub.arcade.pressureplate.spawn","activate":"animation.hive.hub.arcade.pressureplate.activate","active_hold":"animation.hive.hub.arcade.pressureplate.active.hold","reset":"animation.hive.hub.arcade.pressureplate.reset","reset_hold":"animation.hive.hub.arcade.pressureplate.reset.hold"},"animation_controllers":[{"default":"controller.animation.hive.hub.arcade.pressureplate"}],"render_controllers":["controller.render.default"]}}}