{"format_version":"1.8.0","minecraft:client_entity":{"description":{"identifier":"hivehub:security_bot","materials":{"default":"entity_alphatest"},"textures":{"default":"textures/entity/hive/hub/arcade/security_bot"},"geometry":{"default":"geometry.hive.hub.arcade.securitybot"},"animations":{"spawn":"animation.hive.hub.arcade.securitybot.spawn","reset":"animation.hive.hub.arcade.securitybot.reset","halt":"animation.hive.hub.arcade.securitybot.halt","idle":"animation.hive.hub.arcade.securitybot.idle","faceLeft":"animation.hive.hub.arcade.securitybot.face.left","faceRight":"animation.hive.hub.arcade.securitybot.face.right"},"animation_controllers":[{"face":"controller.animation.hive.hub.arcade.securitybot.face"},{"idle":"controller.animation.hive.hub.arcade.securitybot.idle"},{"default":"controller.animation.hive.hub.arcade.securitybot"}],"render_controllers":["controller.render.default"]}}}