{"format_version":"1.8.0","minecraft:client_entity":{"description":{"identifier":"hivehub:arcade_station_sign","materials":{"default":"entity_alphatest","uv":"hive_entity_alphatest_uv"},"textures":{"sign":"textures/entity/hive/hub/arcade/station_sign/sign","text":"textures/entity/hive/hub/arcade/station_sign/text"},"geometry":{"sign":"geometry.hive.hub.arcade.station.sign.sign","text":"geometry.hive.hub.arcade.station.sign.text"},"render_controllers":["controller.render.hive.hub.arcade.station.sign.sign","controller.render.hive.hub.arcade.station.sign.text"]}}}