{"format_version":"1.12.0","minecraft:geometry":[{"description":{"identifier":"geometry.hive.hub.arcade.microgame.terminal.sign","texture_width":192,"texture_height":112,"visible_bounds_width":6,"visible_bounds_height":7,"visible_bounds_offset":[0,2.5,0]},"bones":[{"name":"root","pivot":[0,0,-2]},{"name":"terminal","parent":"root","pivot":[0,0,-5]},{"name":"sign","parent":"terminal","pivot":[0,52,0],"cubes":[{"origin":[-24,60,-2],"size":[48,12,0],"uv":{"north":{"uv":[75,16],"uv_size":[48,12]}}},{"origin":[-23,59,-2],"size":[46,1,0],"uv":{"north":{"uv":[76,28],"uv_size":[46,1]}}},{"origin":[-22,58,-2],"size":[44,1,0],"uv":{"north":{"uv":[77,29],"uv_size":[44,1]}}},{"origin":[-21,57,-2],"size":[42,1,0],"uv":{"north":{"uv":[78,30],"uv_size":[42,1]}}},{"origin":[-20,56,-2],"size":[40,1,0],"uv":{"north":{"uv":[79,31],"uv_size":[40,1]}}},{"origin":[-19,55,-2],"size":[38,1,0],"uv":{"north":{"uv":[80,32],"uv_size":[38,1]}}},{"origin":[-18,54,-2],"size":[36,1,0],"uv":{"north":{"uv":[81,33],"uv_size":[36,1]}}},{"origin":[-17,53,-2],"size":[34,1,0],"uv":{"north":{"uv":[82,34],"uv_size":[34,1]}}},{"origin":[-16,52,-2],"size":[32,1,0],"uv":{"north":{"uv":[83,35],"uv_size":[32,1]}}}]},{"name":"text","parent":"sign","pivot":[0,62,0],"cubes":[{"origin":[-17,56.25,-4],"size":[34,11,0],"uv":{"north":{"uv":[122,0],"uv_size":[30,10]},"down":{"uv":[76,121],"uv_size":[-38,0]}}}]}]}]}