{"hive.ctf.map.portal":{"category":"music","sounds":["sounds/mob/endermen/portal"]},"hive.ctf.game.checkmate":{"category":"music","sounds":["sounds/hive/ctf/checkmate"]},"hive.ctf.game.over":{"category":"music","sounds":["sounds/hive/ctf/game-over"]},"hive.ctf.timer":{"category":"music","sounds":["sounds/hive/ctf/timer"]},"hive.ctf.flag.capture":{"category":"music","sounds":["sounds/hive/ctf/flag-capture"]},"hive.ctf.flag.capture.same.team":{"category":"music","sounds":["sounds/hive/ctf/flag-capture-same-team"]},"hive.ctf.flag.pickup":{"category":"music","sounds":["sounds/hive/ctf/flag-pickup"]},"hive.ctf.flag.pickup.carrier":{"category":"music","sounds":["sounds/hive/ctf/flag-pickup-carrier"]},"hive.ctf.flag.returned":{"category":"music","sounds":["sounds/hive/ctf/flag-returned"]},"hive.ctf.flag.taken":{"category":"music","sounds":["sounds/hive/ctf/flag-taken"]},"hive.ctf.flag.dropped":{"category":"music","sounds":["sounds/hive/ctf/flag-dropped"]},"hive.ctf.player.die":{"category":"music","sounds":["sounds/hive/ctf/player-died"]},"hive.ctf.regen.pop":{"category":"music","sounds":["sounds/hive/ctf/regen-pop"]},"hive.ctf.team.upgrade":{"category":"music","sounds":["sounds/hive/ctf/team-upgrade"]},"hive.ctf.item.purchase.armor.iron":{"category":"music","sounds":["sounds/hive/ctf/items/armor-iron"]},"hive.ctf.item.purchase.arrows":{"category":"music","sounds":["sounds/hive/ctf/items/arrows"]},"hive.ctf.item.purchase.blocks":{"category":"music","sounds":["sounds/hive/ctf/items/blocks"]},"hive.ctf.item.purchase.speed.berries":{"category":"music","sounds":["sounds/hive/ctf/items/speed-berries"]},"hive.ctf.item.purchase.sword.diamond":{"category":"music","sounds":["sounds/hive/ctf/items/sword-diamond"]},"hive.ctf.item.purchase.sword.iron":{"category":"music","sounds":["sounds/hive/ctf/items/sword-iron"]},"hive.ctf.item.purchase.tnt":{"category":"music","sounds":["sounds/hive/ctf/items/tnt"]}}