{"format_version":"1.8.0","minecraft:client_entity":{"description":{"identifier":"hivereplay:props_light_standing","materials":{"default":"entity_alphatest","emissive":"slime_outer"},"textures":{"default":"textures/entity/hive/replay/props/light_standing"},"geometry":{"default":"geometry.hive.replay.props.light.standing.light","emissive":"geometry.hive.replay.props.light.standing.emissive"},"render_controllers":["controller.render.default","controller.render.hive.replay.props.light.emissive"]}}}