{"minecraft:geometry":[{"description":{"identifier":"geometry.hive.wars.merchant","texture_width":64,"texture_height":64,"visible_bounds_width":3,"visible_bounds_height":4,"visible_bounds_offset":[0,1,0]},"bones":[{"name":"root","pivot":[0,0,0]},{"name":"leftLeg","parent":"root","pivot":[1.9,12,0],"cubes":[{"origin":[-0.1,0,-2],"size":[4,12,4],"uv":[48,16],"mirror":true},{"origin":[-0.1,4,-3],"size":[5,3,6],"uv":[42,32],"mirror":true},{"origin":[-0.1,0,-4],"size":[4,3,2],"uv":[52,41],"mirror":true}]},{"name":"rightLeg","parent":"root","pivot":[-1.9,12,0],"cubes":[{"origin":[-3.9,0,-2],"size":[4,12,4],"uv":[48,16]},{"origin":[-3.9,0,-4],"size":[4,3,2],"uv":[52,41]},{"origin":[-4.9,4,-3],"size":[5,3,6],"uv":[42,32]}]},{"name":"waist","parent":"root","pivot":[0,12,0]},{"name":"body","parent":"waist","pivot":[0,24,0],"cubes":[{"origin":[-4,12,-2],"size":[8,12,4],"uv":[0,0]},{"origin":[-3,21,-2],"size":[6,3,0],"pivot":[0,24,-2],"rotation":[-25,0,0],"uv":[21,0]},{"origin":[-2,11,-3],"size":[4,5,1],"uv":[24,4]}]},{"name":"head","parent":"body","pivot":[0,24,0],"cubes":[{"origin":[-5,24,-4],"size":[10,8,8],"uv":[0,48]},{"origin":[-3,31,-5],"size":[6,3,4],"pivot":[0,32,-4],"rotation":[-12.5,0,0],"uv":[0,16]},{"origin":[-5,26,-2],"size":[1,4,3],"pivot":[-5,30,-0.5],"rotation":[0,0,25],"uv":[21,16]},{"origin":[4,26,-2],"size":[1,4,3],"pivot":[5,30,-0.5],"rotation":[0,0,-25],"uv":[21,16],"mirror":true}]},{"name":"rightEye","parent":"head","pivot":[-4,28,-4],"cubes":[{"origin":[-5,26,-4.01],"size":[3,3,0],"uv":[0,31]}]},{"name":"leftEye","parent":"head","pivot":[4,28,-4],"cubes":[{"origin":[2,26,-4.01],"size":[3,3,0],"uv":[0,31],"mirror":true}]},{"name":"rightEyebrow","parent":"head","pivot":[-2,30,-4.2],"cubes":[{"origin":[-5,29,-4.2],"size":[4,2,0],"uv":[0,53]}]},{"name":"leftEyebrow","parent":"head","pivot":[2,30,-4.2],"cubes":[{"origin":[1,29,-4.2],"size":[4,2,0],"uv":[0,53],"mirror":true}]},{"name":"nose","parent":"head","pivot":[0,24,-4],"rotation":[-7.5,0,0],"cubes":[{"origin":[-2,24,-6],"size":[4,3,2],"uv":[0,23]},{"origin":[-4,23,-5],"size":[8,2,0],"uv":[0,28]}]},{"name":"leftArm","parent":"body","pivot":[5,21.5,0],"cubes":[{"origin":[4,12,-2],"size":[4,12,4],"uv":[32,16],"mirror":true},{"origin":[4,17,-3],"size":[5,3,6],"uv":[15,27],"mirror":true}]},{"name":"rightArm","parent":"body","pivot":[-5,21.5,0],"cubes":[{"origin":[-8,12,-2],"size":[4,12,4],"uv":[32,16]},{"origin":[-9,17,-3],"size":[5,3,6],"uv":[15,27]}]}]}],"format_version":"1.12.0"}