{"minecraft:geometry":[{"description":{"identifier":"geometry.hive.wars.status","texture_width":128,"texture_height":128,"visible_bounds_width":25,"visible_bounds_height":25,"visible_bounds_offset":[0,1,0]},"bones":[{"name":"root","pivot":[0,0,0]},{"name":"outside","parent":"root","pivot":[0,17,0],"cubes":[{"origin":[-18,0,-2],"size":[36,5,4],"uv":[0,9]},{"origin":[-18,29,-2],"size":[36,5,4],"uv":[0,0]},{"origin":[-18,5,-2],"size":[5,24,4],"uv":[0,18]},{"origin":[13,5,-2],"size":[5,24,4],"uv":[0,18],"mirror":true}]},{"name":"middle","parent":"outside","pivot":[0,17,0],"cubes":[{"origin":[-8,9,-8],"size":[16,16,16],"uv":[20,19]}]}]}],"format_version":"1.12.0"}