{"format_version":"1.12.0","minecraft:geometry":[{"description":{"identifier":"geometry.hive.sky.bundle.collectors","texture_width":128,"texture_height":128,"visible_bounds_width":4,"visible_bounds_height":4,"visible_bounds_offset":[0,1,0]},"bones":[{"name":"root","pivot":[0,0,0]},{"name":"chest","parent":"root","pivot":[0,0,7],"cubes":[{"origin":[-9,0,-7],"size":[18,11,14],"uv":[11,42]},{"origin":[-10,8,-9],"size":[4,3,4],"uv":[0,8]},{"origin":[-10,8,5],"size":[4,3,4],"uv":[0,0],"mirror":true},{"origin":[6,8,-9],"size":[4,3,4],"uv":[0,8],"mirror":true},{"origin":[6,8,5],"size":[4,3,4],"uv":[0,0]},{"origin":[-10,0,5],"size":[20,3,4],"uv":[73,20]},{"origin":[-6,3,9],"size":[12,4,0],"uv":[88,28]}]},{"name":"glow","parent":"chest","pivot":[-8,11,0],"cubes":[{"origin":[-8,11,-6],"size":[16,7,0],"pivot":[0,11,-6],"rotation":[10,0,0],"uv":[76,52]},{"origin":[8,11,-6],"size":[0,7,12],"pivot":[8,11,0],"rotation":[0,0,10],"uv":[76,48],"mirror":true},{"origin":[-8,11,-6],"size":[0,7,12],"pivot":[-8,11,0],"rotation":[0,0,-10],"uv":[76,48]}]},{"name":"lid","parent":"chest","pivot":[-0.1,11,7],"rotation":[-35,0,0],"cubes":[{"origin":[-10.1,11,-9],"size":[20,5,18],"uv":[0,0]},{"origin":[-10.1,16,-7],"size":[20,4,14],"uv":[0,23]}]},{"name":"windLeft","parent":"lid","pivot":[3.9,20,4],"rotation":[0,30,0],"cubes":[{"origin":[3.9,19,4],"size":[0,7,10],"uv":[58,1],"mirror":true}]},{"name":"windRight","parent":"lid","pivot":[-4.1,20,4],"rotation":[0,-30,0],"cubes":[{"origin":[-4.1,19,4],"size":[0,7,10],"uv":[58,1]}]},{"name":"wingLeft","parent":"lid","pivot":[9.9,18,-4],"rotation":[0,-60,0],"cubes":[{"origin":[9.9,14,-4],"size":[13,10,0],"uv":[58,0],"mirror":true}]},{"name":"wingRight","parent":"lid","pivot":[-10.1,18,-4],"rotation":[0,60,0],"cubes":[{"origin":[-23.1,14,-4],"size":[13,10,0],"uv":[58,0]}]},{"name":"lock","parent":"lid","pivot":[-0.1,11,-7],"rotation":[0,0,45],"cubes":[{"origin":[-3.1,7,-11],"size":[7,7,5],"uv":[0,41]}]},{"name":"cloudLeft","parent":"chest","pivot":[8,0,-7],"rotation":[0,-45,0],"cubes":[{"origin":[6,0,-9],"size":[5,5,4],"uv":[69,32]},{"origin":[11,1,-9],"size":[3,4,0],"uv":[0,23],"mirror":true}]},{"name":"cloudRight","parent":"chest","pivot":[-8,0,-7],"rotation":[0,45,0],"cubes":[{"origin":[-11,0,-9],"size":[5,5,4],"uv":[69,32],"mirror":true},{"origin":[-14,1,-9],"size":[3,4,0],"uv":[0,23]}]},{"name":"handleRight","parent":"chest","pivot":[-9,9,0],"rotation":[0,0,40],"cubes":[{"origin":[-9,5,-3],"size":[2,4,6],"uv":[62,41]}]},{"name":"handleLeft","parent":"chest","pivot":[9,9,0],"rotation":[0,0,-40],"cubes":[{"origin":[7,5,-3],"size":[2,4,6],"uv":[62,41],"mirror":true}]}]}]}