{"format_version":"1.8.0","animations":{"animation.hive.drop.powerup.spin":{"loop":true,"animation_length":6,"bones":{"root":{"rotation":{"0.0":[0,0,0],"6.0":[0,360,0]},"position":{"0.0":[0,0,0],"0.3":[0,0.196,0],"0.4":[0,0.476,0],"0.6":[0,0.896,0],"1.5":[0,3.892,0],"1.8":[0,4.228,0],"2.1":[0,4.312,0],"2.4":[0,4.365,0],"2.7":[0,4.34,0],"3.0":[0,4.34,0],"3.3":[0,4.312,0],"3.4":[0,4.228,0],"3.7":[0,3.892,0],"4.6":[0,0.896,0],"4.9":[0,0.476,0],"5.2":[0,0.196,0],"5.7":[0,0.056,0],"6.0":[0,0,0]}}}}}}