{"format_version":"1.8.0","animations":{"animation.hive.hub.game.hide.idle":{"loop":true,"animation_length":19.12,"bones":{"leftLeg":{"rotation":[22.5,0,0],"position":[0,2.5,-6.5]},"rightLeg":{"rotation":[40,0,0],"position":[0.075,0.5,0.725]},"waist":{"rotation":[22.5,0,0]},"head":{"rotation":[0,10,0],"position":[0,0,-2],"scale":[1.1,1.1,1]},"leftArm":{"rotation":[15,0,-10],"position":[0.75,0,1.25]},"cake":{"rotation":{"0.0":[0,0,0],"19.12":[0,-360,0]},"position":{"0.0":[0,1,0],"2.2":[0,0.65,0],"4.04":[0,0.55,0],"5.8":[0,0.65,0],"7.8":[0,0.92,0],"8.8":[0,1,0],"9.8":[0,0.92,0],"11.76":[0,0.65,0],"13.6":[0,0.55,0],"15.44":[0,0.65,0],"17.4":[0,0.92,0],"19.12":[0,1,0]}},"grass":{"rotation":{"0.0":[0,0,0],"19.12":[0,360,0]},"position":{"0.0":[0,0,0],"2.2":[0,0.35,0],"4.04":[0,0.45,0],"5.8":[0,0.35,0],"7.8":[0,0.08,0],"8.8":[0,0,0],"9.8":[0,0.08,0],"11.76":[0,0.35,0],"13.6":[0,0.45,0],"15.44":[0,0.35,0],"17.4":[0,0.08,0],"19.12":[0,0,0]}},"rightArm":{"rotation":[12.5,0,10],"position":[-1.125,-0.75,0.325]},"emerald":{"rotation":{"0.0":[0,0,0],"19.12":[0,360,0]},"position":{"0.0":[0,0,0],"2.2":[0,0.35,0],"4.04":[0,0.45,0],"5.8":[0,0.35,0],"7.8":[0,0.08,0],"8.8":[0,0,0],"9.8":[0,0.08,0],"11.76":[0,0.35,0],"13.6":[0,0.45,0],"15.44":[0,0.35,0],"17.4":[0,0.08,0],"19.12":[0,0,0]}},"eyes":{"rotation":[0,0,5]},"pivot":{"rotation":[-11.75,0,0],"position":[0,0.225,0]}}}}}