{"format_version":"1.8.0","animations":{"animation.hive.hub.game.party.idle":{"loop":true,"bones":{"rightArm":{"rotation":[-180,0,-20],"position":[0,3,0.25]},"leftArm":{"rotation":[-180,0,27.5],"position":[0,2,0.25]},"head":{"rotation":[-5,0,0]},"leftEye":{"position":[0,0,0]},"eyebrow2":{"position":[0,0.75,0]},"goggles":{"rotation":[-12.5,0,0],"position":[0,-1,0]},"matrix2":{"position":[0,"math.cos(query.life_time * 120) * 0.2",0]},"matrix8":{"position":[0,"math.cos(query.life_time * 113) * 0.3",0]},"matrix9":{"position":[0,"math.cos(query.life_time * 140) * 0.15",0]},"matrix5":{"position":[3,"-1+math.cos(query.life_time * 136) * 0.3",0]},"matrix6":{"position":[-3,"-1+math.cos(query.life_time * 113) * 0.2",0]},"matrix3":{"position":[0,"math.cos(query.life_time * 133) * 0.25",0]},"matrix4":{"position":[0,"math.cos(query.life_time * 128) * 0.2",0]},"matrix7":{"position":[0,"math.cos(query.life_time * 126) * 0.1",0]},"bone":{"position":[0,"math.cos(query.life_time * 60) * 0.2",0]}}}}}