{"format_version":"1.8.0","animations":{"animation.hive.hub.game.snow.idle":{"loop":true,"animation_length":6.76,"bones":{"waist":{"rotation":[7.5,0,0],"position":[0,-0.25,0]},"body":{"rotation":[-2.5,0,0],"position":{"0.0":[0,-0.25,-0.5],"0.28":[0,-0.26,-0.5],"0.56":[0,-0.28,-0.5],"2.44":[0,-0.67,-0.5],"2.76":[0,-0.71,-0.5],"3.0":[0,-0.72,-0.5],"3.24":[0,-0.725,-0.5],"3.52":[0,-0.71,-0.5],"3.68":[0,-0.7,-0.5],"5.52":[0,-0.33,-0.5],"6.04":[0,-0.28,-0.5],"6.4":[0,-0.26,-0.5],"6.76":[0,-0.25,-0.5]}},"head":{"rotation":[-3.25,0,0],"position":{"0.0":[0,-0.1,-0.2],"0.28":[0,-0.104,-0.2],"0.56":[0,-0.112,-0.2],"2.44":[0,-0.268,-0.2],"2.76":[0,-0.284,-0.2],"3.0":[0,-0.288,-0.2],"3.24":[0,-0.29,-0.2],"3.52":[0,-0.284,-0.2],"3.68":[0,-0.28,-0.2],"5.52":[0,-0.132,-0.2],"6.04":[0,-0.112,-0.2],"6.4":[0,-0.104,-0.2],"6.76":[0,-0.1,-0.2]}},"leftarm":{"rotation":[-97.5,-7.5,0],"position":[0,1,-3]},"rightarm":{"rotation":{"0.0":[-130,27.5,-15],"0.4":[-130.14,27.5,-15],"0.76":[-130.39,27.5,-15],"2.88":[-134.5,27.5,-15],"3.16":[-134.42,27.5,-15],"3.4":[-134.31,27.5,-15],"5.52":[-130.31,27.5,-15],"5.92":[-130.1,27.5,-15],"6.76":[-130,27.5,-15]},"position":[-0.25,1.25,2],"scale":1.05},"snowball":{"rotation":{"0.0":[0,0,0],"6.76":[360,0,0]},"position":[2,4,-15]}}}}}