{"format_version":"1.12.0","minecraft:geometry":[{"description":{"identifier":"geometry.hive.hub.arcade.cakestand.single","texture_width":96,"texture_height":64,"visible_bounds_width":3,"visible_bounds_height":3.5,"visible_bounds_offset":[0,1.25,0]},"bones":[{"name":"root","pivot":[2,0,2]},{"name":"table","parent":"root","pivot":[2,0,2],"cubes":[{"origin":[-8,13,-8],"size":[16,3,16],"uv":[0,0]},{"origin":[-8,9,-6],"size":[0,7,12],"pivot":[-8,16,0],"rotation":[0,0,10],"uv":[42,7]},{"origin":[8,9,-6],"size":[0,7,12],"pivot":[8,16,0],"rotation":[0,0,-10],"uv":[36,37]},{"origin":[2,0,2],"size":[3,10,3],"pivot":[2,10,2],"rotation":[2.5,0,-2.5],"uv":[60,50]},{"origin":[-5,0,2],"size":[3,10,3],"pivot":[-2,10,2],"rotation":[2.5,0,2.5],"uv":[60,50],"mirror":true},{"origin":[-5,0,-5],"size":[3,10,3],"pivot":[-2,10,-2],"rotation":[-2.5,0,2.5],"uv":[0,0],"mirror":true},{"origin":[2,0,-5],"size":[3,10,3],"pivot":[2,10,-2],"rotation":[-2.5,0,-2.5],"uv":[0,0]},{"origin":[-6,10,-6],"size":[12,3,12],"uv":[0,44]}]},{"name":"translucent","parent":"table","pivot":[0,0,0],"cubes":[{"origin":[-7,16,-7],"size":[14,11,14],"uv":[0,19]},{"origin":[-2,27,0],"size":[4,3,0],"uv":[0,13]}]},{"name":"donuts","parent":"table","pivot":[34,-1,-31],"cubes":[{"origin":[-5,16,0.75],"size":[4,3,4],"pivot":[-2,17,3],"rotation":[0,15,0],"uv":[48,8]},{"origin":[-4,18,1.75],"size":[2,2,2],"pivot":[-2,17,3],"rotation":[0,15,0],"uv":[0,44]},{"origin":[0.5,16,-5],"size":[4,3,4],"pivot":[2,18,-2],"rotation":[0,-12.5,0],"uv":[48,8]},{"origin":[1.5,18,-4],"size":[2,2,2],"pivot":[2,18,-2],"rotation":[0,-12.5,0],"uv":[0,44]},{"origin":[-5,16,-5],"size":[4,2,4],"pivot":[-3,17,-3],"rotation":[0,-5,0],"uv":[44,58]},{"origin":[1,16,1],"size":[4,2,4],"pivot":[3,17,3],"rotation":[0,15,0],"uv":[58,28]}]}]}]}