{"format_version":"1.8.0","animations":{"animation.hive.hub.lny.banner.rolled":{"loop":true,"bones":{"plane1":{"rotation":[17.5,0,0]},"plane2":{"rotation":[-90,0,0]},"plane3":{"rotation":[-90,0,0]},"plane4":{"rotation":[-90,0,0]},"plane5":{"rotation":[-92.5,0,0]},"plane6":{"rotation":[-90,0,0]},"plane7":{"rotation":[-87.5,0,0]},"plane8":{"rotation":[-17.5,0,0]},"plane9":{"rotation":[90,0,0]},"plane10":{"rotation":[90,0,0]},"plane11":{"rotation":[90,0,0]},"plane12":{"rotation":[92.5,0,0]},"plane13":{"rotation":[90,0,0]},"plane14":{"rotation":[87.5,0,0]}}},"animation.hive.hub.lny.banner.unrolling":{"loop":"hold_on_last_frame","animation_length":5.15,"bones":{"plane1":{"rotation":{"0.0":[17.5,0,0],"0.08":[0,0,0],"0.4":[11.36,0,0],"0.52":[12.5,0,0],"0.64":[10.45,0,0],"0.8":[-5.36,0,0],"0.92":[-8,0,0],"1.04":[-6.14,0,0],"1.12":[2.21,0,0],"1.2":[5,0,0],"1.28":[3.4,0,0],"1.32":[-0.87,0,0],"1.4":[-3,0,0],"1.44":[-1,0,0],"1.68":[0,0,0]}},"plane2":{"rotation":{"0.08":[-90,0,0],"0.32":[-10,0,0],"0.44":[0,0,0]}},"plane3":{"rotation":{"0.32":[-90,0,0],"0.56":[-11.25,0,0],"0.64":[0,0,0]}},"plane4":{"rotation":{"0.56":[-90,0,0],"0.76":[-12.86,0,0],"0.84":[0,0,0]}},"plane5":{"rotation":{"0.8":[-92.5,0,0],"0.92":[-18.5,0,0],"1.0":[0,0,0]}},"plane6":{"rotation":{"0.92":[-90,0,0],"1.04":[-14,0,0],"1.12":[5,0,0],"1.24":[0,0,0]}},"plane7":{"rotation":{"1.04":[-87.5,0,0],"1.08":[-25.83,0,0],"1.16":[5,0,0],"1.32":[0,0,0]}},"plane8":{"rotation":{"0.0":[-17.5,0,0],"0.08":[0,0,0],"0.4":[-11.36,0,0],"0.52":[-12.5,0,0],"0.64":[-10.45,0,0],"0.8":[5.36,0,0],"0.92":[8,0,0],"1.04":[6.14,0,0],"1.12":[-2.21,0,0],"1.2":[-5,0,0],"1.28":[-3.4,0,0],"1.32":[0.87,0,0],"1.4":[3,0,0],"1.44":[1,0,0],"1.68":[0,0,0]}},"plane9":{"rotation":{"0.08":[90,0,0],"0.32":[-10,0,0],"0.44":[0,0,0]}},"plane10":{"rotation":{"0.32":[90,0,0],"0.56":[11.25,0,0],"0.64":[0,0,0]}},"plane11":{"rotation":{"0.56":[90,0,0],"0.76":[12.86,0,0],"0.84":[0,0,0]}},"plane12":{"rotation":{"0.8":[92.5,0,0],"0.92":[18.5,0,0],"1.0":[0,0,0]}},"plane13":{"rotation":{"0.92":[90,0,0],"1.04":[14,0,0],"1.12":[-5,0,0],"1.24":[0,0,0]}},"plane14":{"rotation":{"1.04":[87.5,0,0],"1.08":[25.83,0,0],"1.16":[-5,0,0],"1.32":[0,0,0]}},"LanterRight":{"rotation":{"0.0":[0,0,0],"0.28":[0,-6.75,-6.75],"0.4":[0,-7.5,-7.5],"0.52":[0,-6.11,-6.11],"0.68":[0,3.15,3.15],"0.76":[0,5,5],"0.84":[0,3.5,3.5],"0.96":[0,-2.5,-2.5],"1.08":[0,0.7,-0.5],"1.16":[0,1.5,0],"1.24":[0,1.13,0],"1.32":[0,0,0]}},"LanternLeft":{"rotation":{"0.0":[0,0,0],"0.28":[0,6.75,6.75],"0.4":[0,7.5,7.5],"0.52":[0,6.11,6.11],"0.68":[0,-3.15,-3.15],"0.76":[0,-5,-5],"0.84":[0,-3.5,-3.5],"0.96":[0,2.5,2.5],"1.08":[0,-0.7,0.5],"1.16":[0,-1.5,0],"1.24":[0,-1.13,0],"1.32":[0,0,0]}},"lanternrightbot":{"rotation":{"0.0":[0,0,0],"0.16":[0,0,6.25],"0.24":[0,0,7.5],"0.32":[0,0,6.25],"0.48":[0,0,-1.04],"0.56":[0,0,-2.5],"0.64":[0,0,-1.88],"0.8":[0,0,1.77],"0.88":[0,0,2.5],"0.96":[0,0,2.08],"1.04":[0,0,0.52],"1.12":[0,0,0]}},"lanternleftbot":{"rotation":{"0.0":[0,0,0],"0.16":[0,0,-6.25],"0.24":[0,0,-7.5],"0.32":[0,0,-6.25],"0.48":[0,0,1.04],"0.56":[0,0,2.5],"0.64":[0,0,1.88],"0.8":[0,0,-1.77],"0.88":[0,0,-2.5],"0.96":[0,0,-2.08],"1.04":[0,0,-0.52],"1.12":[0,0,0]}}},"particle_effects":{"0.44":{"effect":"banner_drop","locator":"banner2"},"0.4":{"effect":"banner_drop","locator":"banner1"}}},"animation.hive.hub.lny.banner.unrolled":{"loop":"hold_on_last_frame"}}}