{"format_version":"1.10.0","geometry.hive.hub.npc.animals.bear":{"texturewidth":128,"textureheight":128,"visible_bounds_width":4,"visible_bounds_height":2,"visible_bounds_offset":[0,1,0],"bones":[{"name":"root","pivot":[0,0,0]},{"name":"body","parent":"root","pivot":[0,10,9],"locators":{"lead":[0,10,-5]}},{"name":"torso","parent":"body","pivot":[0,10,9]},{"name":"head","parent":"torso","pivot":[0,10,-7],"cubes":[{"origin":[-4,6,-13],"size":[8,8,6],"uv":[0,24]}]},{"name":"mouth","parent":"head","pivot":[0,6,-13],"cubes":[{"origin":[-3,6,-15],"size":[6,4,2],"uv":[29,31]},{"origin":[-2,7,-17],"size":[4,3,2],"uv":[46,32]},{"origin":[-1.75,6.1,-16.5],"size":[1,1,0],"uv":[45,31]},{"origin":[0.75,6.1,-16.5],"size":[1,1,0],"uv":[45,31],"mirror":true}]},{"name":"bottomMouth","parent":"mouth","pivot":[0,7,-15],"cubes":[{"origin":[-2,6,-17],"size":[4,1,2],"uv":[46,37]}]},{"name":"earLeft","parent":"head","pivot":[2,14,-9],"cubes":[{"origin":[2,13,-10],"size":[3,3,1],"uv":[59,34],"mirror":true}]},{"name":"earRight","parent":"head","pivot":[-2,14,-9],"cubes":[{"origin":[-5,13,-10],"size":[3,3,1],"uv":[59,34]}]},{"name":"rightEyebrow","parent":"head","pivot":[-2.5,11.5,-13.1],"cubes":[{"origin":[-4,11,-13.1],"size":[3,1,0],"uv":[0,0]}]},{"name":"leftEyebrow","parent":"head","pivot":[2.5,11.5,-13.1],"cubes":[{"origin":[1,11,-13.1],"size":[3,1,0],"uv":[0,0],"mirror":true}]},{"name":"front","parent":"torso","pivot":[0,10,4],"cubes":[{"origin":[-5,5,-7],"size":[10,10,11],"uv":[0,0]}]},{"name":"back","parent":"torso","pivot":[0,10,4],"cubes":[{"origin":[-6,5,4],"size":[12,11,11],"uv":[43,0]},{"origin":[-4,6,15],"size":[8,9,2],"uv":[90,0]},{"origin":[-2,7,17],"size":[4,5,2],"uv":[90,12]}]},{"name":"leg1","parent":"body","pivot":[-5,10,-3],"rotation":[15,0,0],"cubes":[{"origin":[-7,7.01734,-6.03063],"size":[3,5,6],"uv":[0,40]},{"origin":[-7.5,4.01734,-5.03063],"size":[4,5,4],"uv":[19,42]}]},{"name":"leg15","parent":"leg1","pivot":[-5,5,-3],"rotation":[-15,0,0],"cubes":[{"origin":[-7,1.82963,-4.2941],"size":[3,3,3],"uv":[36,45]}]},{"name":"leg18","parent":"leg15","pivot":[-5,1.82963,-3.2941],"cubes":[{"origin":[-7.5,-0.17037,-6.2941],"size":[4,2,5],"uv":[49,44]}]},{"name":"leg2","parent":"body","pivot":[5,10,-3],"rotation":[15,0,0],"cubes":[{"origin":[4,7.01734,-6.03063],"size":[3,5,6],"uv":[0,40],"mirror":true},{"origin":[3.5,4.01734,-5.03063],"size":[4,5,4],"uv":[19,42],"mirror":true}]},{"name":"leg25","parent":"leg2","pivot":[5,5,-3],"rotation":[-15,0,0],"cubes":[{"origin":[4,1.82963,-4.2941],"size":[3,3,3],"uv":[36,45],"mirror":true}]},{"name":"leg28","parent":"leg25","pivot":[5,1.82963,-3.2941],"cubes":[{"origin":[3.5,-0.17037,-6.2941],"size":[4,2,5],"uv":[49,44],"mirror":true}]},{"name":"leg3","parent":"body","pivot":[-5,10.5,9.5],"rotation":[15,0,0],"cubes":[{"origin":[-8,7.27616,6.00344],"size":[3,7,7],"uv":[0,53]},{"origin":[-8.5,4.27616,7.00344],"size":[4,5,5],"uv":[21,57]}]},{"name":"leg35","parent":"leg3","pivot":[-5,4.5,9.5],"rotation":[-15,0,0],"cubes":[{"origin":[-8,1.79555,7.44709],"size":[3,3,4],"uv":[40,60]}]},{"name":"leg38","parent":"leg35","pivot":[-6,1.79555,9.44709],"cubes":[{"origin":[-8.5,-0.20445,4.44709],"size":[4,2,6],"uv":[55,59]}]},{"name":"leg4","parent":"body","pivot":[5,10.5,9.5],"rotation":[15,0,0],"cubes":[{"origin":[5,7.27616,6.00344],"size":[3,7,7],"uv":[0,53],"mirror":true},{"origin":[4.5,4.27616,7.00344],"size":[4,5,5],"uv":[21,57],"mirror":true}]},{"name":"leg45","parent":"leg4","pivot":[5,4.5,9.5],"rotation":[-15,0,0],"cubes":[{"origin":[5,1.79555,7.44709],"size":[3,3,4],"uv":[40,60],"mirror":true}]},{"name":"leg48","parent":"leg45","pivot":[6,1.79555,9.44709],"cubes":[{"origin":[4.5,-0.20445,4.44709],"size":[4,2,6],"uv":[55,59],"mirror":true}]},{"name":"zzz","parent":"body","pivot":[0,10,-20]},{"name":"z2","parent":"zzz","pivot":[7,11,-20],"cubes":[{"origin":[5,9,-20],"size":[4,4,0],"uv":[69,39]}]}]}}