{"format_version":"1.10.0","geometry.hive.hub.npc.animals.deer":{"texturewidth":128,"textureheight":128,"visible_bounds_width":3,"visible_bounds_height":3,"visible_bounds_offset":[0,1.5,0],"bones":[{"name":"root","pivot":[0,0,0]},{"name":"whole","parent":"root","pivot":[0,12,0],"locators":{"lead":[0,22,-10]}},{"name":"body","parent":"whole","pivot":[0,12,0],"cubes":[{"origin":[-5,12,-10],"size":[10,8,20],"uv":[0,0]},{"origin":[-5,14,-12],"size":[10,6,2],"uv":[41,0]}]},{"name":"neck","parent":"body","pivot":[0,20,-9],"rotation":[15,0,0],"cubes":[{"origin":[-2.5,19.17423,-11.62132],"size":[5,6,5],"uv":[0,49]}]},{"name":"head","parent":"neck","pivot":[0,24,-9],"rotation":[-15,0,0],"cubes":[{"origin":[-3,23.51764,-14.06815],"size":[6,6,7],"uv":[0,29]},{"origin":[-2,23.51764,-17.06815],"size":[4,3,3],"uv":[27,36]},{"origin":[-4,28.51764,-10.06815],"size":[1,3,2],"uv":[35,30]},{"origin":[3,28.51764,-10.06815],"size":[1,3,2],"uv":[35,30],"mirror":true},{"origin":[-1,24.51764,-18.06815],"size":[2,2,1],"uv":[27,32]}]},{"name":"rightEye","parent":"head","pivot":[-3.01,25.51764,-11.56815],"cubes":[{"origin":[-3.01,25.51764,-12.06815],"size":[0,2,1],"uv":[0,49]}]},{"name":"leftEye","parent":"head","pivot":[3.01,25.51764,-11.56815],"cubes":[{"origin":[3.01,25.51764,-12.06815],"size":[0,2,1],"uv":[0,49],"mirror":true}]},{"name":"antlers","parent":"head","pivot":[0,23.51764,-10.06815],"cubes":[{"origin":[-2.5,29.51764,-9.56815],"size":[1,3,2],"uv":[0,43]},{"origin":[-2.5,32.51764,-11.56815],"size":[1,1,4],"uv":[7,43]},{"origin":[-2.5,33.51764,-11.56815],"size":[1,1,1],"uv":[18,46]},{"origin":[-3.5,32.51764,-7.56815],"size":[1,3,1],"uv":[23,44]},{"origin":[-4.5,33.51764,-6.56815],"size":[1,2,3],"uv":[28,43]},{"origin":[-4.5,35.51764,-4.56815],"size":[1,4,1],"uv":[42,43]},{"origin":[-4.5,35.51764,-6.56815],"size":[1,2,1],"uv":[37,45]},{"origin":[1.5,29.51764,-9.56815],"size":[1,3,2],"uv":[0,43],"mirror":true},{"origin":[1.5,32.51764,-11.56815],"size":[1,1,4],"uv":[7,43],"mirror":true},{"origin":[1.5,33.51764,-11.56815],"size":[1,1,1],"uv":[18,46],"mirror":true},{"origin":[2.5,32.51764,-7.56815],"size":[1,3,1],"uv":[23,44],"mirror":true},{"origin":[3.5,33.51764,-6.56815],"size":[1,2,3],"uv":[28,43],"mirror":true},{"origin":[3.5,35.51764,-4.56815],"size":[1,4,1],"uv":[42,43],"mirror":true},{"origin":[3.5,35.51764,-6.56815],"size":[1,2,1],"uv":[37,45],"mirror":true}]},{"name":"tail","parent":"body","pivot":[0,18,10],"cubes":[{"origin":[-2,16,10],"size":[4,5,3],"uv":[41,8]},{"origin":[-1.5,17,11],"size":[3,5,3],"uv":[56,8]},{"origin":[-1,22,11],"size":[2,1,2],"uv":[69,13]}]},{"name":"leg1","parent":"whole","pivot":[-5,15,-7],"cubes":[{"origin":[-5.75,10,-9],"size":[4,7,5],"uv":[0,61]},{"origin":[-5.25,7,-9],"size":[3,3,4],"uv":[0,74]}]},{"name":"leg1bot","parent":"leg1","pivot":[-4,7,-8],"cubes":[{"origin":[-5.75,0,-8.5],"size":[4,2,4],"uv":[0,91]},{"origin":[-5.25,2,-8],"size":[3,5,3],"uv":[0,82],"inflate":-0.01}]},{"name":"leg2","parent":"whole","pivot":[5,15,-7],"cubes":[{"origin":[1.75,10,-9],"size":[4,7,5],"uv":[0,61],"mirror":true},{"origin":[2.25,7,-9],"size":[3,3,4],"uv":[0,74],"mirror":true}]},{"name":"leg2bot","parent":"leg2","pivot":[4,7,-8],"cubes":[{"origin":[1.75,0,-8.5],"size":[4,2,4],"uv":[0,91],"mirror":true},{"origin":[2.25,2,-8],"size":[3,5,3],"uv":[0,82],"inflate":-0.01,"mirror":true}]},{"name":"leg3","parent":"whole","pivot":[5,15,6],"cubes":[{"origin":[1.75,10,3],"size":[4,7,6],"uv":[24,60],"mirror":true},{"origin":[2.25,6,5],"size":[3,4,4],"uv":[24,74],"mirror":true}]},{"name":"leg3bot","parent":"leg3","pivot":[4,6,5],"cubes":[{"origin":[2.25,2,5],"size":[3,4,3],"uv":[24,83],"inflate":-0.01,"mirror":true},{"origin":[1.75,0,4.5],"size":[4,2,4],"uv":[0,91],"mirror":true}]},{"name":"leg4","parent":"whole","pivot":[-5,14.75,6],"cubes":[{"origin":[-5.75,10,3],"size":[4,7,6],"uv":[24,60]},{"origin":[-5.25,6,5],"size":[3,4,4],"uv":[24,74]}]},{"name":"leg4bot","parent":"leg4","pivot":[-4,6,5],"cubes":[{"origin":[-5.25,2,5],"size":[3,4,3],"uv":[24,83],"inflate":-0.01},{"origin":[-5.75,0,4.5],"size":[4,2,4],"uv":[0,91]}]}]}}