{"format_version":"1.8.0","minecraft:client_entity":{"description":{"identifier":"hivedrop:powerup","materials":{"default":"entity_alphatest"},"textures":{"chest":"textures/entity/hive/drop/powerups/chest","dragon_egg":"textures/entity/hive/drop/powerups/dragon_egg","lucky_block":"textures/entity/hive/drop/powerups/lucky_block","potion":"textures/entity/hive/drop/powerups/potion","royal_crown":"textures/entity/hive/drop/powerups/royal_crown","gift":"textures/entity/hive/drop/powerups/gift"},"geometry":{"chest":"geometry.hive.drop.powerup.chest","dragon_egg":"geometry.hive.drop.powerup.dragon_egg","lucky_block":"geometry.hive.drop.powerup.lucky_block","potion":"geometry.hive.drop.powerup.potion","royal_crown":"geometry.hive.drop.powerup.royal_crown","gift":"geometry.hive.drop.powerup.gift"},"animations":{"spin":"animation.hive.drop.powerup.spin"},"animation_controllers":[{"spin":"controller.animation.hive.drop.powerup.spin"}],"render_controllers":["controller.render.hive.drop.powerup"]}}}