{"minecraft:geometry":[{"description":{"identifier":"geometry.hive.hub.lny.lantern.bee","texture_width":64,"texture_height":64,"visible_bounds_width":3,"visible_bounds_height":4,"visible_bounds_offset":[0,1,0]},"bones":[{"name":"root","pivot":[0,0,0]},{"name":"lantern","parent":"root","pivot":[0,12,0],"cubes":[{"origin":[-5,5,-8],"size":[10,10,16],"uv":[0,0]},{"origin":[-6,13,-3],"size":[1,0,5],"pivot":[-5,13,-0.5],"rotation":[0,0,25],"uv":[6,28]},{"origin":[5,13,-3],"size":[1,0,5],"pivot":[5,13,-0.5],"rotation":[0,0,-25],"uv":[6,28],"mirror":true},{"origin":[-12,13,-4],"size":[6,0,7],"pivot":[-5,13,-0.5],"rotation":[0,0,25],"uv":[9,27]},{"origin":[6,13,-4],"size":[6,0,7],"pivot":[5,13,-0.5],"rotation":[0,0,-25],"uv":[9,27],"mirror":true},{"origin":[-13,13,-3],"size":[1,0,5],"pivot":[-5,13,-0.5],"rotation":[0,0,25],"uv":[2,28]},{"origin":[12,13,-3],"size":[1,0,5],"pivot":[5,13,-0.5],"rotation":[0,0,-25],"uv":[2,28],"mirror":true},{"origin":[0,7,8],"size":[0,5,1],"uv":[0,44]},{"origin":[0,8,9],"size":[0,3,1],"uv":[3,45]},{"origin":[0,9,10],"size":[0,1,1],"uv":[6,46]},{"origin":[-3,13,-10],"size":[0,4,1],"pivot":[-3,12,-8],"rotation":[0,25,0],"uv":[1,1]},{"origin":[-3,12,-9],"size":[0,1,1],"pivot":[-3,12,-8],"rotation":[0,25,0],"uv":[1,6]},{"origin":[3,13,-10],"size":[0,4,1],"pivot":[3,12,-8],"rotation":[0,-25,0],"uv":[1,1],"mirror":true},{"origin":[3,12,-9],"size":[0,1,1],"pivot":[3,12,-8],"rotation":[0,-25,0],"uv":[1,6],"mirror":true}]}]}],"format_version":"1.12.0"}