{"minecraft:geometry":[{"description":{"identifier":"geometry.hive.hub.lny.lantern.ice_queen","texture_width":64,"texture_height":64,"visible_bounds_width":3,"visible_bounds_height":4,"visible_bounds_offset":[0,1,0]},"bones":[{"name":"root","pivot":[0,0,0]},{"name":"lantern","parent":"root","pivot":[0,11,0],"cubes":[{"origin":[-7,4,-7],"size":[14,14,14],"uv":[0,0]},{"origin":[-8,8,-7],"size":[1,4,0],"pivot":[-7,10,-7],"rotation":[0,15,0],"uv":[5,6]},{"origin":[7,8,-7],"size":[1,4,0],"pivot":[7,10,-7],"rotation":[0,-15,0],"uv":[5,6],"mirror":true},{"origin":[-9,9,-7],"size":[1,3,0],"pivot":[-7,10,-7],"rotation":[0,15,0],"uv":[8,8]},{"origin":[8,9,-7],"size":[1,3,0],"pivot":[7,10,-7],"rotation":[0,-15,0],"uv":[8,8],"mirror":true},{"origin":[-7,4,7],"size":[14,6,3],"uv":[0,29]},{"origin":[-7,18,-6],"size":[14,2,0],"pivot":[0,18,-6],"rotation":[-20,0,0],"uv":[32,29]},{"origin":[-2,20,-6],"size":[4,5,0],"pivot":[0,18,-6],"rotation":[-20,0,0],"uv":[0,0]},{"origin":[4,20,-6],"size":[2,3,0],"pivot":[0,18,-6],"rotation":[-20,0,0],"uv":[0,6],"mirror":true},{"origin":[-6,20,-6],"size":[2,3,0],"pivot":[-10,18,-6],"rotation":[-20,0,0],"uv":[0,6]},{"origin":[-7,14,-7],"size":[14,4,0],"pivot":[0,18,-7],"rotation":[-40,0,0],"uv":[35,35]},{"origin":[-7,13,-7],"size":[13,1,0],"pivot":[0,18,-7],"rotation":[-40,0,0],"uv":[35,39]},{"origin":[-6,12,-7],"size":[7,1,0],"pivot":[0,18,-7],"rotation":[-40,0,0],"uv":[36,40]}]}]}],"format_version":"1.12.0"}