{"minecraft:geometry":[{"description":{"identifier":"geometry.hive.hub.lny.lantern.mailbot","texture_width":64,"texture_height":64,"visible_bounds_width":3,"visible_bounds_height":4,"visible_bounds_offset":[0,1,0]},"bones":[{"name":"root","pivot":[0,0,0]},{"name":"lantern","parent":"root","pivot":[0,11,0],"cubes":[{"origin":[-10.75,0.5,-8.5],"size":[3,5,6],"pivot":[-7.75,10,0],"rotation":[25,0,5],"uv":[36,37]},{"origin":[-10.75,0.5,-2.5],"size":[3,12,5],"pivot":[-7.75,10,0],"rotation":[25,0,5],"uv":[25,25]},{"origin":[-8,8.5,-1.5],"size":[2,3,3],"pivot":[-6,10,0],"rotation":[25,0,0],"uv":[0,0],"mirror":true},{"origin":[-5,6,-7],"size":[10,8,1],"uv":[0,35]},{"origin":[-6,4,-6],"size":[12,12,12],"uv":[0,0]},{"origin":[6,8.5,-1.5],"size":[2,3,3],"pivot":[-6,10,0],"rotation":[25,0,0],"uv":[0,0]},{"origin":[7.75,0.5,-2.5],"size":[3,12,5],"pivot":[5.75,10,0],"rotation":[25,0,-5],"uv":[25,25],"mirror":true},{"origin":[7.75,0.5,-8.5],"size":[3,5,6],"pivot":[5.75,10,0],"rotation":[25,0,-5],"uv":[36,37],"mirror":true},{"origin":[-3,16,-5],"size":[6,1,3],"pivot":[0,17,-1],"rotation":[-10,0,0],"uv":[37,5]},{"origin":[-3,16,-2],"size":[6,3,6],"pivot":[0,17,-1],"rotation":[-10,0,0],"uv":[0,25]},{"origin":[-3,19,-2],"size":[6,1,3],"pivot":[0,17,-1],"rotation":[-10,0,0],"uv":[37,0]}]}]}],"format_version":"1.12.0"}