{"minecraft:geometry":[{"description":{"identifier":"geometry.hive.hub.lny.lantern.moobloom","texture_width":64,"texture_height":64,"visible_bounds_width":3,"visible_bounds_height":4,"visible_bounds_offset":[0,1,0]},"bones":[{"name":"root","pivot":[0,0,0]},{"name":"lantern","parent":"root","pivot":[0,12,0],"cubes":[{"origin":[-5,5,-5],"size":[10,10,10],"uv":[0,4]},{"origin":[-3,5,-7],"size":[6,4,2],"uv":[31,0]},{"origin":[3,12,0],"size":[2,4,3],"pivot":[5,12,1],"rotation":[0,0,60],"uv":[52,17],"mirror":true},{"origin":[-5,12,0],"size":[2,4,3],"pivot":[-5,12,1],"rotation":[0,0,-60],"uv":[52,17]},{"origin":[-4.5,15.5,-1.5],"size":[4,4,0],"pivot":[-2.5,17,-1.5],"rotation":[-35,45,0],"uv":[0,28]},{"origin":[-6,15,-1.5],"size":[7,2,0],"pivot":[-2.5,15,-1.5],"rotation":[0,45,0],"uv":[0,37]},{"origin":[0,15,1.5],"size":[5,2,0],"pivot":[2.5,15,1.5],"rotation":[0,-45,0],"uv":[0,40]},{"origin":[1,15.5,1.5],"size":[3,3,0],"pivot":[2.5,17,1.5],"rotation":[-35,-45,0],"uv":[0,33]},{"origin":[4,7,-3],"size":[1,5,4],"pivot":[5,12,-0.5],"rotation":[0,0,-25],"uv":[41,15],"mirror":true},{"origin":[-5,7,-3],"size":[1,5,4],"pivot":[-5,12,-0.5],"rotation":[0,0,25],"uv":[41,15]}]}]}],"format_version":"1.12.0"}