{"minecraft:geometry":[{"description":{"identifier":"geometry.hive.hub.lny.lantern.ox","texture_width":64,"texture_height":64,"visible_bounds_width":3,"visible_bounds_height":4,"visible_bounds_offset":[0,1,0]},"bones":[{"name":"root","pivot":[0,0,0]},{"name":"lantern","parent":"root","pivot":[0,11,0],"cubes":[{"origin":[-7,4,-7],"size":[14,14,14],"uv":[0,0]},{"origin":[7,14,-2],"size":[7,3,4],"pivot":[7,14,-1],"rotation":[0,0,-25],"uv":[27,29],"mirror":true},{"origin":[-14,14,-2],"size":[7,3,4],"pivot":[-7,14,-1],"rotation":[0,0,25],"uv":[27,29]},{"origin":[12,17,-2],"size":[2,4,4],"pivot":[7,14,-1],"rotation":[0,0,-25],"uv":[0,0],"mirror":true},{"origin":[-14,17,-2],"size":[2,4,4],"pivot":[-7,14,-1],"rotation":[0,0,25],"uv":[0,0]},{"origin":[5,7,-3],"size":[2,7,5],"pivot":[7,14,-1],"rotation":[0,0,-30],"uv":[22,37],"mirror":true},{"origin":[-7,7,-3],"size":[2,7,5],"pivot":[-7,14,-1],"rotation":[0,0,30],"uv":[22,37]},{"origin":[-5,18,-6],"size":[10,3,0],"pivot":[0,18,-6],"rotation":[-40,0,0],"uv":[32,37]},{"origin":[3,21,-6],"size":[2,1,0],"pivot":[0,18,-6],"rotation":[-40,0,0],"uv":[9,9]},{"origin":[-5,21,-6],"size":[2,1,0],"pivot":[-8,18,-6],"rotation":[-40,0,0],"uv":[9,9]},{"origin":[-2,21,-6],"size":[4,2,0],"pivot":[-5,18,-6],"rotation":[-40,0,0],"uv":[0,9]},{"origin":[-5,4,-10],"size":[10,6,3],"uv":[0,29]}]}]}],"format_version":"1.12.0"}