{"minecraft:geometry":[{"description":{"identifier":"geometry.hive.hub.lny.lantern.potter","texture_width":64,"texture_height":64,"visible_bounds_width":3,"visible_bounds_height":4,"visible_bounds_offset":[0,1,0]},"bones":[{"name":"root","pivot":[0,0,0]},{"name":"lantern","parent":"root","pivot":[0,11,0],"cubes":[{"origin":[-4.5,19.89952,-2.875],"size":[4,4,0],"pivot":[-2.5,21.25,-2.5],"rotation":[-30,45,0],"uv":[0,0]},{"origin":[-4,17,-2.5],"size":[3,5,0],"pivot":[-2.5,19.25,-2.5],"rotation":[0,45,0],"uv":[0,5]},{"origin":[-1,19,-2.5],"size":[2,2,0],"pivot":[-2.5,19.25,-2.5],"rotation":[0,45,0],"uv":[0,11]},{"origin":[-6,19,-2.5],"size":[2,2,0],"pivot":[-2.5,19.25,-2.5],"rotation":[0,45,0],"uv":[0,11]},{"origin":[1.75,19.39952,-1.125],"size":[3,3,0],"pivot":[2.75,20.75,-1],"rotation":[-30,-45,0],"uv":[7,7]},{"origin":[2.25,17,-1],"size":[2,4,0],"pivot":[2.75,18.25,-1],"rotation":[0,-45,0],"uv":[9,0]},{"origin":[4.25,18,-1],"size":[2,2,0],"pivot":[2.75,18.25,-1],"rotation":[0,-45,0],"uv":[0,11]},{"origin":[0.25,18,-1],"size":[2,2,0],"pivot":[2.75,18.25,-1],"rotation":[0,-45,0],"uv":[0,11]},{"origin":[-7,12,-7],"size":[14,5,14],"uv":[0,0]},{"origin":[-6,4,-6],"size":[12,8,12],"uv":[0,20]}]}]}],"format_version":"1.12.0"}