{"minecraft:geometry":[{"description":{"identifier":"geometry.hive.hub.lny.lantern.red","texture_width":64,"texture_height":64,"visible_bounds_width":2,"visible_bounds_height":3,"visible_bounds_offset":[0,0.5,0]},"bones":[{"name":"bone","pivot":[0,0,0],"cubes":[{"origin":[-3.5,3,-3.5],"size":[7,2,7],"uv":[0,30]},{"origin":[-3.5,0,-3.5],"size":[1,3,0],"uv":[0,43]},{"origin":[-3.5,0,2.5],"size":[0,3,1],"uv":[0,42]},{"origin":[2.5,0,3.5],"size":[1,3,0],"uv":[0,43]},{"origin":[3.5,0,-3.5],"size":[0,3,1],"uv":[0,42]},{"origin":[-1.5,0,-3.5],"size":[1,3,0],"uv":[0,43]},{"origin":[-3.5,0,0.5],"size":[0,3,1],"uv":[0,42]},{"origin":[0.5,0,3.5],"size":[1,3,0],"uv":[0,43]},{"origin":[3.5,0,-1.5],"size":[0,3,1],"uv":[0,42]},{"origin":[0.5,0,-3.5],"size":[1,3,0],"uv":[0,43]},{"origin":[-3.5,0,-1.5],"size":[0,3,1],"uv":[0,42]},{"origin":[-1.5,0,3.5],"size":[1,3,0],"uv":[0,43]},{"origin":[3.5,0,0.5],"size":[0,3,1],"uv":[0,42]},{"origin":[2.5,0,-3.5],"size":[1,3,0],"uv":[0,43]},{"origin":[-3.5,0,-3.5],"size":[0,3,1],"uv":[0,42]},{"origin":[-3.5,0,3.5],"size":[1,3,0],"uv":[0,43]},{"origin":[3.5,0,2.5],"size":[0,3,1],"uv":[0,42]},{"origin":[-6,5,-6],"size":[12,10,12],"uv":[0,0]},{"origin":[-3,15,-3],"size":[6,2,6],"uv":[0,22]}]}]}],"format_version":"1.12.0"}