{"minecraft:geometry":[{"description":{"identifier":"geometry.hive.hub.lny.lantern.tall","texture_width":64,"texture_height":64,"visible_bounds_width":3,"visible_bounds_height":3,"visible_bounds_offset":[0,0.5,0]},"bones":[{"name":"root","pivot":[0,0,0]},{"name":"waist","parent":"root","pivot":[0,12,0],"cubes":[{"origin":[-5,0,-5],"size":[10,18,10],"uv":[0,0]},{"origin":[5,1,-5],"size":[0,2,1],"pivot":[5,2,-5],"rotation":[0,135,0],"uv":[1,29]},{"origin":[-5,1,4],"size":[0,2,1],"pivot":[-5,2,5],"rotation":[0,135,0],"uv":[1,29],"mirror":true},{"origin":[5,3,-3],"size":[0,2,2],"pivot":[5,2,-5],"rotation":[0,135,0],"uv":[1,31]},{"origin":[-5,3,1],"size":[0,2,2],"pivot":[-5,2,5],"rotation":[0,135,0],"uv":[1,31],"mirror":true},{"origin":[5,7,-4],"size":[0,1,1],"pivot":[5,2,-5],"rotation":[0,135,0],"uv":[1,35]},{"origin":[-5,7,3],"size":[0,1,1],"pivot":[-5,2,5],"rotation":[0,135,0],"uv":[1,35],"mirror":true},{"origin":[5,11,-2],"size":[0,1,1],"pivot":[5,2,-5],"rotation":[0,135,0],"uv":[1,37]},{"origin":[-5,11,1],"size":[0,1,1],"pivot":[-5,2,5],"rotation":[0,135,0],"uv":[1,37],"mirror":true},{"origin":[-1,-1,-1],"size":[2,2,2],"uv":[0,0]},{"origin":[0,1,-4],"size":[0,11,8],"pivot":[0,6.5,0],"rotation":[0,135,0],"uv":[0,26]}]}]}],"format_version":"1.12.0"}