{"format_version":"1.8.0","minecraft:client_entity":{"description":{"identifier":"hivehub:game_bridge","materials":{"default":"entity_alphatest"},"textures":{"female":"textures/entity/hive/hub/game/bridge/female","male":"textures/entity/hive/hub/game/bridge/male"},"geometry":{"female":"geometry.hive.hub.game.bridge","male":"geometry.hive.hub.game.bridge"},"animations":{"idle":"animation.hive.hub.game.bridge.idle"},"particle_effects":{"idle":"hivehub:game_bridge"},"animation_controllers":[{"default":"controller.animation.hive.hub.game.idle.particle"}],"render_controllers":["controller.render.hive.hub.game.male.female"]}}}