{"format_version":"1.8.0","minecraft:client_entity":{"description":{"identifier":"hivehub:game_build","materials":{"default":"entity_alphatest"},"textures":{"female":"textures/entity/hive/hub/game/build/female","male":"textures/entity/hive/hub/game/build/male"},"geometry":{"female":"geometry.hive.hub.game.build.female","male":"geometry.hive.hub.game.build.male"},"animations":{"idle":"animation.hive.hub.game.build.idle"},"particle_effects":{"idle":"hivehub:game_build"},"animation_controllers":[{"default":"controller.animation.hive.hub.game.idle.particle"}],"render_controllers":["controller.render.hive.hub.game.male.female"]}}}