{"format_version":"1.8.0","minecraft:client_entity":{"description":{"identifier":"hivehub:game_ctf","materials":{"default":"entity_alphatest"},"textures":{"female":"textures/entity/hive/hub/game/ctf/female","male":"textures/entity/hive/hub/game/ctf/male"},"geometry":{"female":"geometry.hive.hub.game.ctf.female","male":"geometry.hive.hub.game.ctf.male"},"animations":{"idle":"animation.hive.hub.game.ctf.idle"},"particle_effects":{"idle":"hivehub:game_ctf"},"animation_controllers":[{"default":"controller.animation.hive.hub.game.idle.particle"}],"render_controllers":["controller.render.hive.hub.game.male.female"]}}}