{"format_version":"1.8.0","minecraft:client_entity":{"description":{"identifier":"hivehub:game_ground","materials":{"default":"entity_alphatest"},"textures":{"default":"textures/entity/hive/hub/game/ground"},"geometry":{"default":"geometry.hive.hub.game.ground"},"animations":{"idle":"animation.hive.hub.game.ground.idle"},"particle_effects":{"idle":"hivehub:game_ground"},"animation_controllers":[{"default":"controller.animation.hive.hub.game.idle.particle"}],"render_controllers":["controller.render.default"]}}}