{"format_version":"1.8.0","minecraft:client_entity":{"description":{"identifier":"hivehub:game_kits","materials":{"default":"entity_alphatest"},"textures":{"default":"textures/entity/hive/hub/game/kits"},"geometry":{"default":"geometry.hive.hub.game.kits"},"animations":{"idle":"animation.hive.hub.game.kits.idle"},"particle_effects":{"idle":"hivehub:game_kits"},"animation_controllers":[{"default":"controller.animation.hive.hub.game.idle.particle"}],"render_controllers":["controller.render.default"]}}}