{"format_version":"1.8.0","minecraft:client_entity":{"description":{"identifier":"hivehub:game_murder","materials":{"default":"entity_alphatest","glass":"slime_outer"},"textures":{"default":"textures/entity/hive/hub/game/murder"},"geometry":{"default":"geometry.hive.hub.game.murder"},"animations":{"idle":"animation.hive.hub.game.murder.idle"},"particle_effects":{"idle":"hivehub:game_murder"},"animation_controllers":[{"default":"controller.animation.hive.hub.game.idle.particle"}],"render_controllers":["controller.render.hive.hub.game.murder"]}}}