{"format_version":"1.8.0","minecraft:client_entity":{"description":{"identifier":"hivehub:game_party","materials":{"default":"entity_alphatest"},"textures":{"default":"textures/entity/hive/hub/game/party"},"geometry":{"default":"geometry.hive.hub.game.party"},"animations":{"idle":"animation.hive.hub.game.party.idle"},"particle_effects":{"idle":"hivehub:game_party"},"animation_controllers":[{"default":"controller.animation.hive.hub.game.idle.particle"}],"render_controllers":["controller.render.default"]}}}