{"format_version":"1.10.0","particle_effect":{"description":{"identifier":"hivepets:pirate_parrot_crumbs","basic_render_parameters":{"material":"particles_alpha","texture":"textures/particle/particles"}},"components":{"minecraft:emitter_rate_steady":{"spawn_rate":15,"max_particles":100},"minecraft:emitter_lifetime_once":{"active_time":1},"minecraft:emitter_shape_sphere":{"radius":0.05,"surface_only":true,"direction":"outwards"},"minecraft:particle_lifetime_expression":{"max_lifetime":3},"minecraft:particle_initial_speed":0.5,"minecraft:particle_motion_dynamic":{"linear_acceleration":[0,-4,0],"linear_drag_coefficient":4},"minecraft:particle_appearance_billboard":{"size":["(1-(variable.particle_age/variable.particle_lifetime))*0.05","(1-(variable.particle_age/variable.particle_lifetime))*0.05"],"facing_camera_mode":"rotate_xyz","uv":{"texture_width":128,"texture_height":128,"uv":[0,"8 * 10"],"uv_size":[8,8]}},"minecraft:particle_appearance_lighting":{},"minecraft:particle_appearance_tinting":{"color":{"interpolant":"variable.particle_age","gradient":{"0.0":"#FFFFF2CA","1.0":"#FFDCB329"}}}}}}