{"format_version":"1.10.0","particle_effect":{"description":{"identifier":"hivepets:pirate_parrot_sploosh","basic_render_parameters":{"material":"particles_alpha","texture":"textures/particle/particles"}},"components":{"minecraft:emitter_rate_instant":{"num_particles":30},"minecraft:emitter_lifetime_once":{"active_time":1},"minecraft:emitter_shape_sphere":{"radius":0.3,"direction":["math.random(-0.3, 0.3)",1,"math.random(-0.3, 0.3)"]},"minecraft:particle_lifetime_expression":{"max_lifetime":3},"minecraft:particle_initial_spin":{"rotation_rate":"math.random(-120,120)"},"minecraft:particle_initial_speed":6,"minecraft:particle_motion_dynamic":{"linear_acceleration":[0,-4,0],"linear_drag_coefficient":2},"minecraft:particle_appearance_billboard":{"size":["(1-(variable.particle_age/variable.particle_lifetime))*0.1","(1-(variable.particle_age/variable.particle_lifetime))*0.1"],"facing_camera_mode":"rotate_xyz","uv":{"texture_width":128,"texture_height":128,"uv":[0,"8 * 10"],"uv_size":[8,8]}},"minecraft:particle_motion_collision":{"enabled":"variable.particle_age \u003e 1","collision_radius":0.1},"minecraft:particle_appearance_tinting":{"color":{"interpolant":"variable.particle_age","gradient":{"0.0":"#FF008CFF","1.0":"#FF3930AF"}}}}}}