{"format_version":"1.8.0","minecraft:client_entity":{"description":{"identifier":"hivehub:npc_animals_deer","materials":{"default":"entity_alphatest"},"textures":{"default":"textures/entity/hive/hub/npc/animals/deer"},"geometry":{"default":"geometry.hive.hub.npc.animals.deer"},"scripts":{"pre_animation":["variable.idleRandom \u003d math.random_integer(0, 2000);"]},"animations":{"idle":"animation.hive.hub.npc.animals.deer.idle","blink":"animation.hive.hub.npc.animals.deer.blink","sniff":"animation.hive.hub.npc.animals.deer.sniff"},"animation_controllers":[{"idle":"controller.animation.hive.hub.npc.animals.deer.idle"},{"idle2":"controller.animation.hive.hub.npc.animals.deer.idle2"}],"render_controllers":["controller.render.default"]}}}