{"format_version":"1.8.0","animations":{"animation.hive.territory.powerup.blindness.projectile.idle":{"loop":true,"animation_length":5.52,"bones":{"explosiveegg":{"rotation":{"1.08":[0,0,0],"1.2":[0,-3,0],"1.96":[0,-3,0],"2.08":[2.5,-3,0],"2.76":[2.5,-3,0],"2.88":[3.5,3,0],"3.88":[3.5,3,0],"4.04":[0,1,0],"5.32":[0,1,0],"5.44":[0,0,0]},"scale":{"1.08":[1,1,1],"1.16":[1,0.915,1],"1.24":[1,1.0175,1],"1.32":[1,1,1],"2.76":[1,1,1],"2.84":[1,0.915,1],"2.92":[1,1.0175,1],"3.0":[1,1,1],"5.28":[1,1,1],"5.36":[1,0.915,1],"5.44":[1,1.0175,1],"5.52":[1,1,1]}},"pupil":{"position":{"1.08":[0,0,0],"1.2":[0.75,0.7,0],"1.96":[0.75,0.7,0],"2.08":[1.075,0.5,0],"2.76":[1.08,0.5,0],"2.88":[-1.445,-0.8,0],"3.0":[-1.35,-0.725,0],"3.88":[-1.35,-0.725,0],"4.04":[-0.9,-0.12,0],"5.32":[-0.9,-0.12,0],"5.44":[0,0,0]},"scale":{"1.08":[1,1,1],"1.16":[1,0.44,1],"1.24":[1,1.0175,1],"1.32":[1,1,1],"2.76":[1,1,1],"2.84":[1,0.44,1],"2.92":[1,1.0175,1],"3.0":[1,1,1],"5.28":[1,1,1],"5.36":[1,0.44,1],"5.44":[1,1.0175,1],"5.52":[1,1,1]}},"shine":{"position":{"1.08":[0,0,0],"1.2":[0.975,0,0],"1.96":[0.98,0,0],"2.08":[0.98,0.225,0],"2.76":[0.98,0.23,0],"2.88":[-1.77,-0.02,0],"3.0":[-1.82,-0.02,0],"3.88":[-1.82,-0.02,0],"4.04":[-1.445,0.455,0],"5.32":[-1.45,0.46,0],"5.44":[0,0,0]}}}},"animation.hive.territory.powerup.blindness.projectile.spawn":{"animation_length":1,"bones":{"root":{"rotation":{"0.0":[0,180,0],"0.6":[0,360,0]},"position":{"0.0":[0,-7,0],"0.04":[0,-5.25,0],"0.16":[0,6.25,0],"0.28":[0,8,0],"0.44":[0,8.435,0],"0.52":[0,6.25,0],"0.6":[0,-1.25,0],"0.76":[0,-0.175,0],"0.96":[0,0,0]},"scale":{"0.0":[0.1,0.1,0.1],"0.32":[1,1,1]}},"pupil":{"position":{"0.44":[0,0,0],"0.56":[0,0.75,0],"0.64":[0,-0.75,0],"0.84":[0,0.125,0],"1.0":[0,0,0]}}}}}}