{"format_version":"1.8.0","animations":{"animation.hive.territory.powerup.explosive.projectile.idle":{"loop":true,"animation_length":1.92,"bones":{"explosiveegg":{"scale":{"0.12":[1,1,1],"0.28":[1.0098,0.9907,1.0091],"0.48":[1.0196,0.9814,1.0182],"0.96":[1.1375,0.87,1.1275],"1.44":[1.0262,0.9752,1.0243],"1.64":[1.0098,0.9907,1.0091],"1.8":[1,1,1]}},"mid":{"rotation":{"0.0":[0,0,1.5],"0.12":[0,0,-1.5],"0.24":[0,0,1.5],"0.36":[0,0,-1.5],"0.48":[0,0,1.5],"0.6":[0,0,-1.5],"0.72":[0,0,1.5],"0.84":[0,0,-1.5],"0.96":[0,0,1.5],"1.08":[0,0,-1.5],"1.2":[0,0,1.5],"1.32":[0,0,-1.5],"1.44":[0,0,1.5],"1.56":[0,0,-1.5],"1.68":[0,0,1.5],"1.8":[0,0,-1.5],"1.92":[0,0,1.5]}}}},"animation.hive.territory.powerup.explosive.projectile.spawn":{"animation_length":1,"bones":{"root":{"rotation":{"0.0":[0,180,0],"0.6":[0,360,0]},"position":{"0.0":[0,-7,0],"0.04":[0,-5.25,0],"0.16":[0,6.25,0],"0.28":[0,8,0],"0.44":[0,8.435,0],"0.52":[0,6.25,0],"0.6":[0,-1.25,0],"0.76":[0,-0.175,0],"0.96":[0,0,0]},"scale":{"0.0":[0.1,0.1,0.1],"0.32":[1,1,1]}}}}}}