{"format_version":"1.8.0","animations":{"animation.hive.territory.powerup.knockback.projectile.idle":{"loop":true,"animation_length":4.08,"bones":{"explosiveegg":{"position":{"0.0":[0,0,0],"0.28":[0,-0.15,0],"0.32":[0,-0.65,0],"0.36":[0,-0.48,0],"0.4":[0,-0.98,0],"0.44":[0,-0.81,0],"0.48":[0,-1.32,0],"0.52":[0,-1.15,0],"0.56":[0,-1.82,0],"0.6":[0,-1.65,0],"0.64":[0,-2.33,0],"0.68":[0,-2.16,0],"0.72":[0,-2.67,0],"0.76":[0,-2.4675,0],"0.8":[0,-2.6925,0],"0.84":[0,-2.616,0],"0.88":[0,-2.841,0],"0.92":[0,-2.7645,0],"0.96":[0,-2.994,0],"1.0":[0,-2.9175,0],"1.04":[0,-3.219,0],"1.08":[0,-3.1425,0],"1.12":[0,-3.4485,0],"1.16":[0,-3.372,0],"1.2":[0,-3.6015,0],"1.24":[0,-3.525,0],"1.28":[0,-5.04,0],"1.36":[0,-11.12,0],"1.4":[0,-10.45,0],"1.48":[0,14.225,0],"1.52":[0,14.265,0],"1.6":[0,3.875,0],"1.68":[0,4.25,0],"1.84":[0,4.43,0],"2.48":[0,4.43,0],"2.64":[0,4.32,0],"2.84":[0,4.03,0],"3.36":[0,1.12,0],"3.6":[0,0.37,0],"3.8":[0,0.14,0],"4.08":[0,0,0]},"scale":{"1.24":[1,1,1],"1.28":[1.1,0.92,1.14],"1.36":[1.5,0.6,1.7],"1.4":[1,2,1],"1.48":[1,1,1]}}}},"animation.hive.territory.powerup.knockback.projectile.spawn":{"animation_length":1,"bones":{"root":{"rotation":{"0.0":[0,180,0],"0.6":[0,360,0]},"position":{"0.0":[0,-7,0],"0.04":[0,-5.25,0],"0.16":[0,6.25,0],"0.28":[0,8,0],"0.44":[0,8.435,0],"0.52":[0,6.25,0],"0.6":[0,-1.25,0],"0.76":[0,-0.175,0],"0.96":[0,0,0]},"scale":{"0.0":[0.1,0.1,0.1],"0.32":[1,1,1]}}}},"animation.hive.territory.powerup.knockback.projectile.despawn":{"loop":"hold_on_last_frame","animation_length":0.84,"bones":{"root":{"scale":{"0.0":[1,1,1],"0.04":[0.9744,0.9744,0.9744],"0.24":[0.6585,0.6585,0.6585],"0.32":[0.439,0.439,0.439],"0.4":[0,0,0]}}}}}}