{"namespace":"server_form","long_form@common_dialogs.main_panel_no_buttons":{"size":[260,210]},"custom_form@common_dialogs.main_panel_no_buttons":{"size":[260,210]},"third_party_server_screen@common.base_screen":{"$screen_content":"server_form.hive_main_screen_content","button_mappings":[{"from_button_id":"button.menu_cancel","to_button_id":"button.menu_exit","mapping_type":"global"}]},"hive_main_screen_content":{"type":"panel","size":["100%","100%"],"controls":[{"server_form_factory":{"type":"factory","control_ids":{"long_form":"@server_form.hive_switching_long_form","custom_form":"@server_form.custom_form"}}}]},"hive_switching_long_form":{"type":"panel","$flag_grid":"§m§a","$flag_left_button_panel":"§m§b","$flag_bottom_button_panel":"§m§c","$flag_image_grid":"§m§d","$flag_square_image":"§m§e","size":["100%","100%"],"controls":[{"long_form@long_form":{"enabled":false,"visible":false,"bindings":[{"binding_type":"global","binding_condition":"none","binding_name":"#title_text","binding_name_override":"#title_text"},{"source_property_name":"(((#title_text - $flag_grid) \u003d #title_text) and ((#title_text - $flag_left_button_panel) \u003d #title_text) and ((#title_text - $flag_bottom_button_panel) \u003d #title_text) and ((#title_text - $flag_image_grid) \u003d #title_text) and ((#title_text - $flag_square_image) \u003d #title_text))","binding_type":"view","target_property_name":"#visible"},{"source_property_name":"(((#title_text - $flag_grid) \u003d #title_text) and ((#title_text - $flag_left_button_panel) \u003d #title_text) and ((#title_text - $flag_bottom_button_panel) \u003d #title_text) and ((#title_text - $flag_image_grid) \u003d #title_text) and ((#title_text - $flag_square_image) \u003d #title_text))","binding_type":"view","target_property_name":"#enabled"}]}},{"hive_square_image@hive_square_image_modal.main_panel":{"enabled":false,"visible":false,"bindings":[{"binding_type":"global","binding_condition":"none","binding_name":"#title_text","binding_name_override":"#title_text"},{"source_property_name":"(not ((#title_text - $flag_square_image) \u003d #title_text))","binding_type":"view","target_property_name":"#visible"},{"source_property_name":"(not ((#title_text - $flag_square_image) \u003d #title_text))","binding_type":"view","target_property_name":"#enabled"}]}},{"hive_button_grid@hive_grid_modal.main_panel":{"enabled":false,"visible":false,"bindings":[{"binding_type":"global","binding_condition":"none","binding_name":"#title_text","binding_name_override":"#title_text"},{"source_property_name":"(not ((#title_text - $flag_grid) \u003d #title_text))","binding_type":"view","target_property_name":"#visible"},{"source_property_name":"(not ((#title_text - $flag_grid) \u003d #title_text))","binding_type":"view","target_property_name":"#enabled"}]}},{"hive_button_image_grid@hive_image_grid_modal.main_panel":{"enabled":false,"visible":false,"bindings":[{"binding_type":"global","binding_condition":"none","binding_name":"#title_text","binding_name_override":"#title_text"},{"source_property_name":"(not ((#title_text - $flag_image_grid) \u003d #title_text))","binding_type":"view","target_property_name":"#visible"},{"source_property_name":"(not ((#title_text - $flag_image_grid) \u003d #title_text))","binding_type":"view","target_property_name":"#enabled"}]}},{"hive_left_button_panel@hive_left_button_modal.main_panel":{"enabled":false,"visible":false,"bindings":[{"binding_type":"global","binding_condition":"none","binding_name":"#title_text","binding_name_override":"#title_text"},{"source_property_name":"(not ((#title_text - $flag_left_button_panel) \u003d #title_text))","binding_type":"view","target_property_name":"#visible"},{"source_property_name":"(not ((#title_text - $flag_left_button_panel) \u003d #title_text))","binding_type":"view","target_property_name":"#enabled"}]}},{"hive_bottom_button_panel@hive_bottom_button_modal.main_panel":{"enabled":false,"visible":false,"bindings":[{"binding_type":"global","binding_condition":"none","binding_name":"#title_text","binding_name_override":"#title_text"},{"source_property_name":"(not ((#title_text - $flag_bottom_button_panel) \u003d #title_text))","binding_type":"view","target_property_name":"#visible"},{"source_property_name":"(not ((#title_text - $flag_bottom_button_panel) \u003d #title_text))","binding_type":"view","target_property_name":"#enabled"}]}}]},"hive_close_button@common.close_button":{"$default_button_alpha":1,"anchor_from":"top_right","anchor_to":"top_right","offset":[3,3],"layer":6,"controls":[{"default":{"layer":2,"type":"image","texture":"textures/ui/hive/whitetransparency","color":"black","keep_ratio":false,"size":["100%c","100%c"],"alpha":0.5,"controls":[{"close@common.close_button_panel":{"$close_button_texture":"textures/ui/hive/shop_close_button_default"}}]}},{"hover":{"layer":2,"type":"image","texture":"textures/ui/hive/whitetransparency","keep_ratio":false,"size":["100%c","100%c"],"alpha":0.5,"color":[0.2,0.2,0.2],"controls":[{"close@common.close_button_panel":{"$close_button_texture":"textures/ui/hive/shop_close_button_default"}}]}},{"pressed":{"layer":2,"type":"image","texture":"textures/ui/hive/whitetransparency","keep_ratio":false,"size":["100%c","100%c"],"alpha":0.5,"color":[0.2,0.2,0.2],"controls":[{"close@common.close_button_panel":{"$close_button_texture":"textures/ui/hive/shop_close_button_default"}}]}}]}}